Project Name,Package Name,Type Name,Code Smell
paho.mqtt.java-0.1,org.eclipse.paho.client.mqttv3.internal.traceformat,TestTrace,Unutilized Abstraction
paho.mqtt.java-0.1,org.eclipse.paho.client.mqttv3,MqttCallback,Cyclic-Dependent Modularization
paho.mqtt.java-0.1,org.eclipse.paho.client.mqttv3,MqttException,Deficient Encapsulation
paho.mqtt.java-0.1,org.eclipse.paho.client.mqttv3,MqttException,Cyclic-Dependent Modularization
paho.mqtt.java-0.1,org.eclipse.paho.client.mqttv3,MqttPersistenceException,Deficient Encapsulation
paho.mqtt.java-0.1,org.eclipse.paho.client.mqttv3,MqttPersistenceException,Broken Hierarchy
paho.mqtt.java-0.1,org.eclipse.paho.client.mqttv3,MqttSecurityException,Unutilized Abstraction
paho.mqtt.java-0.1,org.eclipse.paho.client.mqttv3,MqttSecurityException,Broken Hierarchy
paho.mqtt.java-0.1,org.eclipse.paho.client.mqttv3,MqttTopic,Cyclic-Dependent Modularization
paho.mqtt.java-0.1,org.eclipse.paho.client.mqttv3.internal,ClientComms,Cyclic-Dependent Modularization
paho.mqtt.java-0.1,org.eclipse.paho.client.mqttv3.internal,ClientDefaults,Unnecessary Abstraction
paho.mqtt.java-0.1,org.eclipse.paho.client.mqttv3.internal,ClientDefaults,Unutilized Abstraction
paho.mqtt.java-0.1,org.eclipse.paho.client.mqttv3.internal,ClientDefaults,Deficient Encapsulation
paho.mqtt.java-0.1,org.eclipse.paho.client.mqttv3.internal,ClientState,Cyclic-Dependent Modularization
paho.mqtt.java-0.1,org.eclipse.paho.client.mqttv3.internal,ClientState,Insufficient Modularization
paho.mqtt.java-0.1,org.eclipse.paho.client.mqttv3.internal,CommsCallback,Cyclic-Dependent Modularization
paho.mqtt.java-0.1,org.eclipse.paho.client.mqttv3.internal,CommsReceiver,Cyclic-Dependent Modularization
paho.mqtt.java-0.1,org.eclipse.paho.client.mqttv3.internal,CommsSender,Cyclic-Dependent Modularization
paho.mqtt.java-0.1,org.eclipse.paho.client.mqttv3.internal,ExceptionHelper,Cyclic-Dependent Modularization
paho.mqtt.java-0.1,org.eclipse.paho.client.mqttv3.internal,ExceptionListener,Unutilized Abstraction
paho.mqtt.java-0.1,org.eclipse.paho.client.mqttv3.internal,LocalNetworkModule,Unutilized Abstraction
paho.mqtt.java-0.1,org.eclipse.paho.client.mqttv3.internal,MemoryPersistence,Unutilized Abstraction
paho.mqtt.java-0.1,org.eclipse.paho.client.mqttv3.internal,MessageCatalog,Cyclic-Dependent Modularization
paho.mqtt.java-0.1,org.eclipse.paho.client.mqttv3.internal,MqttPersistentData,Unutilized Abstraction
paho.mqtt.java-0.1,org.eclipse.paho.client.mqttv3.internal,ResourceBundleCatalog,Unutilized Abstraction
paho.mqtt.java-0.1,org.eclipse.paho.client.mqttv3.internal,ResourceBundleCatalog,Broken Hierarchy
paho.mqtt.java-0.1,org.eclipse.paho.client.mqttv3.internal,SSLNetworkModule,Unutilized Abstraction
paho.mqtt.java-0.1,org.eclipse.paho.client.mqttv3.internal,TCPNetworkModule,Unutilized Abstraction
paho.mqtt.java-0.1,org.eclipse.paho.client.mqttv3.internal.comms,MqttDirectException,Unutilized Abstraction
paho.mqtt.java-0.1,org.eclipse.paho.client.mqttv3.internal.comms,MqttSSLInitException,Unutilized Abstraction
paho.mqtt.java-0.1,org.eclipse.paho.client.mqttv3.internal.comms,MqttSSLInitException,Broken Hierarchy
paho.mqtt.java-0.1,org.eclipse.paho.client.mqttv3.internal.logging,Logger,Deficient Encapsulation
paho.mqtt.java-0.1,org.eclipse.paho.client.mqttv3.internal.logging,Logger,Insufficient Modularization
paho.mqtt.java-0.1,org.eclipse.paho.client.mqttv3.internal.security,SSLSocketFactoryFactory,Deficient Encapsulation
paho.mqtt.java-0.1,org.eclipse.paho.client.mqttv3.internal.security,SSLSocketFactoryFactory,Insufficient Modularization
paho.mqtt.java-0.1,org.eclipse.paho.client.mqttv3.internal.trace,Trace,Deficient Encapsulation
paho.mqtt.java-0.1,org.eclipse.paho.client.mqttv3.internal.trace,TraceFileDestination,Unutilized Abstraction
paho.mqtt.java-0.1,org.eclipse.paho.client.mqttv3.internal.trace,TracePoint,Deficient Encapsulation
paho.mqtt.java-0.1,org.eclipse.paho.client.mqttv3.internal.wire,MqttAck,Broken Hierarchy
paho.mqtt.java-0.1,org.eclipse.paho.client.mqttv3.internal.wire,MqttConnack,Broken Hierarchy
paho.mqtt.java-0.1,org.eclipse.paho.client.mqttv3.internal.wire,MqttConnect,Cyclic-Dependent Modularization
paho.mqtt.java-0.1,org.eclipse.paho.client.mqttv3.internal.wire,MqttPersistableWireMessage,Unutilized Abstraction
paho.mqtt.java-0.1,org.eclipse.paho.client.mqttv3.internal.wire,MqttPersistableWireMessage,Broken Hierarchy
paho.mqtt.java-0.1,org.eclipse.paho.client.mqttv3.internal.wire,MqttPingReq,Unutilized Abstraction
paho.mqtt.java-0.1,org.eclipse.paho.client.mqttv3.internal.wire,MqttPingResp,Unutilized Abstraction
paho.mqtt.java-0.1,org.eclipse.paho.client.mqttv3.internal.wire,MqttPingResp,Broken Hierarchy
paho.mqtt.java-0.1,org.eclipse.paho.client.mqttv3.internal.wire,MqttPubAck,Unutilized Abstraction
paho.mqtt.java-0.1,org.eclipse.paho.client.mqttv3.internal.wire,MqttPubAck,Broken Hierarchy
paho.mqtt.java-0.1,org.eclipse.paho.client.mqttv3.internal.wire,MqttPubComp,Broken Hierarchy
paho.mqtt.java-0.1,org.eclipse.paho.client.mqttv3.internal.wire,MqttPubRec,Broken Hierarchy
paho.mqtt.java-0.1,org.eclipse.paho.client.mqttv3.internal.wire,MqttPubRel,Unutilized Abstraction
paho.mqtt.java-0.1,org.eclipse.paho.client.mqttv3.internal.wire,MqttPubRel,Broken Hierarchy
paho.mqtt.java-0.1,org.eclipse.paho.client.mqttv3.internal.wire,MqttPublish,Unutilized Abstraction
paho.mqtt.java-0.1,org.eclipse.paho.client.mqttv3.internal.wire,MqttPublish,Deficient Encapsulation
paho.mqtt.java-0.1,org.eclipse.paho.client.mqttv3.internal.wire,MqttReceivedMessage,Unutilized Abstraction
paho.mqtt.java-0.1,org.eclipse.paho.client.mqttv3.internal.wire,MqttSuback,Unutilized Abstraction
paho.mqtt.java-0.1,org.eclipse.paho.client.mqttv3.internal.wire,MqttSuback,Broken Hierarchy
paho.mqtt.java-0.1,org.eclipse.paho.client.mqttv3.internal.wire,MqttUnsubAck,Unutilized Abstraction
paho.mqtt.java-0.1,org.eclipse.paho.client.mqttv3.internal.wire,MqttUnsubAck,Broken Hierarchy
paho.mqtt.java-0.1,org.eclipse.paho.client.mqttv3.internal.wire,MqttWireMessage,Deficient Encapsulation
paho.mqtt.java-0.1,org.eclipse.paho.client.mqttv3.internal.wire,MultiByteInteger,Unutilized Abstraction
paho.mqtt.java-0.1,org.eclipse.paho.client.mqttv3.internal.wire,UnsignedShort,Unutilized Abstraction
