Project Name,Package Name,Type Name,Method Name,Code Smell
paho.mqtt.java-0.1,org.eclipse.paho.client.mqttv3.internal.traceformat,TestTrace,main,Long Statement
paho.mqtt.java-0.1,org.eclipse.paho.client.mqttv3.internal.traceformat,TestTrace,main,Magic Number
paho.mqtt.java-0.1,org.eclipse.paho.client.mqttv3.internal.traceformat,TraceFormatter,main,Complex Conditional
paho.mqtt.java-0.1,org.eclipse.paho.client.mqttv3.internal.traceformat,TraceFormatter,main,Magic Number
paho.mqtt.java-0.1,org.eclipse.paho.client.mqttv3.internal.traceformat,TraceFormatter,main,Magic Number
paho.mqtt.java-0.1,org.eclipse.paho.client.mqttv3.internal.traceformat,TraceFormatter,main,Magic Number
paho.mqtt.java-0.1,org.eclipse.paho.client.mqttv3.internal.traceformat,TraceFormatter,usageAndExit,Long Statement
paho.mqtt.java-0.1,org.eclipse.paho.client.mqttv3.internal.traceformat,TraceFormatter,format,Long Statement
paho.mqtt.java-0.1,org.eclipse.paho.client.mqttv3.internal.traceformat,TraceFormatter,format,Long Statement
paho.mqtt.java-0.1,org.eclipse.paho.client.mqttv3.internal.traceformat,TraceFormatter,format,Long Statement
paho.mqtt.java-0.1,org.eclipse.paho.client.mqttv3.internal.traceformat,TraceFormatter,format,Long Statement
paho.mqtt.java-0.1,org.eclipse.paho.client.mqttv3.internal.traceformat,TraceFormatter,format,Long Statement
paho.mqtt.java-0.1,org.eclipse.paho.client.mqttv3.internal.traceformat,TraceFormatter,format,Long Statement
paho.mqtt.java-0.1,org.eclipse.paho.client.mqttv3.internal.traceformat,TraceFormatter,format,Long Statement
paho.mqtt.java-0.1,org.eclipse.paho.client.mqttv3.internal.traceformat,TraceFormatter,format,Long Statement
paho.mqtt.java-0.1,org.eclipse.paho.client.mqttv3.internal.traceformat,TraceFormatter,format,Long Statement
paho.mqtt.java-0.1,org.eclipse.paho.client.mqttv3.internal.traceformat,TraceFormatter,format,Long Statement
paho.mqtt.java-0.1,org.eclipse.paho.client.mqttv3.internal.traceformat,TraceFormatter,format,Long Statement
paho.mqtt.java-0.1,org.eclipse.paho.client.mqttv3.internal.traceformat,TraceFormatter,read,Magic Number
paho.mqtt.java-0.1,org.eclipse.paho.client.mqttv3.internal.traceformat,TraceFormatter,read,Magic Number
paho.mqtt.java-0.1,org.eclipse.paho.client.mqttv3.internal.traceformat,TraceFormatter,read,Magic Number
paho.mqtt.java-0.1,org.eclipse.paho.client.mqttv3.internal.traceformat,TraceFormatter,read,Magic Number
paho.mqtt.java-0.1,org.eclipse.paho.client.mqttv3.internal.traceformat,TraceFormatter,read,Magic Number
paho.mqtt.java-0.1,org.eclipse.paho.client.mqttv3.internal.traceformat,TracePointExtractor,main,Complex Conditional
paho.mqtt.java-0.1,org.eclipse.paho.client.mqttv3.internal.traceformat,TracePointExtractor,main,Magic Number
paho.mqtt.java-0.1,org.eclipse.paho.client.mqttv3.internal.traceformat,TracePointExtractor,main,Magic Number
paho.mqtt.java-0.1,org.eclipse.paho.client.mqttv3.internal.traceformat,TracePointExtractor,main,Magic Number
paho.mqtt.java-0.1,org.eclipse.paho.client.mqttv3.internal.traceformat,TracePointExtractor,usageAndExit,Long Statement
paho.mqtt.java-0.1,org.eclipse.paho.client.mqttv3.internal.traceformat,TracePointExtractor,parseFile,Magic Number
paho.mqtt.java-0.1,org.eclipse.paho.client.mqttv3.internal.traceformat,TracePointExtractor,parseFile,Magic Number
paho.mqtt.java-0.1,org.eclipse.paho.client.mqttv3,MqttClient,MqttClient,Complex Conditional
paho.mqtt.java-0.1,org.eclipse.paho.client.mqttv3,MqttClient,MqttClient,Magic Number
paho.mqtt.java-0.1,org.eclipse.paho.client.mqttv3,MqttClient,MqttClient,Magic Number
paho.mqtt.java-0.1,org.eclipse.paho.client.mqttv3,MqttClient,createNetworkModule,Complex Method
paho.mqtt.java-0.1,org.eclipse.paho.client.mqttv3,MqttClient,createNetworkModule,Magic Number
paho.mqtt.java-0.1,org.eclipse.paho.client.mqttv3,MqttClient,createNetworkModule,Magic Number
paho.mqtt.java-0.1,org.eclipse.paho.client.mqttv3,MqttClient,createNetworkModule,Magic Number
paho.mqtt.java-0.1,org.eclipse.paho.client.mqttv3,MqttClient,createNetworkModule,Magic Number
paho.mqtt.java-0.1,org.eclipse.paho.client.mqttv3,MqttClient,createNetworkModule,Magic Number
paho.mqtt.java-0.1,org.eclipse.paho.client.mqttv3,MqttClient,createNetworkModule,Missing default
paho.mqtt.java-0.1,org.eclipse.paho.client.mqttv3,MqttClient,connect,Long Statement
paho.mqtt.java-0.1,org.eclipse.paho.client.mqttv3,MqttClient,connect,Long Statement
paho.mqtt.java-0.1,org.eclipse.paho.client.mqttv3,MqttClient,connect,Magic Number
paho.mqtt.java-0.1,org.eclipse.paho.client.mqttv3,MqttClient,disconnect,Magic Number
paho.mqtt.java-0.1,org.eclipse.paho.client.mqttv3,MqttClient,disconnect,Magic Number
paho.mqtt.java-0.1,org.eclipse.paho.client.mqttv3,MqttClient,disconnect,Magic Number
paho.mqtt.java-0.1,org.eclipse.paho.client.mqttv3,MqttClient,subscribe,Magic Number
paho.mqtt.java-0.1,org.eclipse.paho.client.mqttv3,MqttClient,unsubscribe,Magic Number
paho.mqtt.java-0.1,org.eclipse.paho.client.mqttv3,MqttDefaultFilePersistence,open,Complex Method
paho.mqtt.java-0.1,org.eclipse.paho.client.mqttv3,MqttDefaultFilePersistence,restoreBackups,Long Statement
paho.mqtt.java-0.1,org.eclipse.paho.client.mqttv3,MqttMessage,validateQos,Magic Number
paho.mqtt.java-0.1,org.eclipse.paho.client.mqttv3.internal,ClientComms,internalSend,Magic Number
paho.mqtt.java-0.1,org.eclipse.paho.client.mqttv3.internal,ClientComms,internalSend,Magic Number
paho.mqtt.java-0.1,org.eclipse.paho.client.mqttv3.internal,ClientComms,internalSend,Magic Number
paho.mqtt.java-0.1,org.eclipse.paho.client.mqttv3.internal,ClientComms,sendAndWait,Magic Number
paho.mqtt.java-0.1,org.eclipse.paho.client.mqttv3.internal,ClientComms,connect,Magic Number
paho.mqtt.java-0.1,org.eclipse.paho.client.mqttv3.internal,ClientComms,connect,Magic Number
paho.mqtt.java-0.1,org.eclipse.paho.client.mqttv3.internal,ClientComms,connect,Magic Number
paho.mqtt.java-0.1,org.eclipse.paho.client.mqttv3.internal,ClientComms,connect,Magic Number
paho.mqtt.java-0.1,org.eclipse.paho.client.mqttv3.internal,ClientComms,connect,Magic Number
paho.mqtt.java-0.1,org.eclipse.paho.client.mqttv3.internal,ClientComms,connect,Magic Number
paho.mqtt.java-0.1,org.eclipse.paho.client.mqttv3.internal,ClientComms,connect,Magic Number
paho.mqtt.java-0.1,org.eclipse.paho.client.mqttv3.internal,ClientComms,connect,Magic Number
paho.mqtt.java-0.1,org.eclipse.paho.client.mqttv3.internal,ClientComms,shutdownConnection,Empty catch clause
paho.mqtt.java-0.1,org.eclipse.paho.client.mqttv3.internal,ClientComms,shutdownConnection,Empty catch clause
paho.mqtt.java-0.1,org.eclipse.paho.client.mqttv3.internal,ClientComms,shutdownConnection,Empty catch clause
paho.mqtt.java-0.1,org.eclipse.paho.client.mqttv3.internal,ClientComms,shutdownConnection,Empty catch clause
paho.mqtt.java-0.1,org.eclipse.paho.client.mqttv3.internal,ClientComms,shutdownConnection,Magic Number
paho.mqtt.java-0.1,org.eclipse.paho.client.mqttv3.internal,ClientComms,disconnect,Magic Number
paho.mqtt.java-0.1,org.eclipse.paho.client.mqttv3.internal,ClientComms,disconnect,Magic Number
paho.mqtt.java-0.1,org.eclipse.paho.client.mqttv3.internal,ClientState,setKeepAliveSecs,Magic Number
paho.mqtt.java-0.1,org.eclipse.paho.client.mqttv3.internal,ClientState,clearState,Magic Number
paho.mqtt.java-0.1,org.eclipse.paho.client.mqttv3.internal,ClientState,restoreMessage,Magic Number
paho.mqtt.java-0.1,org.eclipse.paho.client.mqttv3.internal,ClientState,restoreMessage,Magic Number
paho.mqtt.java-0.1,org.eclipse.paho.client.mqttv3.internal,ClientState,restoreState,Complex Method
paho.mqtt.java-0.1,org.eclipse.paho.client.mqttv3.internal,ClientState,restoreState,Magic Number
paho.mqtt.java-0.1,org.eclipse.paho.client.mqttv3.internal,ClientState,restoreState,Magic Number
paho.mqtt.java-0.1,org.eclipse.paho.client.mqttv3.internal,ClientState,restoreState,Magic Number
paho.mqtt.java-0.1,org.eclipse.paho.client.mqttv3.internal,ClientState,restoreState,Magic Number
paho.mqtt.java-0.1,org.eclipse.paho.client.mqttv3.internal,ClientState,restoreState,Magic Number
paho.mqtt.java-0.1,org.eclipse.paho.client.mqttv3.internal,ClientState,restoreState,Magic Number
paho.mqtt.java-0.1,org.eclipse.paho.client.mqttv3.internal,ClientState,restoreState,Magic Number
paho.mqtt.java-0.1,org.eclipse.paho.client.mqttv3.internal,ClientState,restoreState,Magic Number
paho.mqtt.java-0.1,org.eclipse.paho.client.mqttv3.internal,ClientState,restoreInflightMessages,Magic Number
paho.mqtt.java-0.1,org.eclipse.paho.client.mqttv3.internal,ClientState,restoreInflightMessages,Magic Number
paho.mqtt.java-0.1,org.eclipse.paho.client.mqttv3.internal,ClientState,restoreInflightMessages,Magic Number
paho.mqtt.java-0.1,org.eclipse.paho.client.mqttv3.internal,ClientState,send,Complex Conditional
paho.mqtt.java-0.1,org.eclipse.paho.client.mqttv3.internal,ClientState,send,Complex Method
paho.mqtt.java-0.1,org.eclipse.paho.client.mqttv3.internal,ClientState,send,Long Statement
paho.mqtt.java-0.1,org.eclipse.paho.client.mqttv3.internal,ClientState,send,Magic Number
paho.mqtt.java-0.1,org.eclipse.paho.client.mqttv3.internal,ClientState,send,Magic Number
paho.mqtt.java-0.1,org.eclipse.paho.client.mqttv3.internal,ClientState,send,Magic Number
paho.mqtt.java-0.1,org.eclipse.paho.client.mqttv3.internal,ClientState,send,Magic Number
paho.mqtt.java-0.1,org.eclipse.paho.client.mqttv3.internal,ClientState,send,Magic Number
paho.mqtt.java-0.1,org.eclipse.paho.client.mqttv3.internal,ClientState,send,Magic Number
paho.mqtt.java-0.1,org.eclipse.paho.client.mqttv3.internal,ClientState,send,Magic Number
paho.mqtt.java-0.1,org.eclipse.paho.client.mqttv3.internal,ClientState,undo,Long Statement
paho.mqtt.java-0.1,org.eclipse.paho.client.mqttv3.internal,ClientState,undo,Magic Number
paho.mqtt.java-0.1,org.eclipse.paho.client.mqttv3.internal,ClientState,checkForActivity,Long Statement
paho.mqtt.java-0.1,org.eclipse.paho.client.mqttv3.internal,ClientState,checkForActivity,Long Statement
paho.mqtt.java-0.1,org.eclipse.paho.client.mqttv3.internal,ClientState,checkForActivity,Long Statement
paho.mqtt.java-0.1,org.eclipse.paho.client.mqttv3.internal,ClientState,checkForActivity,Magic Number
paho.mqtt.java-0.1,org.eclipse.paho.client.mqttv3.internal,ClientState,checkForActivity,Magic Number
paho.mqtt.java-0.1,org.eclipse.paho.client.mqttv3.internal,ClientState,get,Complex Conditional
paho.mqtt.java-0.1,org.eclipse.paho.client.mqttv3.internal,ClientState,get,Complex Method
paho.mqtt.java-0.1,org.eclipse.paho.client.mqttv3.internal,ClientState,get,Empty catch clause
paho.mqtt.java-0.1,org.eclipse.paho.client.mqttv3.internal,ClientState,get,Empty catch clause
paho.mqtt.java-0.1,org.eclipse.paho.client.mqttv3.internal,ClientState,get,Magic Number
paho.mqtt.java-0.1,org.eclipse.paho.client.mqttv3.internal,ClientState,get,Magic Number
paho.mqtt.java-0.1,org.eclipse.paho.client.mqttv3.internal,ClientState,get,Magic Number
paho.mqtt.java-0.1,org.eclipse.paho.client.mqttv3.internal,ClientState,get,Magic Number
paho.mqtt.java-0.1,org.eclipse.paho.client.mqttv3.internal,ClientState,get,Magic Number
paho.mqtt.java-0.1,org.eclipse.paho.client.mqttv3.internal,ClientState,get,Magic Number
paho.mqtt.java-0.1,org.eclipse.paho.client.mqttv3.internal,ClientState,get,Magic Number
paho.mqtt.java-0.1,org.eclipse.paho.client.mqttv3.internal,ClientState,notifySent,Magic Number
paho.mqtt.java-0.1,org.eclipse.paho.client.mqttv3.internal,ClientState,decrementInFlight,Magic Number
paho.mqtt.java-0.1,org.eclipse.paho.client.mqttv3.internal,ClientState,checkQuiesceLock,Complex Conditional
paho.mqtt.java-0.1,org.eclipse.paho.client.mqttv3.internal,ClientState,checkQuiesceLock,Long Statement
paho.mqtt.java-0.1,org.eclipse.paho.client.mqttv3.internal,ClientState,checkQuiesceLock,Magic Number
paho.mqtt.java-0.1,org.eclipse.paho.client.mqttv3.internal,ClientState,notifyReceived,Complex Conditional
paho.mqtt.java-0.1,org.eclipse.paho.client.mqttv3.internal,ClientState,notifyReceived,Complex Method
paho.mqtt.java-0.1,org.eclipse.paho.client.mqttv3.internal,ClientState,notifyReceived,Magic Number
paho.mqtt.java-0.1,org.eclipse.paho.client.mqttv3.internal,ClientState,notifyReceived,Magic Number
paho.mqtt.java-0.1,org.eclipse.paho.client.mqttv3.internal,ClientState,notifyReceived,Magic Number
paho.mqtt.java-0.1,org.eclipse.paho.client.mqttv3.internal,ClientState,notifyReceived,Magic Number
paho.mqtt.java-0.1,org.eclipse.paho.client.mqttv3.internal,ClientState,notifyReceived,Magic Number
paho.mqtt.java-0.1,org.eclipse.paho.client.mqttv3.internal,ClientState,notifyReceived,Magic Number
paho.mqtt.java-0.1,org.eclipse.paho.client.mqttv3.internal,ClientState,connected,Magic Number
paho.mqtt.java-0.1,org.eclipse.paho.client.mqttv3.internal,ClientState,disconnecting,Magic Number
paho.mqtt.java-0.1,org.eclipse.paho.client.mqttv3.internal,ClientState,disconnected,Empty catch clause
paho.mqtt.java-0.1,org.eclipse.paho.client.mqttv3.internal,ClientState,disconnected,Empty catch clause
paho.mqtt.java-0.1,org.eclipse.paho.client.mqttv3.internal,ClientState,disconnected,Magic Number
paho.mqtt.java-0.1,org.eclipse.paho.client.mqttv3.internal,ClientState,disconnected,Magic Number
paho.mqtt.java-0.1,org.eclipse.paho.client.mqttv3.internal,ClientState,disconnected,Magic Number
paho.mqtt.java-0.1,org.eclipse.paho.client.mqttv3.internal,ClientState,getNextMessageId,Magic Number
paho.mqtt.java-0.1,org.eclipse.paho.client.mqttv3.internal,ClientState,cleanUpQueue,Magic Number
paho.mqtt.java-0.1,org.eclipse.paho.client.mqttv3.internal,ClientState,quiesce,Complex Conditional
paho.mqtt.java-0.1,org.eclipse.paho.client.mqttv3.internal,ClientState,quiesce,Empty catch clause
paho.mqtt.java-0.1,org.eclipse.paho.client.mqttv3.internal,ClientState,quiesce,Long Statement
paho.mqtt.java-0.1,org.eclipse.paho.client.mqttv3.internal,ClientState,quiesce,Magic Number
paho.mqtt.java-0.1,org.eclipse.paho.client.mqttv3.internal,ClientState,quiesce,Magic Number
paho.mqtt.java-0.1,org.eclipse.paho.client.mqttv3.internal,ClientState,quiesce,Magic Number
paho.mqtt.java-0.1,org.eclipse.paho.client.mqttv3.internal,ClientState,quiesce,Magic Number
paho.mqtt.java-0.1,org.eclipse.paho.client.mqttv3.internal,ClientState,deliveryComplete,Magic Number
paho.mqtt.java-0.1,org.eclipse.paho.client.mqttv3.internal,ClientState,incrementWaitingTokens,Magic Number
paho.mqtt.java-0.1,org.eclipse.paho.client.mqttv3.internal,ClientState,decrementWaitingTokens,Magic Number
paho.mqtt.java-0.1,org.eclipse.paho.client.mqttv3.internal,CommsCallback,stop,Empty catch clause
paho.mqtt.java-0.1,org.eclipse.paho.client.mqttv3.internal,CommsCallback,stop,Magic Number
paho.mqtt.java-0.1,org.eclipse.paho.client.mqttv3.internal,CommsCallback,stop,Magic Number
paho.mqtt.java-0.1,org.eclipse.paho.client.mqttv3.internal,CommsCallback,stop,Magic Number
paho.mqtt.java-0.1,org.eclipse.paho.client.mqttv3.internal,CommsCallback,stop,Magic Number
paho.mqtt.java-0.1,org.eclipse.paho.client.mqttv3.internal,CommsCallback,run,Complex Method
paho.mqtt.java-0.1,org.eclipse.paho.client.mqttv3.internal,CommsCallback,run,Empty catch clause
paho.mqtt.java-0.1,org.eclipse.paho.client.mqttv3.internal,CommsCallback,run,Magic Number
paho.mqtt.java-0.1,org.eclipse.paho.client.mqttv3.internal,CommsCallback,run,Magic Number
paho.mqtt.java-0.1,org.eclipse.paho.client.mqttv3.internal,CommsCallback,run,Magic Number
paho.mqtt.java-0.1,org.eclipse.paho.client.mqttv3.internal,CommsCallback,run,Magic Number
paho.mqtt.java-0.1,org.eclipse.paho.client.mqttv3.internal,CommsCallback,connectionLost,Magic Number
paho.mqtt.java-0.1,org.eclipse.paho.client.mqttv3.internal,CommsCallback,messageArrived,Empty catch clause
paho.mqtt.java-0.1,org.eclipse.paho.client.mqttv3.internal,CommsCallback,messageArrived,Magic Number
paho.mqtt.java-0.1,org.eclipse.paho.client.mqttv3.internal,CommsCallback,messageArrived,Magic Number
paho.mqtt.java-0.1,org.eclipse.paho.client.mqttv3.internal,CommsCallback,quiesce,Empty catch clause
paho.mqtt.java-0.1,org.eclipse.paho.client.mqttv3.internal,CommsCallback,quiesce,Magic Number
paho.mqtt.java-0.1,org.eclipse.paho.client.mqttv3.internal,CommsCallback,quiesce,Magic Number
paho.mqtt.java-0.1,org.eclipse.paho.client.mqttv3.internal,CommsCallback,handleMessage,Magic Number
paho.mqtt.java-0.1,org.eclipse.paho.client.mqttv3.internal,CommsCallback,handleMessage,Magic Number
paho.mqtt.java-0.1,org.eclipse.paho.client.mqttv3.internal,CommsCallback,handleMessage,Magic Number
paho.mqtt.java-0.1,org.eclipse.paho.client.mqttv3.internal,CommsCallback,deliveryComplete,Magic Number
paho.mqtt.java-0.1,org.eclipse.paho.client.mqttv3.internal,CommsReceiver,CommsReceiver,Long Parameter List
paho.mqtt.java-0.1,org.eclipse.paho.client.mqttv3.internal,CommsReceiver,stop,Empty catch clause
paho.mqtt.java-0.1,org.eclipse.paho.client.mqttv3.internal,CommsReceiver,stop,Magic Number
paho.mqtt.java-0.1,org.eclipse.paho.client.mqttv3.internal,CommsReceiver,stop,Magic Number
paho.mqtt.java-0.1,org.eclipse.paho.client.mqttv3.internal,CommsReceiver,run,Magic Number
paho.mqtt.java-0.1,org.eclipse.paho.client.mqttv3.internal,CommsReceiver,run,Magic Number
paho.mqtt.java-0.1,org.eclipse.paho.client.mqttv3.internal,CommsReceiver,run,Magic Number
paho.mqtt.java-0.1,org.eclipse.paho.client.mqttv3.internal,CommsReceiver,setDisconnecting,Magic Number
paho.mqtt.java-0.1,org.eclipse.paho.client.mqttv3.internal,CommsSender,CommsSender,Long Parameter List
paho.mqtt.java-0.1,org.eclipse.paho.client.mqttv3.internal,CommsSender,stop,Empty catch clause
paho.mqtt.java-0.1,org.eclipse.paho.client.mqttv3.internal,CommsSender,stop,Magic Number
paho.mqtt.java-0.1,org.eclipse.paho.client.mqttv3.internal,CommsSender,stop,Magic Number
paho.mqtt.java-0.1,org.eclipse.paho.client.mqttv3.internal,CommsSender,run,Magic Number
paho.mqtt.java-0.1,org.eclipse.paho.client.mqttv3.internal,CommsSender,run,Magic Number
paho.mqtt.java-0.1,org.eclipse.paho.client.mqttv3.internal,CommsSender,run,Magic Number
paho.mqtt.java-0.1,org.eclipse.paho.client.mqttv3.internal,CommsSender,run,Magic Number
paho.mqtt.java-0.1,org.eclipse.paho.client.mqttv3.internal,CommsTokenStore,removeToken,Magic Number
paho.mqtt.java-0.1,org.eclipse.paho.client.mqttv3.internal,CommsTokenStore,restoreToken,Magic Number
paho.mqtt.java-0.1,org.eclipse.paho.client.mqttv3.internal,CommsTokenStore,restoreToken,Magic Number
paho.mqtt.java-0.1,org.eclipse.paho.client.mqttv3.internal,CommsTokenStore,saveToken,Complex Method
paho.mqtt.java-0.1,org.eclipse.paho.client.mqttv3.internal,CommsTokenStore,saveToken,Magic Number
paho.mqtt.java-0.1,org.eclipse.paho.client.mqttv3.internal,CommsTokenStore,noMoreResponses,Magic Number
paho.mqtt.java-0.1,org.eclipse.paho.client.mqttv3.internal,CommsTokenStore,getOutstandingTokens,Complex Conditional
paho.mqtt.java-0.1,org.eclipse.paho.client.mqttv3.internal,CommsTokenStore,clear,Magic Number
paho.mqtt.java-0.1,org.eclipse.paho.client.mqttv3.internal,ExceptionHelper,createMqttException,Long Statement
paho.mqtt.java-0.1,org.eclipse.paho.client.mqttv3.internal,ExceptionHelper,isClassAvailable,Empty catch clause
paho.mqtt.java-0.1,org.eclipse.paho.client.mqttv3.internal,FileLock,release,Empty catch clause
paho.mqtt.java-0.1,org.eclipse.paho.client.mqttv3.internal,FileLock,release,Empty catch clause
paho.mqtt.java-0.1,org.eclipse.paho.client.mqttv3.internal,LocalNetworkModule,start,Empty catch clause
paho.mqtt.java-0.1,org.eclipse.paho.client.mqttv3.internal,LocalNetworkModule,getInputStream,Empty catch clause
paho.mqtt.java-0.1,org.eclipse.paho.client.mqttv3.internal,LocalNetworkModule,getOutputStream,Empty catch clause
paho.mqtt.java-0.1,org.eclipse.paho.client.mqttv3.internal,LocalNetworkModule,stop,Empty catch clause
paho.mqtt.java-0.1,org.eclipse.paho.client.mqttv3.internal,MqttDeliveryTokenImpl,waitForCompletion,Magic Number
paho.mqtt.java-0.1,org.eclipse.paho.client.mqttv3.internal,MqttDeliveryTokenImpl,waitForResponse,Empty catch clause
paho.mqtt.java-0.1,org.eclipse.paho.client.mqttv3.internal,MqttDeliveryTokenImpl,waitForResponse,Long Statement
paho.mqtt.java-0.1,org.eclipse.paho.client.mqttv3.internal,MqttDeliveryTokenImpl,waitForResponse,Magic Number
paho.mqtt.java-0.1,org.eclipse.paho.client.mqttv3.internal,MqttDeliveryTokenImpl,waitForResponse,Magic Number
paho.mqtt.java-0.1,org.eclipse.paho.client.mqttv3.internal,MqttDeliveryTokenImpl,waitForResponse,Magic Number
paho.mqtt.java-0.1,org.eclipse.paho.client.mqttv3.internal,MqttDeliveryTokenImpl,waitUntilSent,Empty catch clause
paho.mqtt.java-0.1,org.eclipse.paho.client.mqttv3.internal,MqttDeliveryTokenImpl,notifySent,Magic Number
paho.mqtt.java-0.1,org.eclipse.paho.client.mqttv3.internal,MqttDeliveryTokenImpl,notifyReceived,Magic Number
paho.mqtt.java-0.1,org.eclipse.paho.client.mqttv3.internal,MqttDeliveryTokenImpl,notifyException,Magic Number
paho.mqtt.java-0.1,org.eclipse.paho.client.mqttv3.internal,MqttPersistentData,MqttPersistentData,Long Parameter List
paho.mqtt.java-0.1,org.eclipse.paho.client.mqttv3.internal,SSLNetworkModule,setEnabledCiphers,Magic Number
paho.mqtt.java-0.1,org.eclipse.paho.client.mqttv3.internal,SSLNetworkModule,start,Magic Number
paho.mqtt.java-0.1,org.eclipse.paho.client.mqttv3.internal,TCPNetworkModule,start,Magic Number
paho.mqtt.java-0.1,org.eclipse.paho.client.mqttv3.internal.logging,Logger,severe,Long Parameter List
paho.mqtt.java-0.1,org.eclipse.paho.client.mqttv3.internal.logging,Logger,warning,Long Parameter List
paho.mqtt.java-0.1,org.eclipse.paho.client.mqttv3.internal.logging,Logger,info,Long Parameter List
paho.mqtt.java-0.1,org.eclipse.paho.client.mqttv3.internal.logging,Logger,config,Long Parameter List
paho.mqtt.java-0.1,org.eclipse.paho.client.mqttv3.internal.logging,Logger,log,Long Parameter List
paho.mqtt.java-0.1,org.eclipse.paho.client.mqttv3.internal.logging,Logger,trace,Long Parameter List
paho.mqtt.java-0.1,org.eclipse.paho.client.mqttv3.internal.logging,Logger,ffdc,Long Parameter List
paho.mqtt.java-0.1,org.eclipse.paho.client.mqttv3.internal.logging,Logger,ffdc,Long Parameter List
paho.mqtt.java-0.1,org.eclipse.paho.client.mqttv3.internal.security,SSLSocketFactoryFactory,toChar,Magic Number
paho.mqtt.java-0.1,org.eclipse.paho.client.mqttv3.internal.security,SSLSocketFactoryFactory,toChar,Magic Number
paho.mqtt.java-0.1,org.eclipse.paho.client.mqttv3.internal.security,SSLSocketFactoryFactory,toChar,Magic Number
paho.mqtt.java-0.1,org.eclipse.paho.client.mqttv3.internal.security,SSLSocketFactoryFactory,toChar,Magic Number
paho.mqtt.java-0.1,org.eclipse.paho.client.mqttv3.internal.security,SSLSocketFactoryFactory,toByte,Magic Number
paho.mqtt.java-0.1,org.eclipse.paho.client.mqttv3.internal.security,SSLSocketFactoryFactory,toByte,Magic Number
paho.mqtt.java-0.1,org.eclipse.paho.client.mqttv3.internal.security,SSLSocketFactoryFactory,toByte,Magic Number
paho.mqtt.java-0.1,org.eclipse.paho.client.mqttv3.internal.security,SSLSocketFactoryFactory,toByte,Magic Number
paho.mqtt.java-0.1,org.eclipse.paho.client.mqttv3.internal.security,SSLSocketFactoryFactory,obfuscate,Magic Number
paho.mqtt.java-0.1,org.eclipse.paho.client.mqttv3.internal.security,SSLSocketFactoryFactory,deObfuscate,Magic Number
paho.mqtt.java-0.1,org.eclipse.paho.client.mqttv3.internal.security,SSLSocketFactoryFactory,getXPDKeystore,Empty catch clause
paho.mqtt.java-0.1,org.eclipse.paho.client.mqttv3.internal.security,SSLSocketFactoryFactory,getXPDKeystore,Magic Number
paho.mqtt.java-0.1,org.eclipse.paho.client.mqttv3.internal.security,SSLSocketFactoryFactory,getXPDKeystore,Magic Number
paho.mqtt.java-0.1,org.eclipse.paho.client.mqttv3.internal.security,SSLSocketFactoryFactory,getXPDKeystore,Magic Number
paho.mqtt.java-0.1,org.eclipse.paho.client.mqttv3.internal.security,SSLSocketFactoryFactory,getXPDKeystore,Magic Number
paho.mqtt.java-0.1,org.eclipse.paho.client.mqttv3.internal.security,SSLSocketFactoryFactory,getXPDKeystore,Magic Number
paho.mqtt.java-0.1,org.eclipse.paho.client.mqttv3.internal.security,SSLSocketFactoryFactory,getSSLContext,Complex Conditional
paho.mqtt.java-0.1,org.eclipse.paho.client.mqttv3.internal.security,SSLSocketFactoryFactory,getSSLContext,Complex Conditional
paho.mqtt.java-0.1,org.eclipse.paho.client.mqttv3.internal.security,SSLSocketFactoryFactory,getSSLContext,Complex Method
paho.mqtt.java-0.1,org.eclipse.paho.client.mqttv3.internal.security,SSLSocketFactoryFactory,getSSLContext,Long Method
paho.mqtt.java-0.1,org.eclipse.paho.client.mqttv3.internal.security,SSLSocketFactoryFactory,getSSLContext,Long Statement
paho.mqtt.java-0.1,org.eclipse.paho.client.mqttv3.internal.security,SSLSocketFactoryFactory,getSSLContext,Long Statement
paho.mqtt.java-0.1,org.eclipse.paho.client.mqttv3.internal.security,SSLSocketFactoryFactory,getSSLContext,Long Statement
paho.mqtt.java-0.1,org.eclipse.paho.client.mqttv3.internal.security,SSLSocketFactoryFactory,getSSLContext,Long Statement
paho.mqtt.java-0.1,org.eclipse.paho.client.mqttv3.internal.security,SSLSocketFactoryFactory,getSSLContext,Long Statement
paho.mqtt.java-0.1,org.eclipse.paho.client.mqttv3.internal.security,SSLSocketFactoryFactory,getSSLContext,Long Statement
paho.mqtt.java-0.1,org.eclipse.paho.client.mqttv3.internal.security,SSLSocketFactoryFactory,getSSLContext,Long Statement
paho.mqtt.java-0.1,org.eclipse.paho.client.mqttv3.internal.security,SSLSocketFactoryFactory,getSSLContext,Long Statement
paho.mqtt.java-0.1,org.eclipse.paho.client.mqttv3.internal.security,SSLSocketFactoryFactory,getSSLContext,Long Statement
paho.mqtt.java-0.1,org.eclipse.paho.client.mqttv3.internal.security,SSLSocketFactoryFactory,getSSLContext,Long Statement
paho.mqtt.java-0.1,org.eclipse.paho.client.mqttv3.internal.security,SSLSocketFactoryFactory,getSSLContext,Long Statement
paho.mqtt.java-0.1,org.eclipse.paho.client.mqttv3.internal.security,SSLSocketFactoryFactory,getSSLContext,Long Statement
paho.mqtt.java-0.1,org.eclipse.paho.client.mqttv3.internal.security,SSLSocketFactoryFactory,getSSLContext,Magic Number
paho.mqtt.java-0.1,org.eclipse.paho.client.mqttv3.internal.security,SSLSocketFactoryFactory,getSSLContext,Magic Number
paho.mqtt.java-0.1,org.eclipse.paho.client.mqttv3.internal.security,SSLSocketFactoryFactory,getSSLContext,Magic Number
paho.mqtt.java-0.1,org.eclipse.paho.client.mqttv3.internal.security,SSLSocketFactoryFactory,getSSLContext,Magic Number
paho.mqtt.java-0.1,org.eclipse.paho.client.mqttv3.internal.security,SSLSocketFactoryFactory,getSSLContext,Magic Number
paho.mqtt.java-0.1,org.eclipse.paho.client.mqttv3.internal.security,SSLSocketFactoryFactory,getSSLContext,Magic Number
paho.mqtt.java-0.1,org.eclipse.paho.client.mqttv3.internal.security,SSLSocketFactoryFactory,getSSLContext,Magic Number
paho.mqtt.java-0.1,org.eclipse.paho.client.mqttv3.internal.security,SSLSocketFactoryFactory,getSSLContext,Magic Number
paho.mqtt.java-0.1,org.eclipse.paho.client.mqttv3.internal.security,SSLSocketFactoryFactory,getSSLContext,Magic Number
paho.mqtt.java-0.1,org.eclipse.paho.client.mqttv3.internal.security,SSLSocketFactoryFactory,getSSLContext,Magic Number
paho.mqtt.java-0.1,org.eclipse.paho.client.mqttv3.internal.security,SSLSocketFactoryFactory,getSSLContext,Magic Number
paho.mqtt.java-0.1,org.eclipse.paho.client.mqttv3.internal.security,SSLSocketFactoryFactory,getSSLContext,Magic Number
paho.mqtt.java-0.1,org.eclipse.paho.client.mqttv3.internal.security,SSLSocketFactoryFactory,createServerSocketFactory,Long Statement
paho.mqtt.java-0.1,org.eclipse.paho.client.mqttv3.internal.security,SSLSocketFactoryFactory,createServerSocketFactory,Long Statement
paho.mqtt.java-0.1,org.eclipse.paho.client.mqttv3.internal.security,SSLSocketFactoryFactory,createSocketFactory,Long Statement
paho.mqtt.java-0.1,org.eclipse.paho.client.mqttv3.internal.security,SimpleBase64Encoder,encode,Magic Number
paho.mqtt.java-0.1,org.eclipse.paho.client.mqttv3.internal.security,SimpleBase64Encoder,encode,Magic Number
paho.mqtt.java-0.1,org.eclipse.paho.client.mqttv3.internal.security,SimpleBase64Encoder,encode,Magic Number
paho.mqtt.java-0.1,org.eclipse.paho.client.mqttv3.internal.security,SimpleBase64Encoder,encode,Magic Number
paho.mqtt.java-0.1,org.eclipse.paho.client.mqttv3.internal.security,SimpleBase64Encoder,encode,Magic Number
paho.mqtt.java-0.1,org.eclipse.paho.client.mqttv3.internal.security,SimpleBase64Encoder,encode,Magic Number
paho.mqtt.java-0.1,org.eclipse.paho.client.mqttv3.internal.security,SimpleBase64Encoder,encode,Magic Number
paho.mqtt.java-0.1,org.eclipse.paho.client.mqttv3.internal.security,SimpleBase64Encoder,encode,Magic Number
paho.mqtt.java-0.1,org.eclipse.paho.client.mqttv3.internal.security,SimpleBase64Encoder,encode,Magic Number
paho.mqtt.java-0.1,org.eclipse.paho.client.mqttv3.internal.security,SimpleBase64Encoder,encode,Magic Number
paho.mqtt.java-0.1,org.eclipse.paho.client.mqttv3.internal.security,SimpleBase64Encoder,encode,Magic Number
paho.mqtt.java-0.1,org.eclipse.paho.client.mqttv3.internal.security,SimpleBase64Encoder,encode,Magic Number
paho.mqtt.java-0.1,org.eclipse.paho.client.mqttv3.internal.security,SimpleBase64Encoder,encode,Magic Number
paho.mqtt.java-0.1,org.eclipse.paho.client.mqttv3.internal.security,SimpleBase64Encoder,encode,Magic Number
paho.mqtt.java-0.1,org.eclipse.paho.client.mqttv3.internal.security,SimpleBase64Encoder,encode,Magic Number
paho.mqtt.java-0.1,org.eclipse.paho.client.mqttv3.internal.security,SimpleBase64Encoder,encode,Magic Number
paho.mqtt.java-0.1,org.eclipse.paho.client.mqttv3.internal.security,SimpleBase64Encoder,encode,Magic Number
paho.mqtt.java-0.1,org.eclipse.paho.client.mqttv3.internal.security,SimpleBase64Encoder,encode,Magic Number
paho.mqtt.java-0.1,org.eclipse.paho.client.mqttv3.internal.security,SimpleBase64Encoder,encode,Magic Number
paho.mqtt.java-0.1,org.eclipse.paho.client.mqttv3.internal.security,SimpleBase64Encoder,encode,Magic Number
paho.mqtt.java-0.1,org.eclipse.paho.client.mqttv3.internal.security,SimpleBase64Encoder,decode,Magic Number
paho.mqtt.java-0.1,org.eclipse.paho.client.mqttv3.internal.security,SimpleBase64Encoder,decode,Magic Number
paho.mqtt.java-0.1,org.eclipse.paho.client.mqttv3.internal.security,SimpleBase64Encoder,decode,Magic Number
paho.mqtt.java-0.1,org.eclipse.paho.client.mqttv3.internal.security,SimpleBase64Encoder,decode,Magic Number
paho.mqtt.java-0.1,org.eclipse.paho.client.mqttv3.internal.security,SimpleBase64Encoder,decode,Magic Number
paho.mqtt.java-0.1,org.eclipse.paho.client.mqttv3.internal.security,SimpleBase64Encoder,decode,Magic Number
paho.mqtt.java-0.1,org.eclipse.paho.client.mqttv3.internal.security,SimpleBase64Encoder,decode,Magic Number
paho.mqtt.java-0.1,org.eclipse.paho.client.mqttv3.internal.security,SimpleBase64Encoder,decode,Magic Number
paho.mqtt.java-0.1,org.eclipse.paho.client.mqttv3.internal.security,SimpleBase64Encoder,decode,Magic Number
paho.mqtt.java-0.1,org.eclipse.paho.client.mqttv3.internal.security,SimpleBase64Encoder,decode,Magic Number
paho.mqtt.java-0.1,org.eclipse.paho.client.mqttv3.internal.security,SimpleBase64Encoder,decode,Magic Number
paho.mqtt.java-0.1,org.eclipse.paho.client.mqttv3.internal.security,SimpleBase64Encoder,decode,Magic Number
paho.mqtt.java-0.1,org.eclipse.paho.client.mqttv3.internal.security,SimpleBase64Encoder,decode,Magic Number
paho.mqtt.java-0.1,org.eclipse.paho.client.mqttv3.internal.security,SimpleBase64Encoder,decode,Magic Number
paho.mqtt.java-0.1,org.eclipse.paho.client.mqttv3.internal.security,SimpleBase64Encoder,decode,Magic Number
paho.mqtt.java-0.1,org.eclipse.paho.client.mqttv3.internal.security,SimpleBase64Encoder,decode,Magic Number
paho.mqtt.java-0.1,org.eclipse.paho.client.mqttv3.internal.security,SimpleBase64Encoder,decode,Magic Number
paho.mqtt.java-0.1,org.eclipse.paho.client.mqttv3.internal.security,SimpleBase64Encoder,to64,Magic Number
paho.mqtt.java-0.1,org.eclipse.paho.client.mqttv3.internal.security,SimpleBase64Encoder,to64,Magic Number
paho.mqtt.java-0.1,org.eclipse.paho.client.mqttv3.internal.security,SimpleBase64Encoder,from64,Magic Number
paho.mqtt.java-0.1,org.eclipse.paho.client.mqttv3.internal.security,SimpleBase64Encoder,from64,Magic Number
paho.mqtt.java-0.1,org.eclipse.paho.client.mqttv3.internal.security,SimpleBase64Encoder,from64,Magic Number
paho.mqtt.java-0.1,org.eclipse.paho.client.mqttv3.internal.security,SimpleBase64Encoder,from64,Magic Number
paho.mqtt.java-0.1,org.eclipse.paho.client.mqttv3.internal.trace,Trace,getTrace,Empty catch clause
paho.mqtt.java-0.1,org.eclipse.paho.client.mqttv3.internal.trace,Trace,getTrace,Long Statement
paho.mqtt.java-0.1,org.eclipse.paho.client.mqttv3.internal.trace,TraceFileDestination,updateTraceProperties,Long Statement
paho.mqtt.java-0.1,org.eclipse.paho.client.mqttv3.internal.trace,TraceFileDestination,isEnabled,Long Statement
paho.mqtt.java-0.1,org.eclipse.paho.client.mqttv3.internal.trace,TraceFileDestination,initialiseFile,Empty catch clause
paho.mqtt.java-0.1,org.eclipse.paho.client.mqttv3.internal.trace,TraceFileDestination,write,Complex Method
paho.mqtt.java-0.1,org.eclipse.paho.client.mqttv3.internal.trace,TraceFileDestination,write,Magic Number
paho.mqtt.java-0.1,org.eclipse.paho.client.mqttv3.internal.trace,TraceFileDestination,write,Magic Number
paho.mqtt.java-0.1,org.eclipse.paho.client.mqttv3.internal.trace,TracePoint,TracePoint,Long Parameter List
paho.mqtt.java-0.1,org.eclipse.paho.client.mqttv3.internal.wire,MqttConnect,MqttConnect,Long Parameter List
paho.mqtt.java-0.1,org.eclipse.paho.client.mqttv3.internal.wire,MqttConnect,getVariableHeader,Magic Number
paho.mqtt.java-0.1,org.eclipse.paho.client.mqttv3.internal.wire,MqttConnect,getVariableHeader,Magic Number
paho.mqtt.java-0.1,org.eclipse.paho.client.mqttv3.internal.wire,MqttConnect,getVariableHeader,Magic Number
paho.mqtt.java-0.1,org.eclipse.paho.client.mqttv3.internal.wire,MqttConnect,getVariableHeader,Magic Number
paho.mqtt.java-0.1,org.eclipse.paho.client.mqttv3.internal.wire,MqttConnect,getVariableHeader,Magic Number
paho.mqtt.java-0.1,org.eclipse.paho.client.mqttv3.internal.wire,MqttConnect,getVariableHeader,Magic Number
paho.mqtt.java-0.1,org.eclipse.paho.client.mqttv3.internal.wire,MqttConnect,getVariableHeader,Magic Number
paho.mqtt.java-0.1,org.eclipse.paho.client.mqttv3.internal.wire,MqttInputStream,readMqttWireMessage,Magic Number
paho.mqtt.java-0.1,org.eclipse.paho.client.mqttv3.internal.wire,MqttInputStream,readMqttWireMessage,Magic Number
paho.mqtt.java-0.1,org.eclipse.paho.client.mqttv3.internal.wire,MqttPubRel,getMessageInfo,Magic Number
paho.mqtt.java-0.1,org.eclipse.paho.client.mqttv3.internal.wire,MqttPubRel,getMessageInfo,Magic Number
paho.mqtt.java-0.1,org.eclipse.paho.client.mqttv3.internal.wire,MqttPublish,MqttPublish,Magic Number
paho.mqtt.java-0.1,org.eclipse.paho.client.mqttv3.internal.wire,MqttPublish,MqttPublish,Magic Number
paho.mqtt.java-0.1,org.eclipse.paho.client.mqttv3.internal.wire,MqttPublish,MqttPublish,Magic Number
paho.mqtt.java-0.1,org.eclipse.paho.client.mqttv3.internal.wire,MqttPublish,getMessageInfo,Magic Number
paho.mqtt.java-0.1,org.eclipse.paho.client.mqttv3.internal.wire,MqttPublish,getPayloadLength,Empty catch clause
paho.mqtt.java-0.1,org.eclipse.paho.client.mqttv3.internal.wire,MqttSuback,MqttSuback,Magic Number
paho.mqtt.java-0.1,org.eclipse.paho.client.mqttv3.internal.wire,MqttSubscribe,getMessageInfo,Magic Number
paho.mqtt.java-0.1,org.eclipse.paho.client.mqttv3.internal.wire,MqttSubscribe,getMessageInfo,Magic Number
paho.mqtt.java-0.1,org.eclipse.paho.client.mqttv3.internal.wire,MqttUnsubscribe,getMessageInfo,Magic Number
paho.mqtt.java-0.1,org.eclipse.paho.client.mqttv3.internal.wire,MqttUnsubscribe,getMessageInfo,Magic Number
paho.mqtt.java-0.1,org.eclipse.paho.client.mqttv3.internal.wire,MqttWireMessage,getHeader,Magic Number
paho.mqtt.java-0.1,org.eclipse.paho.client.mqttv3.internal.wire,MqttWireMessage,getHeader,Magic Number
paho.mqtt.java-0.1,org.eclipse.paho.client.mqttv3.internal.wire,MqttWireMessage,getHeader,Magic Number
paho.mqtt.java-0.1,org.eclipse.paho.client.mqttv3.internal.wire,MqttWireMessage,createWireMessage,Long Statement
paho.mqtt.java-0.1,org.eclipse.paho.client.mqttv3.internal.wire,MqttWireMessage,createWireMessage,Complex Method
paho.mqtt.java-0.1,org.eclipse.paho.client.mqttv3.internal.wire,MqttWireMessage,createWireMessage,Magic Number
paho.mqtt.java-0.1,org.eclipse.paho.client.mqttv3.internal.wire,MqttWireMessage,createWireMessage,Magic Number
paho.mqtt.java-0.1,org.eclipse.paho.client.mqttv3.internal.wire,MqttWireMessage,encodeMBI,Magic Number
paho.mqtt.java-0.1,org.eclipse.paho.client.mqttv3.internal.wire,MqttWireMessage,encodeMBI,Magic Number
paho.mqtt.java-0.1,org.eclipse.paho.client.mqttv3.internal.wire,MqttWireMessage,encodeMBI,Magic Number
paho.mqtt.java-0.1,org.eclipse.paho.client.mqttv3.internal.wire,MqttWireMessage,encodeMBI,Magic Number
paho.mqtt.java-0.1,org.eclipse.paho.client.mqttv3.internal.wire,MqttWireMessage,readMBI,Magic Number
paho.mqtt.java-0.1,org.eclipse.paho.client.mqttv3.internal.wire,MqttWireMessage,readMBI,Magic Number
paho.mqtt.java-0.1,org.eclipse.paho.client.mqttv3.internal.wire,MqttWireMessage,readMBI,Magic Number
paho.mqtt.java-0.1,org.eclipse.paho.client.mqttv3.internal.wire,MultiByteArrayInputStream,MultiByteArrayInputStream,Long Parameter List
paho.mqtt.java-0.1,org.eclipse.paho.client.mqttv3.internal.wire,MultiByteArrayInputStream,read,Magic Number
paho.mqtt.java-0.1,org.eclipse.paho.sample.mqttv3app,Sample,main,Complex Method
paho.mqtt.java-0.1,org.eclipse.paho.sample.mqttv3app,Sample,main,Long Method
paho.mqtt.java-0.1,org.eclipse.paho.sample.mqttv3app,Sample,main,Magic Number
paho.mqtt.java-0.1,org.eclipse.paho.sample.mqttv3app,Sample,main,Magic Number
paho.mqtt.java-0.1,org.eclipse.paho.sample.mqttv3app,Sample,main,Magic Number
paho.mqtt.java-0.1,org.eclipse.paho.sample.mqttv3app,Sample,main,Magic Number
paho.mqtt.java-0.1,org.eclipse.paho.sample.mqttv3app,Sample,main,Missing default
paho.mqtt.java-0.1,org.eclipse.paho.sample.mqttv3app,Sample,subscribe,Empty catch clause
paho.mqtt.java-0.1,org.eclipse.paho.sample.mqttv3app,Sample,messageArrived,Long Statement
paho.mqtt.java-0.1,org.eclipse.paho.sample.mqttv3app,Sample,printHelp,Long Statement
