Project Name,Package Name,Type Name,MethodName,LOC,CC,PC
paho.mqtt.java-0.1,org.eclipse.paho.client.mqttv3.internal.traceformat,TestTrace,main,22,2,1
paho.mqtt.java-0.1,org.eclipse.paho.client.mqttv3.internal.traceformat,TraceFormatter,main,30,6,1
paho.mqtt.java-0.1,org.eclipse.paho.client.mqttv3.internal.traceformat,TraceFormatter,usageAndExit,6,1,0
paho.mqtt.java-0.1,org.eclipse.paho.client.mqttv3.internal.traceformat,TraceFormatter,TraceFormatter,10,2,2
paho.mqtt.java-0.1,org.eclipse.paho.client.mqttv3.internal.traceformat,TraceFormatter,format,64,5,0
paho.mqtt.java-0.1,org.eclipse.paho.client.mqttv3.internal.traceformat,TraceFormatter,read,31,5,0
paho.mqtt.java-0.1,org.eclipse.paho.client.mqttv3.internal.traceformat,TracePointExtractor,main,29,6,1
paho.mqtt.java-0.1,org.eclipse.paho.client.mqttv3.internal.traceformat,TracePointExtractor,usageAndExit,6,1,0
paho.mqtt.java-0.1,org.eclipse.paho.client.mqttv3.internal.traceformat,TracePointExtractor,TracePointExtractor,6,1,2
paho.mqtt.java-0.1,org.eclipse.paho.client.mqttv3.internal.traceformat,TracePointExtractor,parse,5,1,0
paho.mqtt.java-0.1,org.eclipse.paho.client.mqttv3.internal.traceformat,TracePointExtractor,scanDirectory,13,4,1
paho.mqtt.java-0.1,org.eclipse.paho.client.mqttv3.internal.traceformat,TracePointExtractor,parseFile,25,4,1
paho.mqtt.java-0.1,org.eclipse.paho.client.mqttv3,MqttCallback,connectionLost,0,1,1
paho.mqtt.java-0.1,org.eclipse.paho.client.mqttv3,MqttCallback,messageArrived,0,1,2
paho.mqtt.java-0.1,org.eclipse.paho.client.mqttv3,MqttCallback,deliveryComplete,0,1,1
paho.mqtt.java-0.1,org.eclipse.paho.client.mqttv3,MqttClient,MqttClient,3,1,2
paho.mqtt.java-0.1,org.eclipse.paho.client.mqttv3,MqttClient,MqttClient,18,3,3
paho.mqtt.java-0.1,org.eclipse.paho.client.mqttv3,MqttClient,validateURI,14,4,1
paho.mqtt.java-0.1,org.eclipse.paho.client.mqttv3,MqttClient,createNetworkModule,56,11,2
paho.mqtt.java-0.1,org.eclipse.paho.client.mqttv3,MqttClient,getPort,11,2,2
paho.mqtt.java-0.1,org.eclipse.paho.client.mqttv3,MqttClient,getHostName,8,2,1
paho.mqtt.java-0.1,org.eclipse.paho.client.mqttv3,MqttClient,connect,3,1,0
paho.mqtt.java-0.1,org.eclipse.paho.client.mqttv3,MqttClient,connect,14,4,1
paho.mqtt.java-0.1,org.eclipse.paho.client.mqttv3,MqttClient,disconnect,3,1,0
paho.mqtt.java-0.1,org.eclipse.paho.client.mqttv3,MqttClient,disconnect,11,1,1
paho.mqtt.java-0.1,org.eclipse.paho.client.mqttv3,MqttClient,isConnected,3,1,0
paho.mqtt.java-0.1,org.eclipse.paho.client.mqttv3,MqttClient,getClientId,3,1,0
paho.mqtt.java-0.1,org.eclipse.paho.client.mqttv3,MqttClient,getServerURI,3,1,0
paho.mqtt.java-0.1,org.eclipse.paho.client.mqttv3,MqttClient,getTopic,13,3,1
paho.mqtt.java-0.1,org.eclipse.paho.client.mqttv3,MqttClient,subscribe,3,1,1
paho.mqtt.java-0.1,org.eclipse.paho.client.mqttv3,MqttClient,subscribe,7,2,1
paho.mqtt.java-0.1,org.eclipse.paho.client.mqttv3,MqttClient,subscribe,3,1,2
paho.mqtt.java-0.1,org.eclipse.paho.client.mqttv3,MqttClient,subscribe,17,5,2
paho.mqtt.java-0.1,org.eclipse.paho.client.mqttv3,MqttClient,unsubscribe,3,1,1
paho.mqtt.java-0.1,org.eclipse.paho.client.mqttv3,MqttClient,unsubscribe,14,4,1
paho.mqtt.java-0.1,org.eclipse.paho.client.mqttv3,MqttClient,setCallback,3,1,1
paho.mqtt.java-0.1,org.eclipse.paho.client.mqttv3,MqttClient,generateClientId,3,1,0
paho.mqtt.java-0.1,org.eclipse.paho.client.mqttv3,MqttClient,getPendingDeliveryTokens,3,1,0
paho.mqtt.java-0.1,org.eclipse.paho.client.mqttv3,MqttClientPersistence,open,0,1,2
paho.mqtt.java-0.1,org.eclipse.paho.client.mqttv3,MqttClientPersistence,close,0,1,0
paho.mqtt.java-0.1,org.eclipse.paho.client.mqttv3,MqttClientPersistence,put,0,1,2
paho.mqtt.java-0.1,org.eclipse.paho.client.mqttv3,MqttClientPersistence,get,0,1,1
paho.mqtt.java-0.1,org.eclipse.paho.client.mqttv3,MqttClientPersistence,remove,0,1,1
paho.mqtt.java-0.1,org.eclipse.paho.client.mqttv3,MqttClientPersistence,keys,0,1,0
paho.mqtt.java-0.1,org.eclipse.paho.client.mqttv3,MqttClientPersistence,clear,0,1,0
paho.mqtt.java-0.1,org.eclipse.paho.client.mqttv3,MqttClientPersistence,containsKey,0,1,1
paho.mqtt.java-0.1,org.eclipse.paho.client.mqttv3,MqttConnectOptions,MqttConnectOptions,2,1,0
paho.mqtt.java-0.1,org.eclipse.paho.client.mqttv3,MqttConnectOptions,getPassword,3,1,0
paho.mqtt.java-0.1,org.eclipse.paho.client.mqttv3,MqttConnectOptions,setPassword,3,1,1
paho.mqtt.java-0.1,org.eclipse.paho.client.mqttv3,MqttConnectOptions,getUserName,3,1,0
paho.mqtt.java-0.1,org.eclipse.paho.client.mqttv3,MqttConnectOptions,setUserName,6,2,1
paho.mqtt.java-0.1,org.eclipse.paho.client.mqttv3,MqttConnectOptions,setWill,4,1,4
paho.mqtt.java-0.1,org.eclipse.paho.client.mqttv3,MqttConnectOptions,validateWill,5,2,2
paho.mqtt.java-0.1,org.eclipse.paho.client.mqttv3,MqttConnectOptions,setWill,7,1,4
paho.mqtt.java-0.1,org.eclipse.paho.client.mqttv3,MqttConnectOptions,getKeepAliveInterval,3,1,0
paho.mqtt.java-0.1,org.eclipse.paho.client.mqttv3,MqttConnectOptions,setKeepAliveInterval,3,1,1
paho.mqtt.java-0.1,org.eclipse.paho.client.mqttv3,MqttConnectOptions,getConnectionTimeout,3,1,0
paho.mqtt.java-0.1,org.eclipse.paho.client.mqttv3,MqttConnectOptions,setConnectionTimeout,3,1,1
paho.mqtt.java-0.1,org.eclipse.paho.client.mqttv3,MqttConnectOptions,getSocketFactory,3,1,0
paho.mqtt.java-0.1,org.eclipse.paho.client.mqttv3,MqttConnectOptions,setSocketFactory,3,1,1
paho.mqtt.java-0.1,org.eclipse.paho.client.mqttv3,MqttConnectOptions,getWillDestination,3,1,0
paho.mqtt.java-0.1,org.eclipse.paho.client.mqttv3,MqttConnectOptions,getWillMessage,3,1,0
paho.mqtt.java-0.1,org.eclipse.paho.client.mqttv3,MqttConnectOptions,getSSLProperties,3,1,0
paho.mqtt.java-0.1,org.eclipse.paho.client.mqttv3,MqttConnectOptions,setSSLProperties,3,1,1
paho.mqtt.java-0.1,org.eclipse.paho.client.mqttv3,MqttConnectOptions,isCleanSession,3,1,0
paho.mqtt.java-0.1,org.eclipse.paho.client.mqttv3,MqttConnectOptions,setCleanSession,3,1,1
paho.mqtt.java-0.1,org.eclipse.paho.client.mqttv3,MqttDefaultFilePersistence,accept,3,1,2
paho.mqtt.java-0.1,org.eclipse.paho.client.mqttv3,MqttDefaultFilePersistence,MqttDefaultFilePersistence,3,1,0
paho.mqtt.java-0.1,org.eclipse.paho.client.mqttv3,MqttDefaultFilePersistence,MqttDefaultFilePersistence,3,1,1
paho.mqtt.java-0.1,org.eclipse.paho.client.mqttv3,MqttDefaultFilePersistence,open,41,10,2
paho.mqtt.java-0.1,org.eclipse.paho.client.mqttv3,MqttDefaultFilePersistence,checkIsOpen,5,2,0
paho.mqtt.java-0.1,org.eclipse.paho.client.mqttv3,MqttDefaultFilePersistence,close,14,4,0
paho.mqtt.java-0.1,org.eclipse.paho.client.mqttv3,MqttDefaultFilePersistence,put,36,7,2
paho.mqtt.java-0.1,org.eclipse.paho.client.mqttv3,MqttDefaultFilePersistence,get,20,2,1
paho.mqtt.java-0.1,org.eclipse.paho.client.mqttv3,MqttDefaultFilePersistence,remove,7,2,1
paho.mqtt.java-0.1,org.eclipse.paho.client.mqttv3,MqttDefaultFilePersistence,keys,11,2,0
paho.mqtt.java-0.1,org.eclipse.paho.client.mqttv3,MqttDefaultFilePersistence,getFiles,8,2,0
paho.mqtt.java-0.1,org.eclipse.paho.client.mqttv3,MqttDefaultFilePersistence,isSafeChar,3,1,1
paho.mqtt.java-0.1,org.eclipse.paho.client.mqttv3,MqttDefaultFilePersistence,restoreBackups,16,3,1
paho.mqtt.java-0.1,org.eclipse.paho.client.mqttv3,MqttDefaultFilePersistence,accept,3,1,1
paho.mqtt.java-0.1,org.eclipse.paho.client.mqttv3,MqttDefaultFilePersistence,containsKey,5,1,1
paho.mqtt.java-0.1,org.eclipse.paho.client.mqttv3,MqttDefaultFilePersistence,clear,7,2,0
paho.mqtt.java-0.1,org.eclipse.paho.client.mqttv3,MqttDeliveryToken,waitForCompletion,0,1,0
paho.mqtt.java-0.1,org.eclipse.paho.client.mqttv3,MqttDeliveryToken,waitForCompletion,0,1,1
paho.mqtt.java-0.1,org.eclipse.paho.client.mqttv3,MqttDeliveryToken,isComplete,0,1,0
paho.mqtt.java-0.1,org.eclipse.paho.client.mqttv3,MqttDeliveryToken,getMessage,0,1,0
paho.mqtt.java-0.1,org.eclipse.paho.client.mqttv3,MqttException,MqttException,4,1,1
paho.mqtt.java-0.1,org.eclipse.paho.client.mqttv3,MqttException,MqttException,5,1,1
paho.mqtt.java-0.1,org.eclipse.paho.client.mqttv3,MqttException,MqttException,5,1,2
paho.mqtt.java-0.1,org.eclipse.paho.client.mqttv3,MqttException,getReasonCode,3,1,0
paho.mqtt.java-0.1,org.eclipse.paho.client.mqttv3,MqttException,getCause,3,1,0
paho.mqtt.java-0.1,org.eclipse.paho.client.mqttv3,MqttException,getMessage,3,1,0
paho.mqtt.java-0.1,org.eclipse.paho.client.mqttv3,MqttException,toString,7,2,0
paho.mqtt.java-0.1,org.eclipse.paho.client.mqttv3,MqttMessage,validateQos,5,2,1
paho.mqtt.java-0.1,org.eclipse.paho.client.mqttv3,MqttMessage,MqttMessage,3,1,0
paho.mqtt.java-0.1,org.eclipse.paho.client.mqttv3,MqttMessage,MqttMessage,3,1,1
paho.mqtt.java-0.1,org.eclipse.paho.client.mqttv3,MqttMessage,getPayload,3,1,0
paho.mqtt.java-0.1,org.eclipse.paho.client.mqttv3,MqttMessage,clearPayload,4,1,0
paho.mqtt.java-0.1,org.eclipse.paho.client.mqttv3,MqttMessage,setPayload,4,1,1
paho.mqtt.java-0.1,org.eclipse.paho.client.mqttv3,MqttMessage,isRetained,3,1,0
paho.mqtt.java-0.1,org.eclipse.paho.client.mqttv3,MqttMessage,setRetained,4,1,1
paho.mqtt.java-0.1,org.eclipse.paho.client.mqttv3,MqttMessage,getQos,3,1,0
paho.mqtt.java-0.1,org.eclipse.paho.client.mqttv3,MqttMessage,setQos,5,1,1
paho.mqtt.java-0.1,org.eclipse.paho.client.mqttv3,MqttMessage,toString,3,1,0
paho.mqtt.java-0.1,org.eclipse.paho.client.mqttv3,MqttMessage,setMutable,3,1,1
paho.mqtt.java-0.1,org.eclipse.paho.client.mqttv3,MqttMessage,checkMutable,5,2,0
paho.mqtt.java-0.1,org.eclipse.paho.client.mqttv3,MqttMessage,setDuplicate,3,1,1
paho.mqtt.java-0.1,org.eclipse.paho.client.mqttv3,MqttMessage,isDuplicate,3,1,0
paho.mqtt.java-0.1,org.eclipse.paho.client.mqttv3,MqttPersistable,getHeaderBytes,0,1,0
paho.mqtt.java-0.1,org.eclipse.paho.client.mqttv3,MqttPersistable,getHeaderLength,0,1,0
paho.mqtt.java-0.1,org.eclipse.paho.client.mqttv3,MqttPersistable,getHeaderOffset,0,1,0
paho.mqtt.java-0.1,org.eclipse.paho.client.mqttv3,MqttPersistable,getPayloadBytes,0,1,0
paho.mqtt.java-0.1,org.eclipse.paho.client.mqttv3,MqttPersistable,getPayloadLength,0,1,0
paho.mqtt.java-0.1,org.eclipse.paho.client.mqttv3,MqttPersistable,getPayloadOffset,0,1,0
paho.mqtt.java-0.1,org.eclipse.paho.client.mqttv3,MqttPersistenceException,MqttPersistenceException,3,1,0
paho.mqtt.java-0.1,org.eclipse.paho.client.mqttv3,MqttPersistenceException,MqttPersistenceException,3,1,1
paho.mqtt.java-0.1,org.eclipse.paho.client.mqttv3,MqttPersistenceException,MqttPersistenceException,3,1,1
paho.mqtt.java-0.1,org.eclipse.paho.client.mqttv3,MqttSecurityException,MqttSecurityException,3,1,1
paho.mqtt.java-0.1,org.eclipse.paho.client.mqttv3,MqttSecurityException,MqttSecurityException,3,1,1
paho.mqtt.java-0.1,org.eclipse.paho.client.mqttv3,MqttTopic,MqttTopic,4,1,2
paho.mqtt.java-0.1,org.eclipse.paho.client.mqttv3,MqttTopic,publish,6,1,3
paho.mqtt.java-0.1,org.eclipse.paho.client.mqttv3,MqttTopic,publish,3,1,1
paho.mqtt.java-0.1,org.eclipse.paho.client.mqttv3,MqttTopic,getName,3,1,0
paho.mqtt.java-0.1,org.eclipse.paho.client.mqttv3,MqttTopic,createPublish,3,1,1
paho.mqtt.java-0.1,org.eclipse.paho.client.mqttv3,MqttTopic,toString,3,1,0
paho.mqtt.java-0.1,org.eclipse.paho.client.mqttv3.internal,ClientComms,ClientComms,9,1,3
paho.mqtt.java-0.1,org.eclipse.paho.client.mqttv3.internal,ClientComms,internalSend,30,5,1
paho.mqtt.java-0.1,org.eclipse.paho.client.mqttv3.internal,ClientComms,sendAndWait,3,1,1
paho.mqtt.java-0.1,org.eclipse.paho.client.mqttv3.internal,ClientComms,sendNoWait,3,1,1
paho.mqtt.java-0.1,org.eclipse.paho.client.mqttv3.internal,ClientComms,connect,61,5,4
paho.mqtt.java-0.1,org.eclipse.paho.client.mqttv3.internal,ClientComms,shutdownConnection,41,5,1
paho.mqtt.java-0.1,org.eclipse.paho.client.mqttv3.internal,ClientComms,disconnect,26,3,2
paho.mqtt.java-0.1,org.eclipse.paho.client.mqttv3.internal,ClientComms,isConnected,3,1,0
paho.mqtt.java-0.1,org.eclipse.paho.client.mqttv3.internal,ClientComms,setCallback,3,1,1
paho.mqtt.java-0.1,org.eclipse.paho.client.mqttv3.internal,ClientComms,getTopic,3,1,1
paho.mqtt.java-0.1,org.eclipse.paho.client.mqttv3.internal,ClientComms,setNetworkModule,3,1,1
paho.mqtt.java-0.1,org.eclipse.paho.client.mqttv3.internal,ClientComms,getPendingDeliveryTokens,3,1,0
paho.mqtt.java-0.1,org.eclipse.paho.client.mqttv3.internal,ClientComms,deliveryComplete,3,1,1
paho.mqtt.java-0.1,org.eclipse.paho.client.mqttv3.internal,ClientState,ClientState,16,1,4
paho.mqtt.java-0.1,org.eclipse.paho.client.mqttv3.internal,ClientState,setKeepAliveSecs,3,1,1
paho.mqtt.java-0.1,org.eclipse.paho.client.mqttv3.internal,ClientState,setCleanSession,3,1,1
paho.mqtt.java-0.1,org.eclipse.paho.client.mqttv3.internal,ClientState,getSendPersistenceKey,3,1,1
paho.mqtt.java-0.1,org.eclipse.paho.client.mqttv3.internal,ClientState,getSendConfirmPersistenceKey,3,1,1
paho.mqtt.java-0.1,org.eclipse.paho.client.mqttv3.internal,ClientState,getReceivedPersistenceKey,3,1,1
paho.mqtt.java-0.1,org.eclipse.paho.client.mqttv3.internal,ClientState,clearState,11,1,0
paho.mqtt.java-0.1,org.eclipse.paho.client.mqttv3.internal,ClientState,restoreMessage,19,3,2
paho.mqtt.java-0.1,org.eclipse.paho.client.mqttv3.internal,ClientState,insertInOrder,12,3,2
paho.mqtt.java-0.1,org.eclipse.paho.client.mqttv3.internal,ClientState,reOrder,29,7,1
paho.mqtt.java-0.1,org.eclipse.paho.client.mqttv3.internal,ClientState,restoreState,59,11,0
paho.mqtt.java-0.1,org.eclipse.paho.client.mqttv3.internal,ClientState,restoreInflightMessages,26,5,0
paho.mqtt.java-0.1,org.eclipse.paho.client.mqttv3.internal,ClientState,send,82,20,1
paho.mqtt.java-0.1,org.eclipse.paho.client.mqttv3.internal,ClientState,undo,16,3,1
paho.mqtt.java-0.1,org.eclipse.paho.client.mqttv3.internal,ClientState,checkForActivity,20,5,0
paho.mqtt.java-0.1,org.eclipse.paho.client.mqttv3.internal,ClientState,get,71,17,0
paho.mqtt.java-0.1,org.eclipse.paho.client.mqttv3.internal,ClientState,setKeepAliveInterval,3,1,1
paho.mqtt.java-0.1,org.eclipse.paho.client.mqttv3.internal,ClientState,notifySent,20,5,1
paho.mqtt.java-0.1,org.eclipse.paho.client.mqttv3.internal,ClientState,decrementInFlight,11,3,0
paho.mqtt.java-0.1,org.eclipse.paho.client.mqttv3.internal,ClientState,checkQuiesceLock,12,3,0
paho.mqtt.java-0.1,org.eclipse.paho.client.mqttv3.internal,ClientState,notifyReceived,94,24,1
paho.mqtt.java-0.1,org.eclipse.paho.client.mqttv3.internal,ClientState,connected,4,1,0
paho.mqtt.java-0.1,org.eclipse.paho.client.mqttv3.internal,ClientState,disconnecting,7,1,1
paho.mqtt.java-0.1,org.eclipse.paho.client.mqttv3.internal,ClientState,disconnected,31,4,1
paho.mqtt.java-0.1,org.eclipse.paho.client.mqttv3.internal,ClientState,releaseMessageId,3,1,1
paho.mqtt.java-0.1,org.eclipse.paho.client.mqttv3.internal,ClientState,getNextMessageId,20,5,0
paho.mqtt.java-0.1,org.eclipse.paho.client.mqttv3.internal,ClientState,cleanUpQueue,21,4,1
paho.mqtt.java-0.1,org.eclipse.paho.client.mqttv3.internal,ClientState,quiesce,32,4,1
paho.mqtt.java-0.1,org.eclipse.paho.client.mqttv3.internal,ClientState,deliveryComplete,7,2,1
paho.mqtt.java-0.1,org.eclipse.paho.client.mqttv3.internal,ClientState,incrementWaitingTokens,9,2,0
paho.mqtt.java-0.1,org.eclipse.paho.client.mqttv3.internal,ClientState,decrementWaitingTokens,11,3,0
paho.mqtt.java-0.1,org.eclipse.paho.client.mqttv3.internal,CommsCallback,CommsCallback,6,1,2
paho.mqtt.java-0.1,org.eclipse.paho.client.mqttv3.internal,CommsCallback,start,8,2,0
paho.mqtt.java-0.1,org.eclipse.paho.client.mqttv3.internal,CommsCallback,stop,21,3,0
paho.mqtt.java-0.1,org.eclipse.paho.client.mqttv3.internal,CommsCallback,setCallback,3,1,1
paho.mqtt.java-0.1,org.eclipse.paho.client.mqttv3.internal,CommsCallback,run,49,10,0
paho.mqtt.java-0.1,org.eclipse.paho.client.mqttv3.internal,CommsCallback,connectionLost,6,2,1
paho.mqtt.java-0.1,org.eclipse.paho.client.mqttv3.internal,CommsCallback,messageArrived,21,4,1
paho.mqtt.java-0.1,org.eclipse.paho.client.mqttv3.internal,CommsCallback,quiesce,17,2,0
paho.mqtt.java-0.1,org.eclipse.paho.client.mqttv3.internal,CommsCallback,handleMessage,27,6,1
paho.mqtt.java-0.1,org.eclipse.paho.client.mqttv3.internal,CommsCallback,deliveryComplete,11,3,1
paho.mqtt.java-0.1,org.eclipse.paho.client.mqttv3.internal,CommsCallback,getThread,3,1,0
paho.mqtt.java-0.1,org.eclipse.paho.client.mqttv3.internal,CommsReceiver,CommsReceiver,7,1,5
paho.mqtt.java-0.1,org.eclipse.paho.client.mqttv3.internal,CommsReceiver,start,6,2,0
paho.mqtt.java-0.1,org.eclipse.paho.client.mqttv3.internal,CommsReceiver,stop,14,2,0
paho.mqtt.java-0.1,org.eclipse.paho.client.mqttv3.internal,CommsReceiver,run,45,6,0
paho.mqtt.java-0.1,org.eclipse.paho.client.mqttv3.internal,CommsReceiver,isRunning,3,1,0
paho.mqtt.java-0.1,org.eclipse.paho.client.mqttv3.internal,CommsReceiver,setDisconnecting,4,1,1
paho.mqtt.java-0.1,org.eclipse.paho.client.mqttv3.internal,CommsSender,CommsSender,7,1,5
paho.mqtt.java-0.1,org.eclipse.paho.client.mqttv3.internal,CommsSender,start,6,2,0
paho.mqtt.java-0.1,org.eclipse.paho.client.mqttv3.internal,CommsSender,stop,14,2,0
paho.mqtt.java-0.1,org.eclipse.paho.client.mqttv3.internal,CommsSender,run,52,6,0
paho.mqtt.java-0.1,org.eclipse.paho.client.mqttv3.internal,CommsSender,isRunning,3,1,0
paho.mqtt.java-0.1,org.eclipse.paho.client.mqttv3.internal,CommsTokenStore,CommsTokenStore,7,1,1
paho.mqtt.java-0.1,org.eclipse.paho.client.mqttv3.internal,CommsTokenStore,getToken,19,5,1
paho.mqtt.java-0.1,org.eclipse.paho.client.mqttv3.internal,CommsTokenStore,getTokenForAck,13,3,1
paho.mqtt.java-0.1,org.eclipse.paho.client.mqttv3.internal,CommsTokenStore,removeToken,16,4,1
paho.mqtt.java-0.1,org.eclipse.paho.client.mqttv3.internal,CommsTokenStore,restoreToken,18,4,1
paho.mqtt.java-0.1,org.eclipse.paho.client.mqttv3.internal,CommsTokenStore,saveToken,40,8,1
paho.mqtt.java-0.1,org.eclipse.paho.client.mqttv3.internal,CommsTokenStore,responseReceived,7,2,1
paho.mqtt.java-0.1,org.eclipse.paho.client.mqttv3.internal,CommsTokenStore,noMoreResponses,15,3,1
paho.mqtt.java-0.1,org.eclipse.paho.client.mqttv3.internal,CommsTokenStore,getOutstandingTokens,18,5,0
paho.mqtt.java-0.1,org.eclipse.paho.client.mqttv3.internal,CommsTokenStore,clear,4,1,0
paho.mqtt.java-0.1,org.eclipse.paho.client.mqttv3.internal,DestinationProvider,getTopic,0,1,1
paho.mqtt.java-0.1,org.eclipse.paho.client.mqttv3.internal,ExceptionHelper,createMqttException,8,2,1
paho.mqtt.java-0.1,org.eclipse.paho.client.mqttv3.internal,ExceptionHelper,createMqttException,6,2,1
paho.mqtt.java-0.1,org.eclipse.paho.client.mqttv3.internal,ExceptionHelper,isClassAvailable,10,1,1
paho.mqtt.java-0.1,org.eclipse.paho.client.mqttv3.internal,ExceptionListener,notifyCommsException,0,1,1
paho.mqtt.java-0.1,org.eclipse.paho.client.mqttv3.internal,FileLock,FileLock,21,2,1
paho.mqtt.java-0.1,org.eclipse.paho.client.mqttv3.internal,FileLock,release,17,3,0
paho.mqtt.java-0.1,org.eclipse.paho.client.mqttv3.internal,LocalNetworkModule,LocalNetworkModule,3,1,1
paho.mqtt.java-0.1,org.eclipse.paho.client.mqttv3.internal,LocalNetworkModule,start,15,3,0
paho.mqtt.java-0.1,org.eclipse.paho.client.mqttv3.internal,LocalNetworkModule,getInputStream,10,1,0
paho.mqtt.java-0.1,org.eclipse.paho.client.mqttv3.internal,LocalNetworkModule,getOutputStream,10,1,0
paho.mqtt.java-0.1,org.eclipse.paho.client.mqttv3.internal,LocalNetworkModule,stop,10,2,0
paho.mqtt.java-0.1,org.eclipse.paho.client.mqttv3.internal,MemoryPersistence,close,3,1,0
paho.mqtt.java-0.1,org.eclipse.paho.client.mqttv3.internal,MemoryPersistence,keys,3,1,0
paho.mqtt.java-0.1,org.eclipse.paho.client.mqttv3.internal,MemoryPersistence,get,3,1,1
paho.mqtt.java-0.1,org.eclipse.paho.client.mqttv3.internal,MemoryPersistence,open,3,1,2
paho.mqtt.java-0.1,org.eclipse.paho.client.mqttv3.internal,MemoryPersistence,put,3,1,2
paho.mqtt.java-0.1,org.eclipse.paho.client.mqttv3.internal,MemoryPersistence,remove,3,1,1
paho.mqtt.java-0.1,org.eclipse.paho.client.mqttv3.internal,MemoryPersistence,clear,3,1,0
paho.mqtt.java-0.1,org.eclipse.paho.client.mqttv3.internal,MemoryPersistence,containsKey,3,1,1
paho.mqtt.java-0.1,org.eclipse.paho.client.mqttv3.internal,MessageCatalog,getMessage,21,4,1
paho.mqtt.java-0.1,org.eclipse.paho.client.mqttv3.internal,MessageCatalog,getLocalizedMessage,0,1,1
paho.mqtt.java-0.1,org.eclipse.paho.client.mqttv3.internal,MqttDeliveryTokenImpl,MqttDeliveryTokenImpl,4,1,1
paho.mqtt.java-0.1,org.eclipse.paho.client.mqttv3.internal,MqttDeliveryTokenImpl,MqttDeliveryTokenImpl,5,1,2
paho.mqtt.java-0.1,org.eclipse.paho.client.mqttv3.internal,MqttDeliveryTokenImpl,waitForCompletion,9,3,1
paho.mqtt.java-0.1,org.eclipse.paho.client.mqttv3.internal,MqttDeliveryTokenImpl,waitForCompletion,3,1,0
paho.mqtt.java-0.1,org.eclipse.paho.client.mqttv3.internal,MqttDeliveryTokenImpl,waitForResponse,3,1,0
paho.mqtt.java-0.1,org.eclipse.paho.client.mqttv3.internal,MqttDeliveryTokenImpl,waitForResponse,32,7,1
paho.mqtt.java-0.1,org.eclipse.paho.client.mqttv3.internal,MqttDeliveryTokenImpl,waitUntilSent,24,5,0
paho.mqtt.java-0.1,org.eclipse.paho.client.mqttv3.internal,MqttDeliveryTokenImpl,notifySent,11,1,0
paho.mqtt.java-0.1,org.eclipse.paho.client.mqttv3.internal,MqttDeliveryTokenImpl,notifyReceived,11,2,1
paho.mqtt.java-0.1,org.eclipse.paho.client.mqttv3.internal,MqttDeliveryTokenImpl,notifyException,10,1,1
paho.mqtt.java-0.1,org.eclipse.paho.client.mqttv3.internal,MqttDeliveryTokenImpl,getMessage,3,1,0
paho.mqtt.java-0.1,org.eclipse.paho.client.mqttv3.internal,MqttDeliveryTokenImpl,isComplete,3,1,0
paho.mqtt.java-0.1,org.eclipse.paho.client.mqttv3.internal,MqttDeliveryTokenImpl,getMessageId,3,1,0
paho.mqtt.java-0.1,org.eclipse.paho.client.mqttv3.internal,MqttPersistentData,MqttPersistentData,9,1,7
paho.mqtt.java-0.1,org.eclipse.paho.client.mqttv3.internal,MqttPersistentData,getKey,3,1,0
paho.mqtt.java-0.1,org.eclipse.paho.client.mqttv3.internal,MqttPersistentData,getHeaderBytes,3,1,0
paho.mqtt.java-0.1,org.eclipse.paho.client.mqttv3.internal,MqttPersistentData,getHeaderLength,3,1,0
paho.mqtt.java-0.1,org.eclipse.paho.client.mqttv3.internal,MqttPersistentData,getHeaderOffset,3,1,0
paho.mqtt.java-0.1,org.eclipse.paho.client.mqttv3.internal,MqttPersistentData,getPayloadBytes,3,1,0
paho.mqtt.java-0.1,org.eclipse.paho.client.mqttv3.internal,MqttPersistentData,getPayloadLength,8,2,0
paho.mqtt.java-0.1,org.eclipse.paho.client.mqttv3.internal,MqttPersistentData,getPayloadOffset,3,1,0
paho.mqtt.java-0.1,org.eclipse.paho.client.mqttv3.internal,NetworkModule,start,0,1,0
paho.mqtt.java-0.1,org.eclipse.paho.client.mqttv3.internal,NetworkModule,getInputStream,0,1,0
paho.mqtt.java-0.1,org.eclipse.paho.client.mqttv3.internal,NetworkModule,getOutputStream,0,1,0
paho.mqtt.java-0.1,org.eclipse.paho.client.mqttv3.internal,NetworkModule,stop,0,1,0
paho.mqtt.java-0.1,org.eclipse.paho.client.mqttv3.internal,ResourceBundleCatalog,ResourceBundleCatalog,3,1,0
paho.mqtt.java-0.1,org.eclipse.paho.client.mqttv3.internal,ResourceBundleCatalog,getLocalizedMessage,8,1,1
paho.mqtt.java-0.1,org.eclipse.paho.client.mqttv3.internal,SSLNetworkModule,SSLNetworkModule,3,1,4
paho.mqtt.java-0.1,org.eclipse.paho.client.mqttv3.internal,SSLNetworkModule,getEnabledCiphers,3,1,0
paho.mqtt.java-0.1,org.eclipse.paho.client.mqttv3.internal,SSLNetworkModule,setEnabledCiphers,16,5,1
paho.mqtt.java-0.1,org.eclipse.paho.client.mqttv3.internal,SSLNetworkModule,setSSLhandshakeTimeout,3,1,1
paho.mqtt.java-0.1,org.eclipse.paho.client.mqttv3.internal,SSLNetworkModule,start,10,2,0
paho.mqtt.java-0.1,org.eclipse.paho.client.mqttv3.internal,TCPNetworkModule,TCPNetworkModule,6,1,4
paho.mqtt.java-0.1,org.eclipse.paho.client.mqttv3.internal,TCPNetworkModule,start,9,1,0
paho.mqtt.java-0.1,org.eclipse.paho.client.mqttv3.internal,TCPNetworkModule,getInputStream,3,1,0
paho.mqtt.java-0.1,org.eclipse.paho.client.mqttv3.internal,TCPNetworkModule,getOutputStream,3,1,0
paho.mqtt.java-0.1,org.eclipse.paho.client.mqttv3.internal,TCPNetworkModule,stop,5,2,0
paho.mqtt.java-0.1,org.eclipse.paho.client.mqttv3.internal.comms,MqttDirectException,MqttDirectException,2,1,0
paho.mqtt.java-0.1,org.eclipse.paho.client.mqttv3.internal.comms,MqttDirectException,MqttDirectException,4,1,2
paho.mqtt.java-0.1,org.eclipse.paho.client.mqttv3.internal.comms,MqttDirectException,MqttDirectException,4,1,2
paho.mqtt.java-0.1,org.eclipse.paho.client.mqttv3.internal.comms,MqttDirectException,MqttDirectException,5,1,3
paho.mqtt.java-0.1,org.eclipse.paho.client.mqttv3.internal.comms,MqttDirectException,getCause,3,1,0
paho.mqtt.java-0.1,org.eclipse.paho.client.mqttv3.internal.comms,MqttDirectException,getInserts,3,1,0
paho.mqtt.java-0.1,org.eclipse.paho.client.mqttv3.internal.comms,MqttDirectException,getMsgId,3,1,0
paho.mqtt.java-0.1,org.eclipse.paho.client.mqttv3.internal.comms,MqttSSLInitException,MqttSSLInitException,2,1,0
paho.mqtt.java-0.1,org.eclipse.paho.client.mqttv3.internal.comms,MqttSSLInitException,MqttSSLInitException,3,1,2
paho.mqtt.java-0.1,org.eclipse.paho.client.mqttv3.internal.comms,MqttSSLInitException,MqttSSLInitException,3,1,2
paho.mqtt.java-0.1,org.eclipse.paho.client.mqttv3.internal.comms,MqttSSLInitException,MqttSSLInitException,3,1,3
paho.mqtt.java-0.1,org.eclipse.paho.client.mqttv3.internal.logging,Logger,isLoggable,0,1,1
paho.mqtt.java-0.1,org.eclipse.paho.client.mqttv3.internal.logging,Logger,severe,0,1,3
paho.mqtt.java-0.1,org.eclipse.paho.client.mqttv3.internal.logging,Logger,severe,0,1,4
paho.mqtt.java-0.1,org.eclipse.paho.client.mqttv3.internal.logging,Logger,severe,0,1,5
paho.mqtt.java-0.1,org.eclipse.paho.client.mqttv3.internal.logging,Logger,warning,0,1,3
paho.mqtt.java-0.1,org.eclipse.paho.client.mqttv3.internal.logging,Logger,warning,0,1,4
paho.mqtt.java-0.1,org.eclipse.paho.client.mqttv3.internal.logging,Logger,warning,0,1,5
paho.mqtt.java-0.1,org.eclipse.paho.client.mqttv3.internal.logging,Logger,info,0,1,3
paho.mqtt.java-0.1,org.eclipse.paho.client.mqttv3.internal.logging,Logger,info,0,1,4
paho.mqtt.java-0.1,org.eclipse.paho.client.mqttv3.internal.logging,Logger,info,0,1,5
paho.mqtt.java-0.1,org.eclipse.paho.client.mqttv3.internal.logging,Logger,config,0,1,3
paho.mqtt.java-0.1,org.eclipse.paho.client.mqttv3.internal.logging,Logger,config,0,1,4
paho.mqtt.java-0.1,org.eclipse.paho.client.mqttv3.internal.logging,Logger,config,0,1,5
paho.mqtt.java-0.1,org.eclipse.paho.client.mqttv3.internal.logging,Logger,fine,0,1,3
paho.mqtt.java-0.1,org.eclipse.paho.client.mqttv3.internal.logging,Logger,fine,0,1,4
paho.mqtt.java-0.1,org.eclipse.paho.client.mqttv3.internal.logging,Logger,finer,0,1,3
paho.mqtt.java-0.1,org.eclipse.paho.client.mqttv3.internal.logging,Logger,finer,0,1,4
paho.mqtt.java-0.1,org.eclipse.paho.client.mqttv3.internal.logging,Logger,finest,0,1,3
paho.mqtt.java-0.1,org.eclipse.paho.client.mqttv3.internal.logging,Logger,finest,0,1,4
paho.mqtt.java-0.1,org.eclipse.paho.client.mqttv3.internal.logging,Logger,log,0,1,6
paho.mqtt.java-0.1,org.eclipse.paho.client.mqttv3.internal.logging,Logger,trace,0,1,5
paho.mqtt.java-0.1,org.eclipse.paho.client.mqttv3.internal.logging,Logger,ffdc,0,1,6
paho.mqtt.java-0.1,org.eclipse.paho.client.mqttv3.internal.logging,Logger,ffdc,0,1,4
paho.mqtt.java-0.1,org.eclipse.paho.client.mqttv3.internal.logging,Logger,ffdc,0,1,5
paho.mqtt.java-0.1,org.eclipse.paho.client.mqttv3.internal.logging,Logger,formatMessage,0,1,2
paho.mqtt.java-0.1,org.eclipse.paho.client.mqttv3.internal.security,SSLSocketFactoryFactory,isSupportedOnJVM,10,1,0
paho.mqtt.java-0.1,org.eclipse.paho.client.mqttv3.internal.security,SSLSocketFactoryFactory,SSLSocketFactoryFactory,3,1,0
paho.mqtt.java-0.1,org.eclipse.paho.client.mqttv3.internal.security,SSLSocketFactoryFactory,SSLSocketFactoryFactory,4,1,1
paho.mqtt.java-0.1,org.eclipse.paho.client.mqttv3.internal.security,SSLSocketFactoryFactory,keyValid,10,3,1
paho.mqtt.java-0.1,org.eclipse.paho.client.mqttv3.internal.security,SSLSocketFactoryFactory,checkPropertyKeys,10,3,1
paho.mqtt.java-0.1,org.eclipse.paho.client.mqttv3.internal.security,SSLSocketFactoryFactory,toChar,10,3,1
paho.mqtt.java-0.1,org.eclipse.paho.client.mqttv3.internal.security,SSLSocketFactoryFactory,toByte,11,3,1
paho.mqtt.java-0.1,org.eclipse.paho.client.mqttv3.internal.security,SSLSocketFactoryFactory,obfuscate,9,3,1
paho.mqtt.java-0.1,org.eclipse.paho.client.mqttv3.internal.security,SSLSocketFactoryFactory,deObfuscate,14,3,1
paho.mqtt.java-0.1,org.eclipse.paho.client.mqttv3.internal.security,SSLSocketFactoryFactory,packCipherSuites,14,4,1
paho.mqtt.java-0.1,org.eclipse.paho.client.mqttv3.internal.security,SSLSocketFactoryFactory,unpackCipherSuites,15,3,1
paho.mqtt.java-0.1,org.eclipse.paho.client.mqttv3.internal.security,SSLSocketFactoryFactory,convertPassword,12,3,1
paho.mqtt.java-0.1,org.eclipse.paho.client.mqttv3.internal.security,SSLSocketFactoryFactory,initialize,12,2,2
paho.mqtt.java-0.1,org.eclipse.paho.client.mqttv3.internal.security,SSLSocketFactoryFactory,merge,18,4,2
paho.mqtt.java-0.1,org.eclipse.paho.client.mqttv3.internal.security,SSLSocketFactoryFactory,remove,13,3,1
paho.mqtt.java-0.1,org.eclipse.paho.client.mqttv3.internal.security,SSLSocketFactoryFactory,getConfiguration,3,1,1
paho.mqtt.java-0.1,org.eclipse.paho.client.mqttv3.internal.security,SSLSocketFactoryFactory,getProperty,11,3,3
paho.mqtt.java-0.1,org.eclipse.paho.client.mqttv3.internal.security,SSLSocketFactoryFactory,getPropertyFromConfig,18,6,2
paho.mqtt.java-0.1,org.eclipse.paho.client.mqttv3.internal.security,SSLSocketFactoryFactory,getSSLProtocol,3,1,1
paho.mqtt.java-0.1,org.eclipse.paho.client.mqttv3.internal.security,SSLSocketFactoryFactory,getJSSEProvider,3,1,1
paho.mqtt.java-0.1,org.eclipse.paho.client.mqttv3.internal.security,SSLSocketFactoryFactory,getXPDKeystore,37,2,0
paho.mqtt.java-0.1,org.eclipse.paho.client.mqttv3.internal.security,SSLSocketFactoryFactory,getKeyStore,17,5,1
paho.mqtt.java-0.1,org.eclipse.paho.client.mqttv3.internal.security,SSLSocketFactoryFactory,getKeyStorePassword,13,3,1
paho.mqtt.java-0.1,org.eclipse.paho.client.mqttv3.internal.security,SSLSocketFactoryFactory,getKeyStoreType,3,1,1
paho.mqtt.java-0.1,org.eclipse.paho.client.mqttv3.internal.security,SSLSocketFactoryFactory,getKeyStoreProvider,3,1,1
paho.mqtt.java-0.1,org.eclipse.paho.client.mqttv3.internal.security,SSLSocketFactoryFactory,getKeyManager,3,1,1
paho.mqtt.java-0.1,org.eclipse.paho.client.mqttv3.internal.security,SSLSocketFactoryFactory,getTrustStore,3,1,1
paho.mqtt.java-0.1,org.eclipse.paho.client.mqttv3.internal.security,SSLSocketFactoryFactory,getTrustStorePassword,13,3,1
paho.mqtt.java-0.1,org.eclipse.paho.client.mqttv3.internal.security,SSLSocketFactoryFactory,getTrustStoreType,3,1,1
paho.mqtt.java-0.1,org.eclipse.paho.client.mqttv3.internal.security,SSLSocketFactoryFactory,getTrustStoreProvider,3,1,1
paho.mqtt.java-0.1,org.eclipse.paho.client.mqttv3.internal.security,SSLSocketFactoryFactory,getTrustManager,3,1,1
paho.mqtt.java-0.1,org.eclipse.paho.client.mqttv3.internal.security,SSLSocketFactoryFactory,getEnabledCipherSuites,5,1,1
paho.mqtt.java-0.1,org.eclipse.paho.client.mqttv3.internal.security,SSLSocketFactoryFactory,getClientAuthentication,8,2,1
paho.mqtt.java-0.1,org.eclipse.paho.client.mqttv3.internal.security,SSLSocketFactoryFactory,getSSLContext,161,26,1
paho.mqtt.java-0.1,org.eclipse.paho.client.mqttv3.internal.security,SSLSocketFactoryFactory,createServerSocketFactory,9,2,1
paho.mqtt.java-0.1,org.eclipse.paho.client.mqttv3.internal.security,SSLSocketFactoryFactory,createSocketFactory,8,2,1
paho.mqtt.java-0.1,org.eclipse.paho.client.mqttv3.internal.security,SimpleBase64Encoder,encode,18,4,1
paho.mqtt.java-0.1,org.eclipse.paho.client.mqttv3.internal.security,SimpleBase64Encoder,decode,30,6,1
paho.mqtt.java-0.1,org.eclipse.paho.client.mqttv3.internal.security,SimpleBase64Encoder,to64,9,2,2
paho.mqtt.java-0.1,org.eclipse.paho.client.mqttv3.internal.security,SimpleBase64Encoder,from64,24,6,3
paho.mqtt.java-0.1,org.eclipse.paho.client.mqttv3.internal.trace,Trace,getTrace,14,3,1
paho.mqtt.java-0.1,org.eclipse.paho.client.mqttv3.internal.trace,Trace,Trace,5,1,2
paho.mqtt.java-0.1,org.eclipse.paho.client.mqttv3.internal.trace,Trace,isOn,3,1,0
paho.mqtt.java-0.1,org.eclipse.paho.client.mqttv3.internal.trace,Trace,traceEntry,5,2,2
paho.mqtt.java-0.1,org.eclipse.paho.client.mqttv3.internal.trace,Trace,traceExit,5,2,2
paho.mqtt.java-0.1,org.eclipse.paho.client.mqttv3.internal.trace,Trace,traceBreak,5,2,2
paho.mqtt.java-0.1,org.eclipse.paho.client.mqttv3.internal.trace,Trace,traceCatch,5,2,3
paho.mqtt.java-0.1,org.eclipse.paho.client.mqttv3.internal.trace,Trace,trace,5,2,2
paho.mqtt.java-0.1,org.eclipse.paho.client.mqttv3.internal.trace,Trace,trace,5,2,3
paho.mqtt.java-0.1,org.eclipse.paho.client.mqttv3.internal.trace,Trace,trace,5,2,4
paho.mqtt.java-0.1,org.eclipse.paho.client.mqttv3.internal.trace,TraceDestination,isEnabled,0,1,1
paho.mqtt.java-0.1,org.eclipse.paho.client.mqttv3.internal.trace,TraceDestination,write,0,1,1
paho.mqtt.java-0.1,org.eclipse.paho.client.mqttv3.internal.trace,TraceFileDestination,TraceFileDestination,11,2,0
paho.mqtt.java-0.1,org.eclipse.paho.client.mqttv3.internal.trace,TraceFileDestination,updateTraceProperties,48,5,0
paho.mqtt.java-0.1,org.eclipse.paho.client.mqttv3.internal.trace,TraceFileDestination,isEnabled,3,1,1
paho.mqtt.java-0.1,org.eclipse.paho.client.mqttv3.internal.trace,TraceFileDestination,initialiseFile,22,3,0
paho.mqtt.java-0.1,org.eclipse.paho.client.mqttv3.internal.trace,TraceFileDestination,write,51,11,1
paho.mqtt.java-0.1,org.eclipse.paho.client.mqttv3.internal.trace,TracePoint,TracePoint,2,1,0
paho.mqtt.java-0.1,org.eclipse.paho.client.mqttv3.internal.trace,TracePoint,TracePoint,10,1,6
paho.mqtt.java-0.1,org.eclipse.paho.client.mqttv3.internal.wire,CountingInputStream,CountingInputStream,4,1,1
paho.mqtt.java-0.1,org.eclipse.paho.client.mqttv3.internal.wire,CountingInputStream,read,7,2,0
paho.mqtt.java-0.1,org.eclipse.paho.client.mqttv3.internal.wire,CountingInputStream,getCounter,3,1,0
paho.mqtt.java-0.1,org.eclipse.paho.client.mqttv3.internal.wire,CountingInputStream,resetCounter,3,1,0
paho.mqtt.java-0.1,org.eclipse.paho.client.mqttv3.internal.wire,MqttAck,MqttAck,3,1,1
paho.mqtt.java-0.1,org.eclipse.paho.client.mqttv3.internal.wire,MqttAck,getMessageInfo,3,1,0
paho.mqtt.java-0.1,org.eclipse.paho.client.mqttv3.internal.wire,MqttConnack,MqttConnack,8,1,2
paho.mqtt.java-0.1,org.eclipse.paho.client.mqttv3.internal.wire,MqttConnack,getReturnCode,3,1,0
paho.mqtt.java-0.1,org.eclipse.paho.client.mqttv3.internal.wire,MqttConnack,getVariableHeader,3,1,0
paho.mqtt.java-0.1,org.eclipse.paho.client.mqttv3.internal.wire,MqttConnack,isMessageIdRequired,3,1,0
paho.mqtt.java-0.1,org.eclipse.paho.client.mqttv3.internal.wire,MqttConnect,MqttConnect,10,1,7
paho.mqtt.java-0.1,org.eclipse.paho.client.mqttv3.internal.wire,MqttConnect,getMessageInfo,3,1,0
paho.mqtt.java-0.1,org.eclipse.paho.client.mqttv3.internal.wire,MqttConnect,isCleanSession,3,1,0
paho.mqtt.java-0.1,org.eclipse.paho.client.mqttv3.internal.wire,MqttConnect,getVariableHeader,32,6,0
paho.mqtt.java-0.1,org.eclipse.paho.client.mqttv3.internal.wire,MqttConnect,getPayload,23,4,0
paho.mqtt.java-0.1,org.eclipse.paho.client.mqttv3.internal.wire,MqttConnect,isMessageIdRequired,3,1,0
paho.mqtt.java-0.1,org.eclipse.paho.client.mqttv3.internal.wire,MqttDisconnect,MqttDisconnect,3,1,0
paho.mqtt.java-0.1,org.eclipse.paho.client.mqttv3.internal.wire,MqttDisconnect,getMessageInfo,3,1,0
paho.mqtt.java-0.1,org.eclipse.paho.client.mqttv3.internal.wire,MqttDisconnect,getVariableHeader,3,1,0
paho.mqtt.java-0.1,org.eclipse.paho.client.mqttv3.internal.wire,MqttDisconnect,isMessageIdRequired,3,1,0
paho.mqtt.java-0.1,org.eclipse.paho.client.mqttv3.internal.wire,MqttInputStream,MqttInputStream,3,1,1
paho.mqtt.java-0.1,org.eclipse.paho.client.mqttv3.internal.wire,MqttInputStream,read,3,1,0
paho.mqtt.java-0.1,org.eclipse.paho.client.mqttv3.internal.wire,MqttInputStream,available,3,1,0
paho.mqtt.java-0.1,org.eclipse.paho.client.mqttv3.internal.wire,MqttInputStream,close,3,1,0
paho.mqtt.java-0.1,org.eclipse.paho.client.mqttv3.internal.wire,MqttInputStream,readMqttWireMessage,17,2,0
paho.mqtt.java-0.1,org.eclipse.paho.client.mqttv3.internal.wire,MqttOutputStream,MqttOutputStream,3,1,1
paho.mqtt.java-0.1,org.eclipse.paho.client.mqttv3.internal.wire,MqttOutputStream,close,3,1,0
paho.mqtt.java-0.1,org.eclipse.paho.client.mqttv3.internal.wire,MqttOutputStream,flush,3,1,0
paho.mqtt.java-0.1,org.eclipse.paho.client.mqttv3.internal.wire,MqttOutputStream,write,3,1,1
paho.mqtt.java-0.1,org.eclipse.paho.client.mqttv3.internal.wire,MqttOutputStream,write,3,1,3
paho.mqtt.java-0.1,org.eclipse.paho.client.mqttv3.internal.wire,MqttOutputStream,write,3,1,1
paho.mqtt.java-0.1,org.eclipse.paho.client.mqttv3.internal.wire,MqttOutputStream,write,6,1,1
paho.mqtt.java-0.1,org.eclipse.paho.client.mqttv3.internal.wire,MqttPersistableWireMessage,MqttPersistableWireMessage,3,1,1
paho.mqtt.java-0.1,org.eclipse.paho.client.mqttv3.internal.wire,MqttPersistableWireMessage,getHeaderBytes,8,1,0
paho.mqtt.java-0.1,org.eclipse.paho.client.mqttv3.internal.wire,MqttPersistableWireMessage,getHeaderLength,3,1,0
paho.mqtt.java-0.1,org.eclipse.paho.client.mqttv3.internal.wire,MqttPersistableWireMessage,getHeaderOffset,3,1,0
paho.mqtt.java-0.1,org.eclipse.paho.client.mqttv3.internal.wire,MqttPersistableWireMessage,getKey,3,1,0
paho.mqtt.java-0.1,org.eclipse.paho.client.mqttv3.internal.wire,MqttPersistableWireMessage,getPayloadBytes,8,1,0
paho.mqtt.java-0.1,org.eclipse.paho.client.mqttv3.internal.wire,MqttPersistableWireMessage,getPayloadLength,3,1,0
paho.mqtt.java-0.1,org.eclipse.paho.client.mqttv3.internal.wire,MqttPersistableWireMessage,getPayloadOffset,3,1,0
paho.mqtt.java-0.1,org.eclipse.paho.client.mqttv3.internal.wire,MqttPingReq,MqttPingReq,3,1,0
paho.mqtt.java-0.1,org.eclipse.paho.client.mqttv3.internal.wire,MqttPingReq,isMessageIdRequired,3,1,0
paho.mqtt.java-0.1,org.eclipse.paho.client.mqttv3.internal.wire,MqttPingReq,getVariableHeader,3,1,0
paho.mqtt.java-0.1,org.eclipse.paho.client.mqttv3.internal.wire,MqttPingReq,getMessageInfo,3,1,0
paho.mqtt.java-0.1,org.eclipse.paho.client.mqttv3.internal.wire,MqttPingResp,MqttPingResp,3,1,2
paho.mqtt.java-0.1,org.eclipse.paho.client.mqttv3.internal.wire,MqttPingResp,getVariableHeader,3,1,0
paho.mqtt.java-0.1,org.eclipse.paho.client.mqttv3.internal.wire,MqttPingResp,isMessageIdRequired,3,1,0
paho.mqtt.java-0.1,org.eclipse.paho.client.mqttv3.internal.wire,MqttPubAck,MqttPubAck,7,1,2
paho.mqtt.java-0.1,org.eclipse.paho.client.mqttv3.internal.wire,MqttPubAck,MqttPubAck,4,1,1
paho.mqtt.java-0.1,org.eclipse.paho.client.mqttv3.internal.wire,MqttPubAck,getVariableHeader,3,1,0
paho.mqtt.java-0.1,org.eclipse.paho.client.mqttv3.internal.wire,MqttPubComp,MqttPubComp,7,1,2
paho.mqtt.java-0.1,org.eclipse.paho.client.mqttv3.internal.wire,MqttPubComp,MqttPubComp,4,1,1
paho.mqtt.java-0.1,org.eclipse.paho.client.mqttv3.internal.wire,MqttPubComp,MqttPubComp,4,1,1
paho.mqtt.java-0.1,org.eclipse.paho.client.mqttv3.internal.wire,MqttPubComp,getVariableHeader,3,1,0
paho.mqtt.java-0.1,org.eclipse.paho.client.mqttv3.internal.wire,MqttPubRec,MqttPubRec,7,1,2
paho.mqtt.java-0.1,org.eclipse.paho.client.mqttv3.internal.wire,MqttPubRec,MqttPubRec,4,1,1
paho.mqtt.java-0.1,org.eclipse.paho.client.mqttv3.internal.wire,MqttPubRec,getVariableHeader,3,1,0
paho.mqtt.java-0.1,org.eclipse.paho.client.mqttv3.internal.wire,MqttPubRel,MqttPubRel,4,1,1
paho.mqtt.java-0.1,org.eclipse.paho.client.mqttv3.internal.wire,MqttPubRel,MqttPubRel,7,1,2
paho.mqtt.java-0.1,org.eclipse.paho.client.mqttv3.internal.wire,MqttPubRel,getVariableHeader,3,1,0
paho.mqtt.java-0.1,org.eclipse.paho.client.mqttv3.internal.wire,MqttPubRel,getMessageInfo,3,1,0
paho.mqtt.java-0.1,org.eclipse.paho.client.mqttv3.internal.wire,MqttPublish,MqttPublish,5,1,2
paho.mqtt.java-0.1,org.eclipse.paho.client.mqttv3.internal.wire,MqttPublish,MqttPublish,22,4,2
paho.mqtt.java-0.1,org.eclipse.paho.client.mqttv3.internal.wire,MqttPublish,getMessageInfo,10,3,0
paho.mqtt.java-0.1,org.eclipse.paho.client.mqttv3.internal.wire,MqttPublish,getTopicName,3,1,0
paho.mqtt.java-0.1,org.eclipse.paho.client.mqttv3.internal.wire,MqttPublish,getMessage,3,1,0
paho.mqtt.java-0.1,org.eclipse.paho.client.mqttv3.internal.wire,MqttPublish,encodePayload,3,1,1
paho.mqtt.java-0.1,org.eclipse.paho.client.mqttv3.internal.wire,MqttPublish,getPayload,6,2,0
paho.mqtt.java-0.1,org.eclipse.paho.client.mqttv3.internal.wire,MqttPublish,getPayloadLength,9,1,0
paho.mqtt.java-0.1,org.eclipse.paho.client.mqttv3.internal.wire,MqttPublish,setMessageId,6,2,1
paho.mqtt.java-0.1,org.eclipse.paho.client.mqttv3.internal.wire,MqttPublish,getVariableHeader,15,2,0
paho.mqtt.java-0.1,org.eclipse.paho.client.mqttv3.internal.wire,MqttPublish,isMessageIdRequired,3,1,0
paho.mqtt.java-0.1,org.eclipse.paho.client.mqttv3.internal.wire,MqttReceivedMessage,setMessageId,3,1,1
paho.mqtt.java-0.1,org.eclipse.paho.client.mqttv3.internal.wire,MqttReceivedMessage,getMessageId,3,1,0
paho.mqtt.java-0.1,org.eclipse.paho.client.mqttv3.internal.wire,MqttReceivedMessage,setDuplicate,3,1,1
paho.mqtt.java-0.1,org.eclipse.paho.client.mqttv3.internal.wire,MqttSuback,MqttSuback,15,2,2
paho.mqtt.java-0.1,org.eclipse.paho.client.mqttv3.internal.wire,MqttSuback,getVariableHeader,3,1,0
paho.mqtt.java-0.1,org.eclipse.paho.client.mqttv3.internal.wire,MqttSubscribe,MqttSubscribe,5,1,2
paho.mqtt.java-0.1,org.eclipse.paho.client.mqttv3.internal.wire,MqttSubscribe,getMessageInfo,3,1,0
paho.mqtt.java-0.1,org.eclipse.paho.client.mqttv3.internal.wire,MqttSubscribe,getVariableHeader,12,1,0
paho.mqtt.java-0.1,org.eclipse.paho.client.mqttv3.internal.wire,MqttSubscribe,getPayload,14,2,0
paho.mqtt.java-0.1,org.eclipse.paho.client.mqttv3.internal.wire,MqttSubscribe,isRetryable,3,1,0
paho.mqtt.java-0.1,org.eclipse.paho.client.mqttv3.internal.wire,MqttUnsubAck,MqttUnsubAck,7,1,2
paho.mqtt.java-0.1,org.eclipse.paho.client.mqttv3.internal.wire,MqttUnsubAck,getVariableHeader,3,1,0
paho.mqtt.java-0.1,org.eclipse.paho.client.mqttv3.internal.wire,MqttUnsubscribe,MqttUnsubscribe,4,1,1
paho.mqtt.java-0.1,org.eclipse.paho.client.mqttv3.internal.wire,MqttUnsubscribe,getMessageInfo,3,1,0
paho.mqtt.java-0.1,org.eclipse.paho.client.mqttv3.internal.wire,MqttUnsubscribe,getVariableHeader,12,1,0
paho.mqtt.java-0.1,org.eclipse.paho.client.mqttv3.internal.wire,MqttUnsubscribe,getPayload,13,2,0
paho.mqtt.java-0.1,org.eclipse.paho.client.mqttv3.internal.wire,MqttUnsubscribe,isRetryable,3,1,0
paho.mqtt.java-0.1,org.eclipse.paho.client.mqttv3.internal.wire,MqttWireMessage,MqttWireMessage,4,1,1
paho.mqtt.java-0.1,org.eclipse.paho.client.mqttv3.internal.wire,MqttWireMessage,getMessageInfo,0,1,0
paho.mqtt.java-0.1,org.eclipse.paho.client.mqttv3.internal.wire,MqttWireMessage,getPayload,3,1,0
paho.mqtt.java-0.1,org.eclipse.paho.client.mqttv3.internal.wire,MqttWireMessage,getType,3,1,0
paho.mqtt.java-0.1,org.eclipse.paho.client.mqttv3.internal.wire,MqttWireMessage,getMessageId,3,1,0
paho.mqtt.java-0.1,org.eclipse.paho.client.mqttv3.internal.wire,MqttWireMessage,setMessageId,3,1,1
paho.mqtt.java-0.1,org.eclipse.paho.client.mqttv3.internal.wire,MqttWireMessage,getHeader,20,2,0
paho.mqtt.java-0.1,org.eclipse.paho.client.mqttv3.internal.wire,MqttWireMessage,getVariableHeader,0,1,0
paho.mqtt.java-0.1,org.eclipse.paho.client.mqttv3.internal.wire,MqttWireMessage,isMessageIdRequired,3,1,0
paho.mqtt.java-0.1,org.eclipse.paho.client.mqttv3.internal.wire,MqttWireMessage,createWireMessage,8,2,1
paho.mqtt.java-0.1,org.eclipse.paho.client.mqttv3.internal.wire,MqttWireMessage,createWireMessage,4,1,1
paho.mqtt.java-0.1,org.eclipse.paho.client.mqttv3.internal.wire,MqttWireMessage,createWireMessage,52,11,1
paho.mqtt.java-0.1,org.eclipse.paho.client.mqttv3.internal.wire,MqttWireMessage,encodeMBI,15,3,1
paho.mqtt.java-0.1,org.eclipse.paho.client.mqttv3.internal.wire,MqttWireMessage,readMBI,14,2,1
paho.mqtt.java-0.1,org.eclipse.paho.client.mqttv3.internal.wire,MqttWireMessage,encodeMessageId,12,1,0
paho.mqtt.java-0.1,org.eclipse.paho.client.mqttv3.internal.wire,MqttWireMessage,isRetryable,3,1,0
paho.mqtt.java-0.1,org.eclipse.paho.client.mqttv3.internal.wire,MultiByteArrayInputStream,MultiByteArrayInputStream,8,1,6
paho.mqtt.java-0.1,org.eclipse.paho.client.mqttv3.internal.wire,MultiByteArrayInputStream,read,17,4,0
paho.mqtt.java-0.1,org.eclipse.paho.client.mqttv3.internal.wire,MultiByteInteger,MultiByteInteger,3,1,1
paho.mqtt.java-0.1,org.eclipse.paho.client.mqttv3.internal.wire,MultiByteInteger,MultiByteInteger,4,1,2
paho.mqtt.java-0.1,org.eclipse.paho.client.mqttv3.internal.wire,MultiByteInteger,getEncodedLength,3,1,0
paho.mqtt.java-0.1,org.eclipse.paho.client.mqttv3.internal.wire,MultiByteInteger,getValue,3,1,0
paho.mqtt.java-0.1,org.eclipse.paho.client.mqttv3.internal.wire,UnsignedShort,UnsignedShort,3,1,1
paho.mqtt.java-0.1,org.eclipse.paho.client.mqttv3.internal.wire,UnsignedShort,intValue,3,1,0
paho.mqtt.java-0.1,org.eclipse.paho.sample.mqttv3app,Sample,main,100,21,1
paho.mqtt.java-0.1,org.eclipse.paho.sample.mqttv3app,Sample,Sample,17,1,3
paho.mqtt.java-0.1,org.eclipse.paho.sample.mqttv3app,Sample,publish,13,1,3
paho.mqtt.java-0.1,org.eclipse.paho.sample.mqttv3app,Sample,subscribe,14,1,2
paho.mqtt.java-0.1,org.eclipse.paho.sample.mqttv3app,Sample,log,5,2,1
paho.mqtt.java-0.1,org.eclipse.paho.sample.mqttv3app,Sample,connectionLost,4,1,1
paho.mqtt.java-0.1,org.eclipse.paho.sample.mqttv3app,Sample,deliveryComplete,2,1,1
paho.mqtt.java-0.1,org.eclipse.paho.sample.mqttv3app,Sample,messageArrived,4,1,2
paho.mqtt.java-0.1,org.eclipse.paho.sample.mqttv3app,Sample,printHelp,3,1,0
