Project Name,Package Name,Type Name,NOF,NOPF,NOM,NOPM,LOC,WMC,NC,DIT,LCOM,FANIN,FANOUT
paho.mqtt.java-0.1,org.eclipse.paho.client.mqttv3.internal.traceformat,TestTrace,0,0,1,1,24,2,0,0,-1.0,0,3
paho.mqtt.java-0.1,org.eclipse.paho.client.mqttv3.internal.traceformat,TraceFormatter,5,0,5,4,148,19,0,0,0.0,2,2
paho.mqtt.java-0.1,org.eclipse.paho.client.mqttv3.internal.traceformat,TracePointExtractor,5,0,6,5,91,17,0,0,0.0,2,1
paho.mqtt.java-0.1,org.eclipse.paho.client.mqttv3,MqttCallback,0,0,3,3,22,3,0,0,-1.0,3,3
paho.mqtt.java-0.1,org.eclipse.paho.client.mqttv3,MqttClient,10,0,23,19,330,53,0,0,0.2608695652173913,2,13
paho.mqtt.java-0.1,org.eclipse.paho.client.mqttv3,MqttClientPersistence,0,0,8,8,49,8,1,0,-1.0,3,1
paho.mqtt.java-0.1,org.eclipse.paho.client.mqttv3,MqttConnectOptions,9,0,20,18,162,22,0,0,0.5,2,2
paho.mqtt.java-0.1,org.eclipse.paho.client.mqttv3,MqttDefaultFilePersistence,7,0,16,12,221,42,0,1,0.125,1,3
paho.mqtt.java-0.1,org.eclipse.paho.client.mqttv3,MqttDeliveryToken,0,0,4,4,26,4,0,0,-1.0,6,0
paho.mqtt.java-0.1,org.eclipse.paho.client.mqttv3,MqttException,22,19,7,7,144,8,2,0,0.0,12,1
paho.mqtt.java-0.1,org.eclipse.paho.client.mqttv3,MqttMessage,5,0,15,11,120,17,0,0,0.13333333333333333,9,1
paho.mqtt.java-0.1,org.eclipse.paho.client.mqttv3,MqttPersistable,0,0,6,6,35,6,0,0,-1.0,5,0
paho.mqtt.java-0.1,org.eclipse.paho.client.mqttv3,MqttPersistenceException,2,1,3,3,30,3,0,1,1.0,1,0
paho.mqtt.java-0.1,org.eclipse.paho.client.mqttv3,MqttSecurityException,1,0,2,2,20,2,0,1,1.0,0,0
paho.mqtt.java-0.1,org.eclipse.paho.client.mqttv3,MqttTopic,2,0,6,4,55,6,0,0,0.0,6,2
paho.mqtt.java-0.1,org.eclipse.paho.client.mqttv3.internal,ClientComms,13,0,13,10,239,27,0,0,0.0,5,18
paho.mqtt.java-0.1,org.eclipse.paho.client.mqttv3.internal,ClientDefaults,1,1,0,0,3,0,0,0,-1.0,0,0
paho.mqtt.java-0.1,org.eclipse.paho.client.mqttv3.internal,ClientState,33,0,31,6,789,144,0,0,0.0,3,14
paho.mqtt.java-0.1,org.eclipse.paho.client.mqttv3.internal,CommsCallback,13,0,11,8,207,35,0,0,0.0,2,7
paho.mqtt.java-0.1,org.eclipse.paho.client.mqttv3.internal,CommsReceiver,8,0,6,6,101,13,0,0,0.0,1,8
paho.mqtt.java-0.1,org.eclipse.paho.client.mqttv3.internal,CommsSender,7,0,5,5,100,12,0,0,0.0,1,8
paho.mqtt.java-0.1,org.eclipse.paho.client.mqttv3.internal,CommsTokenStore,7,0,10,5,184,36,0,0,0.0,4,7
paho.mqtt.java-0.1,org.eclipse.paho.client.mqttv3.internal,DestinationProvider,0,0,1,1,6,1,0,0,-1.0,1,0
paho.mqtt.java-0.1,org.eclipse.paho.client.mqttv3.internal,ExceptionHelper,0,0,3,3,32,5,0,0,-1.0,11,1
paho.mqtt.java-0.1,org.eclipse.paho.client.mqttv3.internal,ExceptionListener,0,0,1,1,3,1,0,0,-1.0,0,0
paho.mqtt.java-0.1,org.eclipse.paho.client.mqttv3.internal,FileLock,2,0,2,2,50,5,0,0,0.0,1,1
paho.mqtt.java-0.1,org.eclipse.paho.client.mqttv3.internal,LocalNetworkModule,3,0,5,5,56,8,0,1,0.0,0,2
paho.mqtt.java-0.1,org.eclipse.paho.client.mqttv3.internal,MemoryPersistence,1,0,8,8,30,8,0,0,0.0,0,1
paho.mqtt.java-0.1,org.eclipse.paho.client.mqttv3.internal,MessageCatalog,1,0,2,1,28,5,1,0,0.0,2,2
paho.mqtt.java-0.1,org.eclipse.paho.client.mqttv3.internal,MqttDeliveryTokenImpl,9,0,13,5,148,26,0,0,0.0,3,6
paho.mqtt.java-0.1,org.eclipse.paho.client.mqttv3.internal,MqttPersistentData,7,0,8,8,54,9,0,0,0.0,0,0
paho.mqtt.java-0.1,org.eclipse.paho.client.mqttv3.internal,NetworkModule,0,0,4,4,6,4,2,0,-1.0,2,0
paho.mqtt.java-0.1,org.eclipse.paho.client.mqttv3.internal,ResourceBundleCatalog,1,0,2,1,14,2,0,1,0.0,0,0
paho.mqtt.java-0.1,org.eclipse.paho.client.mqttv3.internal,SSLNetworkModule,2,0,5,5,51,10,0,2,0.4,0,1
paho.mqtt.java-0.1,org.eclipse.paho.client.mqttv3.internal,TCPNetworkModule,5,0,5,5,45,6,1,1,0.0,0,3
paho.mqtt.java-0.1,org.eclipse.paho.client.mqttv3.internal.comms,MqttDirectException,4,0,7,7,61,7,1,0,0.2857142857142857,0,0
paho.mqtt.java-0.1,org.eclipse.paho.client.mqttv3.internal.comms,MqttSSLInitException,1,0,4,4,17,4,0,1,1.0,0,0
paho.mqtt.java-0.1,org.eclipse.paho.client.mqttv3.internal.logging,Logger,7,7,25,25,233,25,0,0,-1.0,1,0
paho.mqtt.java-0.1,org.eclipse.paho.client.mqttv3.internal.security,SSLSocketFactoryFactory,30,23,36,29,725,105,0,0,0.08333333333333333,2,3
paho.mqtt.java-0.1,org.eclipse.paho.client.mqttv3.internal.security,SimpleBase64Encoder,2,0,4,2,90,18,0,0,0.5,2,1
paho.mqtt.java-0.1,org.eclipse.paho.client.mqttv3.internal.trace,Trace,8,3,10,9,67,19,0,0,0.0,11,4
paho.mqtt.java-0.1,org.eclipse.paho.client.mqttv3.internal.trace,TraceDestination,0,0,2,2,4,2,1,0,-1.0,1,1
paho.mqtt.java-0.1,org.eclipse.paho.client.mqttv3.internal.trace,TraceFileDestination,12,0,5,4,156,22,0,1,0.0,0,1
paho.mqtt.java-0.1,org.eclipse.paho.client.mqttv3.internal.trace,TracePoint,14,14,2,2,28,2,0,0,1.0,4,0
paho.mqtt.java-0.1,org.eclipse.paho.client.mqttv3.internal.wire,CountingInputStream,2,0,4,4,33,5,0,0,0.0,2,0
paho.mqtt.java-0.1,org.eclipse.paho.client.mqttv3.internal.wire,MqttAck,0,0,2,1,11,2,7,1,-1.0,2,0
paho.mqtt.java-0.1,org.eclipse.paho.client.mqttv3.internal.wire,MqttConnack,1,0,4,3,26,4,0,2,0.75,1,1
paho.mqtt.java-0.1,org.eclipse.paho.client.mqttv3.internal.wire,MqttConnect,7,0,6,4,89,14,0,1,0.5,1,3
paho.mqtt.java-0.1,org.eclipse.paho.client.mqttv3.internal.wire,MqttDisconnect,0,0,4,2,20,4,0,1,-1.0,2,1
paho.mqtt.java-0.1,org.eclipse.paho.client.mqttv3.internal.wire,MqttInputStream,1,0,5,5,38,6,0,0,0.0,1,3
paho.mqtt.java-0.1,org.eclipse.paho.client.mqttv3.internal.wire,MqttOutputStream,1,0,7,7,33,7,0,0,0.0,1,1
paho.mqtt.java-0.1,org.eclipse.paho.client.mqttv3.internal.wire,MqttPersistableWireMessage,0,0,8,8,36,8,2,1,-1.0,0,0
paho.mqtt.java-0.1,org.eclipse.paho.client.mqttv3.internal.wire,MqttPingReq,0,0,4,2,20,4,0,1,-1.0,0,1
paho.mqtt.java-0.1,org.eclipse.paho.client.mqttv3.internal.wire,MqttPingResp,0,0,3,2,17,3,0,2,-1.0,0,1
paho.mqtt.java-0.1,org.eclipse.paho.client.mqttv3.internal.wire,MqttPubAck,0,0,3,2,19,3,0,2,-1.0,0,2
paho.mqtt.java-0.1,org.eclipse.paho.client.mqttv3.internal.wire,MqttPubComp,0,0,4,3,23,4,0,2,-1.0,2,2
paho.mqtt.java-0.1,org.eclipse.paho.client.mqttv3.internal.wire,MqttPubRec,0,0,3,2,19,3,0,2,-1.0,1,2
paho.mqtt.java-0.1,org.eclipse.paho.client.mqttv3.internal.wire,MqttPubRel,0,0,4,2,22,4,0,2,-1.0,1,2
paho.mqtt.java-0.1,org.eclipse.paho.client.mqttv3.internal.wire,MqttPublish,4,1,11,8,99,19,0,2,0.18181818181818182,9,4
paho.mqtt.java-0.1,org.eclipse.paho.client.mqttv3.internal.wire,MqttReceivedMessage,1,0,3,3,12,3,0,0,0.6666666666666666,0,0
paho.mqtt.java-0.1,org.eclipse.paho.client.mqttv3.internal.wire,MqttSuback,1,0,2,1,24,3,0,2,1.0,0,1
paho.mqtt.java-0.1,org.eclipse.paho.client.mqttv3.internal.wire,MqttSubscribe,2,0,5,3,49,6,0,1,0.8,1,1
paho.mqtt.java-0.1,org.eclipse.paho.client.mqttv3.internal.wire,MqttUnsubAck,0,0,2,1,15,2,0,2,-1.0,0,1
paho.mqtt.java-0.1,org.eclipse.paho.client.mqttv3.internal.wire,MqttUnsubscribe,1,0,5,3,44,6,0,1,0.8,1,1
paho.mqtt.java-0.1,org.eclipse.paho.client.mqttv3.internal.wire,MqttWireMessage,19,14,16,10,200,31,7,0,0.375,23,6
paho.mqtt.java-0.1,org.eclipse.paho.client.mqttv3.internal.wire,MultiByteArrayInputStream,7,0,2,2,34,5,0,0,0.0,1,0
paho.mqtt.java-0.1,org.eclipse.paho.client.mqttv3.internal.wire,MultiByteInteger,2,0,4,4,26,4,0,0,0.0,0,0
paho.mqtt.java-0.1,org.eclipse.paho.client.mqttv3.internal.wire,UnsignedShort,1,0,2,2,12,2,0,0,0.0,0,0
paho.mqtt.java-0.1,org.eclipse.paho.sample.mqttv3app,Sample,6,0,9,7,211,30,0,0,0.3333333333333333,1,7
