Project Name,Package Name,Type Name,Code Smell
paho.mqtt.java-0.4.0,org.eclipse.paho.client.mqttv3.internal,ClientComms,Deficient Encapsulation
paho.mqtt.java-0.4.0,org.eclipse.paho.client.mqttv3.internal,ClientComms,Cyclic-Dependent Modularization
paho.mqtt.java-0.4.0,org.eclipse.paho.client.mqttv3.internal,ClientComms,Insufficient Modularization
paho.mqtt.java-0.4.0,org.eclipse.paho.client.mqttv3.internal,ConnectBG,Cyclic-Dependent Modularization
paho.mqtt.java-0.4.0,org.eclipse.paho.client.mqttv3.internal,DisconnectBG,Cyclic-Dependent Modularization
paho.mqtt.java-0.4.0,org.eclipse.paho.client.mqttv3.internal,ClientDefaults,Unnecessary Abstraction
paho.mqtt.java-0.4.0,org.eclipse.paho.client.mqttv3.internal,ClientDefaults,Unutilized Abstraction
paho.mqtt.java-0.4.0,org.eclipse.paho.client.mqttv3.internal,ClientDefaults,Deficient Encapsulation
paho.mqtt.java-0.4.0,org.eclipse.paho.client.mqttv3.internal,ClientState,Cyclic-Dependent Modularization
paho.mqtt.java-0.4.0,org.eclipse.paho.client.mqttv3.internal,ClientState,Insufficient Modularization
paho.mqtt.java-0.4.0,org.eclipse.paho.client.mqttv3.internal,CommsCallback,Deficient Encapsulation
paho.mqtt.java-0.4.0,org.eclipse.paho.client.mqttv3.internal,CommsCallback,Cyclic-Dependent Modularization
paho.mqtt.java-0.4.0,org.eclipse.paho.client.mqttv3.internal,CommsReceiver,Cyclic-Dependent Modularization
paho.mqtt.java-0.4.0,org.eclipse.paho.client.mqttv3.internal,CommsSender,Cyclic-Dependent Modularization
paho.mqtt.java-0.4.0,org.eclipse.paho.client.mqttv3.internal,CommsTokenStore,Cyclic-Dependent Modularization
paho.mqtt.java-0.4.0,org.eclipse.paho.client.mqttv3.internal,ConnectActionListener,Cyclic-Dependent Modularization
paho.mqtt.java-0.4.0,org.eclipse.paho.client.mqttv3.internal,DestinationProvider,Unutilized Abstraction
paho.mqtt.java-0.4.0,org.eclipse.paho.client.mqttv3.internal,ExceptionHelper,Cyclic-Dependent Modularization
paho.mqtt.java-0.4.0,org.eclipse.paho.client.mqttv3.internal,LocalNetworkModule,Unutilized Abstraction
paho.mqtt.java-0.4.0,org.eclipse.paho.client.mqttv3.internal,MessageCatalog,Cyclic-Dependent Modularization
paho.mqtt.java-0.4.0,org.eclipse.paho.client.mqttv3.internal,MqttPersistentData,Unutilized Abstraction
paho.mqtt.java-0.4.0,org.eclipse.paho.client.mqttv3.internal,ResourceBundleCatalog,Unutilized Abstraction
paho.mqtt.java-0.4.0,org.eclipse.paho.client.mqttv3.internal,ResourceBundleCatalog,Broken Hierarchy
paho.mqtt.java-0.4.0,org.eclipse.paho.client.mqttv3.internal,SSLNetworkModule,Unutilized Abstraction
paho.mqtt.java-0.4.0,org.eclipse.paho.client.mqttv3.internal,TCPNetworkModule,Unutilized Abstraction
paho.mqtt.java-0.4.0,org.eclipse.paho.client.mqttv3.internal,Token,Deficient Encapsulation
paho.mqtt.java-0.4.0,org.eclipse.paho.client.mqttv3.internal,Token,Cyclic-Dependent Modularization
paho.mqtt.java-0.4.0,org.eclipse.paho.client.mqttv3.internal,Token,Insufficient Modularization
paho.mqtt.java-0.4.0,org.eclipse.paho.client.mqttv3,IMqttActionListener,Cyclic-Dependent Modularization
paho.mqtt.java-0.4.0,org.eclipse.paho.client.mqttv3,IMqttAsyncClient,Cyclic-Dependent Modularization
paho.mqtt.java-0.4.0,org.eclipse.paho.client.mqttv3,IMqttAsyncClient,Insufficient Modularization
paho.mqtt.java-0.4.0,org.eclipse.paho.client.mqttv3,IMqttDeliveryToken,Broken Hierarchy
paho.mqtt.java-0.4.0,org.eclipse.paho.client.mqttv3,IMqttToken,Cyclic-Dependent Modularization
paho.mqtt.java-0.4.0,org.eclipse.paho.client.mqttv3,MqttAsyncClient,Deficient Encapsulation
paho.mqtt.java-0.4.0,org.eclipse.paho.client.mqttv3,MqttAsyncClient,Cyclic-Dependent Modularization
paho.mqtt.java-0.4.0,org.eclipse.paho.client.mqttv3,MqttAsyncClient,Insufficient Modularization
paho.mqtt.java-0.4.0,org.eclipse.paho.client.mqttv3,MqttClient,Deficient Encapsulation
paho.mqtt.java-0.4.0,org.eclipse.paho.client.mqttv3,MqttClient,Insufficient Modularization
paho.mqtt.java-0.4.0,org.eclipse.paho.client.mqttv3,MqttConnectOptions,Deficient Encapsulation
paho.mqtt.java-0.4.0,org.eclipse.paho.client.mqttv3,MqttConnectOptions,Cyclic-Dependent Modularization
paho.mqtt.java-0.4.0,org.eclipse.paho.client.mqttv3,MqttConnectOptions,Insufficient Modularization
paho.mqtt.java-0.4.0,org.eclipse.paho.client.mqttv3,MqttDeliveryToken,Broken Hierarchy
paho.mqtt.java-0.4.0,org.eclipse.paho.client.mqttv3,MqttException,Deficient Encapsulation
paho.mqtt.java-0.4.0,org.eclipse.paho.client.mqttv3,MqttException,Cyclic-Dependent Modularization
paho.mqtt.java-0.4.0,org.eclipse.paho.client.mqttv3,MqttPersistenceException,Deficient Encapsulation
paho.mqtt.java-0.4.0,org.eclipse.paho.client.mqttv3,MqttPersistenceException,Broken Hierarchy
paho.mqtt.java-0.4.0,org.eclipse.paho.client.mqttv3,MqttSecurityException,Unutilized Abstraction
paho.mqtt.java-0.4.0,org.eclipse.paho.client.mqttv3,MqttSecurityException,Broken Hierarchy
paho.mqtt.java-0.4.0,org.eclipse.paho.client.mqttv3,MqttToken,Deficient Encapsulation
paho.mqtt.java-0.4.0,org.eclipse.paho.client.mqttv3,MqttToken,Cyclic-Dependent Modularization
paho.mqtt.java-0.4.0,org.eclipse.paho.client.mqttv3,MqttTopic,Cyclic-Dependent Modularization
paho.mqtt.java-0.4.0,org.eclipse.paho.client.mqttv3.internal.security,SSLSocketFactoryFactory,Deficient Encapsulation
paho.mqtt.java-0.4.0,org.eclipse.paho.client.mqttv3.internal.security,SSLSocketFactoryFactory,Insufficient Modularization
paho.mqtt.java-0.4.0,org.eclipse.paho.client.mqttv3.internal.wire,MqttConnect,Deficient Encapsulation
paho.mqtt.java-0.4.0,org.eclipse.paho.client.mqttv3.internal.wire,MqttDisconnect,Deficient Encapsulation
paho.mqtt.java-0.4.0,org.eclipse.paho.client.mqttv3.internal.wire,MqttPersistableWireMessage,Unutilized Abstraction
paho.mqtt.java-0.4.0,org.eclipse.paho.client.mqttv3.internal.wire,MqttPersistableWireMessage,Broken Hierarchy
paho.mqtt.java-0.4.0,org.eclipse.paho.client.mqttv3.internal.wire,MqttPingReq,Unutilized Abstraction
paho.mqtt.java-0.4.0,org.eclipse.paho.client.mqttv3.internal.wire,MqttPingResp,Unutilized Abstraction
paho.mqtt.java-0.4.0,org.eclipse.paho.client.mqttv3.internal.wire,MqttPingResp,Broken Hierarchy
paho.mqtt.java-0.4.0,org.eclipse.paho.client.mqttv3.internal.wire,MqttPubAck,Unutilized Abstraction
paho.mqtt.java-0.4.0,org.eclipse.paho.client.mqttv3.internal.wire,MqttPubAck,Broken Hierarchy
paho.mqtt.java-0.4.0,org.eclipse.paho.client.mqttv3.internal.wire,MqttPubComp,Broken Hierarchy
paho.mqtt.java-0.4.0,org.eclipse.paho.client.mqttv3.internal.wire,MqttPubRec,Broken Hierarchy
paho.mqtt.java-0.4.0,org.eclipse.paho.client.mqttv3.internal.wire,MqttPubRel,Unutilized Abstraction
paho.mqtt.java-0.4.0,org.eclipse.paho.client.mqttv3.internal.wire,MqttPubRel,Broken Hierarchy
paho.mqtt.java-0.4.0,org.eclipse.paho.client.mqttv3.internal.wire,MqttPublish,Unutilized Abstraction
paho.mqtt.java-0.4.0,org.eclipse.paho.client.mqttv3.internal.wire,MqttReceivedMessage,Unutilized Abstraction
paho.mqtt.java-0.4.0,org.eclipse.paho.client.mqttv3.internal.wire,MqttSuback,Unutilized Abstraction
paho.mqtt.java-0.4.0,org.eclipse.paho.client.mqttv3.internal.wire,MqttUnsubAck,Unutilized Abstraction
paho.mqtt.java-0.4.0,org.eclipse.paho.client.mqttv3.internal.wire,MqttUnsubAck,Broken Hierarchy
paho.mqtt.java-0.4.0,org.eclipse.paho.client.mqttv3.internal.wire,MqttWireMessage,Deficient Encapsulation
paho.mqtt.java-0.4.0,org.eclipse.paho.client.mqttv3.internal.wire,MultiByteInteger,Unutilized Abstraction
paho.mqtt.java-0.4.0,org.eclipse.paho.client.mqttv3.logging,JSR47Logger,Unutilized Abstraction
paho.mqtt.java-0.4.0,org.eclipse.paho.client.mqttv3.logging,JSR47Logger,Insufficient Modularization
paho.mqtt.java-0.4.0,org.eclipse.paho.client.mqttv3.logging,Logger,Deficient Encapsulation
paho.mqtt.java-0.4.0,org.eclipse.paho.client.mqttv3.logging,Logger,Insufficient Modularization
paho.mqtt.java-0.4.0,org.eclipse.paho.client.mqttv3.logging,LoggerFactory,Deficient Encapsulation
paho.mqtt.java-0.4.0,org.eclipse.paho.client.mqttv3.persist,MemoryPersistence,Unutilized Abstraction
paho.mqtt.java-0.4.0,org.eclipse.paho.client.mqttv3.util,Debug,Cyclic-Dependent Modularization
paho.mqtt.java-0.4.0,org.eclipse.paho.client.mqttv3.test,BasicSSLTest,Unutilized Abstraction
paho.mqtt.java-0.4.0,org.eclipse.paho.client.mqttv3.test,BasicTest,Unutilized Abstraction
paho.mqtt.java-0.4.0,org.eclipse.paho.client.mqttv3.test,MessageListener,Unutilized Abstraction
paho.mqtt.java-0.4.0,org.eclipse.paho.client.mqttv3.test,LiveTakeOverTest,Unutilized Abstraction
paho.mqtt.java-0.4.0,org.eclipse.paho.client.mqttv3.test,LiveTakeOverTest,Deficient Encapsulation
paho.mqtt.java-0.4.0,org.eclipse.paho.client.mqttv3.test,FirstClient,Unutilized Abstraction
paho.mqtt.java-0.4.0,org.eclipse.paho.client.mqttv3.test,FirstClient,Deficient Encapsulation
paho.mqtt.java-0.4.0,org.eclipse.paho.client.mqttv3.test,ModelTestCase,Unutilized Abstraction
paho.mqtt.java-0.4.0,org.eclipse.paho.client.mqttv3.test,ModelTestCase,Deficient Encapsulation
paho.mqtt.java-0.4.0,org.eclipse.paho.client.mqttv3.test,ModelTestCase,Insufficient Modularization
paho.mqtt.java-0.4.0,org.eclipse.paho.client.mqttv3.test,SendReceiveAsyncTest,Unutilized Abstraction
paho.mqtt.java-0.4.0,org.eclipse.paho.client.mqttv3.test,SendReceiveTest,Unutilized Abstraction
paho.mqtt.java-0.4.0,org.eclipse.paho.client.mqttv3.test.client,MqttAsyncClientPaho,Unutilized Abstraction
paho.mqtt.java-0.4.0,org.eclipse.paho.client.mqttv3.test.client,MqttClientPaho,Unutilized Abstraction
paho.mqtt.java-0.4.0,org.eclipse.paho.client.mqttv3.test.logging,ConsoleHandler,Unutilized Abstraction
paho.mqtt.java-0.4.0,org.eclipse.paho.client.mqttv3.test.logging,DetailFormatter,Unutilized Abstraction
paho.mqtt.java-0.4.0,org.eclipse.paho.client.mqttv3.test.logging,HumanFormatter,Unutilized Abstraction
paho.mqtt.java-0.4.0,org.eclipse.paho.client.mqttv3.test.logging,LoggingUtilities,Deficient Encapsulation
paho.mqtt.java-0.4.0,org.eclipse.paho.client.mqttv3.test.logging,TraceFormatter,Unutilized Abstraction
paho.mqtt.java-0.4.0,org.eclipse.paho.client.mqttv3.test.properties,TestProperties,Deficient Encapsulation
paho.mqtt.java-0.4.0,org.eclipse.paho.client.mqttv3.test.utilities,MqttV3Receiver,Deficient Encapsulation
paho.mqtt.java-0.4.0,org.eclipse.paho.client.mqttv3.test.utilities,ReceivedMessage,Deficient Encapsulation
paho.mqtt.java-0.4.0,org.eclipse.paho.client.mqttv3.test.utilities,StringUtilities,Deficient Encapsulation
paho.mqtt.java-0.4.0,org.eclipse.paho.sample.mqttv3app,SampleAsyncCallBack,Insufficient Modularization
paho.mqtt.java-0.4.0,org.eclipse.paho.sample.utility,ConnOpts,Cyclic-Dependent Modularization
paho.mqtt.java-0.4.0,org.eclipse.paho.sample.utility,LED,Deficient Encapsulation
paho.mqtt.java-0.4.0,org.eclipse.paho.sample.utility,Colours,Deficient Encapsulation
paho.mqtt.java-0.4.0,org.eclipse.paho.sample.utility,MQTTFrame,Cyclic-Dependent Modularization
paho.mqtt.java-0.4.0,org.eclipse.paho.sample.utility,MQTTFrame,Insufficient Modularization
paho.mqtt.java-0.4.0,org.eclipse.paho.sample.utility,MQTTHist,Cyclic-Dependent Modularization
paho.mqtt.java-0.4.0,org.eclipse.paho.sample.utility,PubPanel,Cyclic-Dependent Modularization
paho.mqtt.java-0.4.0,org.eclipse.paho.sample.utility,SubPanel,Cyclic-Dependent Modularization
