Project Name,Package Name,Type Name,MethodName,LOC,CC,PC
paho.mqtt.java-0.4.0,org.eclipse.paho.client.mqttv3.internal.logBuilder,LogMessageExtractor,main,30,6,1
paho.mqtt.java-0.4.0,org.eclipse.paho.client.mqttv3.internal.logBuilder,LogMessageExtractor,usageAndExit,6,1,0
paho.mqtt.java-0.4.0,org.eclipse.paho.client.mqttv3.internal.logBuilder,LogMessageExtractor,LogMessageExtractor,6,1,2
paho.mqtt.java-0.4.0,org.eclipse.paho.client.mqttv3.internal.logBuilder,LogMessageExtractor,parse,15,2,0
paho.mqtt.java-0.4.0,org.eclipse.paho.client.mqttv3.internal.logBuilder,LogMessageExtractor,scanDirectory,23,6,1
paho.mqtt.java-0.4.0,org.eclipse.paho.client.mqttv3.internal.logBuilder,LogMessageExtractor,parseFile,26,4,1
paho.mqtt.java-0.4.0,org.eclipse.paho.client.mqttv3.internal,ClientComms,ClientComms,10,1,2
paho.mqtt.java-0.4.0,org.eclipse.paho.client.mqttv3.internal,ClientComms,internalSend,20,3,2
paho.mqtt.java-0.4.0,org.eclipse.paho.client.mqttv3.internal,ClientComms,sendNoWait,10,2,2
paho.mqtt.java-0.4.0,org.eclipse.paho.client.mqttv3.internal,ClientComms,close,30,6,0
paho.mqtt.java-0.4.0,org.eclipse.paho.client.mqttv3.internal,ClientComms,connect,31,5,2
paho.mqtt.java-0.4.0,org.eclipse.paho.client.mqttv3.internal,ClientComms,connectComplete,13,2,2
paho.mqtt.java-0.4.0,org.eclipse.paho.client.mqttv3.internal,ClientComms,shutdownConnection,70,12,2
paho.mqtt.java-0.4.0,org.eclipse.paho.client.mqttv3.internal,ClientComms,handleOldTokens,26,5,2
paho.mqtt.java-0.4.0,org.eclipse.paho.client.mqttv3.internal,ClientComms,disconnect,25,5,3
paho.mqtt.java-0.4.0,org.eclipse.paho.client.mqttv3.internal,ClientComms,isConnected,3,1,0
paho.mqtt.java-0.4.0,org.eclipse.paho.client.mqttv3.internal,ClientComms,isConnecting,3,1,0
paho.mqtt.java-0.4.0,org.eclipse.paho.client.mqttv3.internal,ClientComms,isDisconnected,3,1,0
paho.mqtt.java-0.4.0,org.eclipse.paho.client.mqttv3.internal,ClientComms,isDisconnecting,3,1,0
paho.mqtt.java-0.4.0,org.eclipse.paho.client.mqttv3.internal,ClientComms,isClosed,3,1,0
paho.mqtt.java-0.4.0,org.eclipse.paho.client.mqttv3.internal,ClientComms,setCallback,3,1,1
paho.mqtt.java-0.4.0,org.eclipse.paho.client.mqttv3.internal,ClientComms,getTopic,3,1,1
paho.mqtt.java-0.4.0,org.eclipse.paho.client.mqttv3.internal,ClientComms,setNetworkModuleIndex,3,1,1
paho.mqtt.java-0.4.0,org.eclipse.paho.client.mqttv3.internal,ClientComms,getNetworkModuleIndex,3,1,0
paho.mqtt.java-0.4.0,org.eclipse.paho.client.mqttv3.internal,ClientComms,getNetworkModules,3,1,0
paho.mqtt.java-0.4.0,org.eclipse.paho.client.mqttv3.internal,ClientComms,setNetworkModules,3,1,1
paho.mqtt.java-0.4.0,org.eclipse.paho.client.mqttv3.internal,ClientComms,getPendingDeliveryTokens,3,1,0
paho.mqtt.java-0.4.0,org.eclipse.paho.client.mqttv3.internal,ClientComms,deliveryComplete,3,1,1
paho.mqtt.java-0.4.0,org.eclipse.paho.client.mqttv3.internal,ClientComms,getClient,3,1,0
paho.mqtt.java-0.4.0,org.eclipse.paho.client.mqttv3.internal,ClientComms,getKeepAlive,3,1,0
paho.mqtt.java-0.4.0,org.eclipse.paho.client.mqttv3.internal,ClientComms,getClientState,3,1,0
paho.mqtt.java-0.4.0,org.eclipse.paho.client.mqttv3.internal,ClientComms,getConOptions,3,1,0
paho.mqtt.java-0.4.0,org.eclipse.paho.client.mqttv3.internal,ClientComms,getDebug,8,1,0
paho.mqtt.java-0.4.0,org.eclipse.paho.client.mqttv3.internal,ClientComms,ConnectBG,6,1,3
paho.mqtt.java-0.4.0,org.eclipse.paho.client.mqttv3.internal,ClientComms,start,3,1,0
paho.mqtt.java-0.4.0,org.eclipse.paho.client.mqttv3.internal,ClientComms,run,31,3,0
paho.mqtt.java-0.4.0,org.eclipse.paho.client.mqttv3.internal,ClientComms,DisconnectBG,5,1,3
paho.mqtt.java-0.4.0,org.eclipse.paho.client.mqttv3.internal,ClientComms,start,4,1,0
paho.mqtt.java-0.4.0,org.eclipse.paho.client.mqttv3.internal,ClientComms,run,15,1,0
paho.mqtt.java-0.4.0,org.eclipse.paho.client.mqttv3.internal,ConnectBG,ConnectBG,6,1,3
paho.mqtt.java-0.4.0,org.eclipse.paho.client.mqttv3.internal,ConnectBG,start,3,1,0
paho.mqtt.java-0.4.0,org.eclipse.paho.client.mqttv3.internal,ConnectBG,run,31,3,0
paho.mqtt.java-0.4.0,org.eclipse.paho.client.mqttv3.internal,DisconnectBG,DisconnectBG,5,1,3
paho.mqtt.java-0.4.0,org.eclipse.paho.client.mqttv3.internal,DisconnectBG,start,4,1,0
paho.mqtt.java-0.4.0,org.eclipse.paho.client.mqttv3.internal,DisconnectBG,run,15,1,0
paho.mqtt.java-0.4.0,org.eclipse.paho.client.mqttv3.internal,ClientState,ClientState,18,1,4
paho.mqtt.java-0.4.0,org.eclipse.paho.client.mqttv3.internal,ClientState,setKeepAliveSecs,3,1,1
paho.mqtt.java-0.4.0,org.eclipse.paho.client.mqttv3.internal,ClientState,getKeepAlive,3,1,0
paho.mqtt.java-0.4.0,org.eclipse.paho.client.mqttv3.internal,ClientState,setCleanSession,3,1,1
paho.mqtt.java-0.4.0,org.eclipse.paho.client.mqttv3.internal,ClientState,getSendPersistenceKey,3,1,1
paho.mqtt.java-0.4.0,org.eclipse.paho.client.mqttv3.internal,ClientState,getSendConfirmPersistenceKey,3,1,1
paho.mqtt.java-0.4.0,org.eclipse.paho.client.mqttv3.internal,ClientState,getReceivedPersistenceKey,3,1,1
paho.mqtt.java-0.4.0,org.eclipse.paho.client.mqttv3.internal,ClientState,clearState,12,1,0
paho.mqtt.java-0.4.0,org.eclipse.paho.client.mqttv3.internal,ClientState,restoreMessage,20,3,2
paho.mqtt.java-0.4.0,org.eclipse.paho.client.mqttv3.internal,ClientState,insertInOrder,12,3,2
paho.mqtt.java-0.4.0,org.eclipse.paho.client.mqttv3.internal,ClientState,reOrder,29,7,1
paho.mqtt.java-0.4.0,org.eclipse.paho.client.mqttv3.internal,ClientState,restoreState,63,11,0
paho.mqtt.java-0.4.0,org.eclipse.paho.client.mqttv3.internal,ClientState,restoreInflightMessages,27,5,0
paho.mqtt.java-0.4.0,org.eclipse.paho.client.mqttv3.internal,ClientState,send,65,12,2
paho.mqtt.java-0.4.0,org.eclipse.paho.client.mqttv3.internal,ClientState,undo,16,2,1
paho.mqtt.java-0.4.0,org.eclipse.paho.client.mqttv3.internal,ClientState,checkForActivity,20,5,0
paho.mqtt.java-0.4.0,org.eclipse.paho.client.mqttv3.internal,ClientState,get,43,8,0
paho.mqtt.java-0.4.0,org.eclipse.paho.client.mqttv3.internal,ClientState,setKeepAliveInterval,3,1,1
paho.mqtt.java-0.4.0,org.eclipse.paho.client.mqttv3.internal,ClientState,getTimeUntilPing,18,4,0
paho.mqtt.java-0.4.0,org.eclipse.paho.client.mqttv3.internal,ClientState,notifySent,17,3,1
paho.mqtt.java-0.4.0,org.eclipse.paho.client.mqttv3.internal,ClientState,decrementInFlight,10,2,0
paho.mqtt.java-0.4.0,org.eclipse.paho.client.mqttv3.internal,ClientState,checkQuiesceLock,12,2,0
paho.mqtt.java-0.4.0,org.eclipse.paho.client.mqttv3.internal,ClientState,notifyReceivedAck,50,7,1
paho.mqtt.java-0.4.0,org.eclipse.paho.client.mqttv3.internal,ClientState,notifyReceivedMsg,34,10,1
paho.mqtt.java-0.4.0,org.eclipse.paho.client.mqttv3.internal,ClientState,notifyComplete,27,4,1
paho.mqtt.java-0.4.0,org.eclipse.paho.client.mqttv3.internal,ClientState,notifyResult,12,3,3
paho.mqtt.java-0.4.0,org.eclipse.paho.client.mqttv3.internal,ClientState,connected,5,1,0
paho.mqtt.java-0.4.0,org.eclipse.paho.client.mqttv3.internal,ClientState,resolveOldTokens,22,5,1
paho.mqtt.java-0.4.0,org.eclipse.paho.client.mqttv3.internal,ClientState,disconnected,15,2,1
paho.mqtt.java-0.4.0,org.eclipse.paho.client.mqttv3.internal,ClientState,releaseMessageId,3,1,1
paho.mqtt.java-0.4.0,org.eclipse.paho.client.mqttv3.internal,ClientState,getNextMessageId,20,5,0
paho.mqtt.java-0.4.0,org.eclipse.paho.client.mqttv3.internal,ClientState,quiesce,29,3,1
paho.mqtt.java-0.4.0,org.eclipse.paho.client.mqttv3.internal,ClientState,notifyQueueLock,7,1,0
paho.mqtt.java-0.4.0,org.eclipse.paho.client.mqttv3.internal,ClientState,deliveryComplete,6,1,1
paho.mqtt.java-0.4.0,org.eclipse.paho.client.mqttv3.internal,ClientState,close,20,1,0
paho.mqtt.java-0.4.0,org.eclipse.paho.client.mqttv3.internal,ClientState,getDebug,19,1,0
paho.mqtt.java-0.4.0,org.eclipse.paho.client.mqttv3.internal,CommsCallback,CommsCallback,6,1,1
paho.mqtt.java-0.4.0,org.eclipse.paho.client.mqttv3.internal,CommsCallback,setClientState,3,1,1
paho.mqtt.java-0.4.0,org.eclipse.paho.client.mqttv3.internal,CommsCallback,start,12,2,1
paho.mqtt.java-0.4.0,org.eclipse.paho.client.mqttv3.internal,CommsCallback,stop,22,3,0
paho.mqtt.java-0.4.0,org.eclipse.paho.client.mqttv3.internal,CommsCallback,setCallback,3,1,1
paho.mqtt.java-0.4.0,org.eclipse.paho.client.mqttv3.internal,CommsCallback,run,41,7,0
paho.mqtt.java-0.4.0,org.eclipse.paho.client.mqttv3.internal,CommsCallback,handleActionComplete,19,5,1
paho.mqtt.java-0.4.0,org.eclipse.paho.client.mqttv3.internal,CommsCallback,connectionLost,12,2,1
paho.mqtt.java-0.4.0,org.eclipse.paho.client.mqttv3.internal,CommsCallback,fireActionEvent,16,4,1
paho.mqtt.java-0.4.0,org.eclipse.paho.client.mqttv3.internal,CommsCallback,messageArrived,22,4,1
paho.mqtt.java-0.4.0,org.eclipse.paho.client.mqttv3.internal,CommsCallback,quiesce,8,1,0
paho.mqtt.java-0.4.0,org.eclipse.paho.client.mqttv3.internal,CommsCallback,isQuiesced,6,2,0
paho.mqtt.java-0.4.0,org.eclipse.paho.client.mqttv3.internal,CommsCallback,handleMessage,16,4,1
paho.mqtt.java-0.4.0,org.eclipse.paho.client.mqttv3.internal,CommsCallback,asyncOperationComplete,21,2,1
paho.mqtt.java-0.4.0,org.eclipse.paho.client.mqttv3.internal,CommsCallback,getThread,3,1,0
paho.mqtt.java-0.4.0,org.eclipse.paho.client.mqttv3.internal,CommsReceiver,CommsReceiver,7,1,4
paho.mqtt.java-0.4.0,org.eclipse.paho.client.mqttv3.internal,CommsReceiver,start,11,2,1
paho.mqtt.java-0.4.0,org.eclipse.paho.client.mqttv3.internal,CommsReceiver,stop,18,3,0
paho.mqtt.java-0.4.0,org.eclipse.paho.client.mqttv3.internal,CommsReceiver,run,37,5,0
paho.mqtt.java-0.4.0,org.eclipse.paho.client.mqttv3.internal,CommsReceiver,isRunning,3,1,0
paho.mqtt.java-0.4.0,org.eclipse.paho.client.mqttv3.internal,CommsSender,CommsSender,7,1,4
paho.mqtt.java-0.4.0,org.eclipse.paho.client.mqttv3.internal,CommsSender,start,9,2,1
paho.mqtt.java-0.4.0,org.eclipse.paho.client.mqttv3.internal,CommsSender,stop,19,3,0
paho.mqtt.java-0.4.0,org.eclipse.paho.client.mqttv3.internal,CommsSender,run,42,6,0
paho.mqtt.java-0.4.0,org.eclipse.paho.client.mqttv3.internal,CommsSender,handleRunException,13,2,2
paho.mqtt.java-0.4.0,org.eclipse.paho.client.mqttv3.internal,CommsTokenStore,CommsTokenStore,7,1,1
paho.mqtt.java-0.4.0,org.eclipse.paho.client.mqttv3.internal,CommsTokenStore,getToken,4,1,1
paho.mqtt.java-0.4.0,org.eclipse.paho.client.mqttv3.internal,CommsTokenStore,getToken,3,1,1
paho.mqtt.java-0.4.0,org.eclipse.paho.client.mqttv3.internal,CommsTokenStore,removeToken,6,2,1
paho.mqtt.java-0.4.0,org.eclipse.paho.client.mqttv3.internal,CommsTokenStore,removeToken,15,3,1
paho.mqtt.java-0.4.0,org.eclipse.paho.client.mqttv3.internal,CommsTokenStore,restoreToken,18,2,1
paho.mqtt.java-0.4.0,org.eclipse.paho.client.mqttv3.internal,CommsTokenStore,saveToken,13,2,2
paho.mqtt.java-0.4.0,org.eclipse.paho.client.mqttv3.internal,CommsTokenStore,saveToken,8,1,2
paho.mqtt.java-0.4.0,org.eclipse.paho.client.mqttv3.internal,CommsTokenStore,quiesce,7,1,1
paho.mqtt.java-0.4.0,org.eclipse.paho.client.mqttv3.internal,CommsTokenStore,open,7,1,0
paho.mqtt.java-0.4.0,org.eclipse.paho.client.mqttv3.internal,CommsTokenStore,getOutstandingDelTokens,17,3,0
paho.mqtt.java-0.4.0,org.eclipse.paho.client.mqttv3.internal,CommsTokenStore,getOutstandingTokens,16,3,0
paho.mqtt.java-0.4.0,org.eclipse.paho.client.mqttv3.internal,CommsTokenStore,clear,7,1,0
paho.mqtt.java-0.4.0,org.eclipse.paho.client.mqttv3.internal,CommsTokenStore,count,5,1,0
paho.mqtt.java-0.4.0,org.eclipse.paho.client.mqttv3.internal,CommsTokenStore,toString,13,2,0
paho.mqtt.java-0.4.0,org.eclipse.paho.client.mqttv3.internal,ConnectActionListener,ConnectActionListener,9,1,7
paho.mqtt.java-0.4.0,org.eclipse.paho.client.mqttv3.internal,ConnectActionListener,onSuccess,8,2,1
paho.mqtt.java-0.4.0,org.eclipse.paho.client.mqttv3.internal,ConnectActionListener,onFailure,28,4,2
paho.mqtt.java-0.4.0,org.eclipse.paho.client.mqttv3.internal,ConnectActionListener,connect,15,2,0
paho.mqtt.java-0.4.0,org.eclipse.paho.client.mqttv3.internal,DestinationProvider,getTopic,0,1,1
paho.mqtt.java-0.4.0,org.eclipse.paho.client.mqttv3.internal,ExceptionHelper,createMqttException,6,2,1
paho.mqtt.java-0.4.0,org.eclipse.paho.client.mqttv3.internal,ExceptionHelper,createMqttException,6,2,1
paho.mqtt.java-0.4.0,org.eclipse.paho.client.mqttv3.internal,ExceptionHelper,isClassAvailable,10,1,1
paho.mqtt.java-0.4.0,org.eclipse.paho.client.mqttv3.internal,FileLock,FileLock,25,3,2
paho.mqtt.java-0.4.0,org.eclipse.paho.client.mqttv3.internal,FileLock,release,23,4,0
paho.mqtt.java-0.4.0,org.eclipse.paho.client.mqttv3.internal,LocalNetworkModule,LocalNetworkModule,3,1,1
paho.mqtt.java-0.4.0,org.eclipse.paho.client.mqttv3.internal,LocalNetworkModule,start,15,3,0
paho.mqtt.java-0.4.0,org.eclipse.paho.client.mqttv3.internal,LocalNetworkModule,getInputStream,10,1,0
paho.mqtt.java-0.4.0,org.eclipse.paho.client.mqttv3.internal,LocalNetworkModule,getOutputStream,10,1,0
paho.mqtt.java-0.4.0,org.eclipse.paho.client.mqttv3.internal,LocalNetworkModule,stop,10,2,0
paho.mqtt.java-0.4.0,org.eclipse.paho.client.mqttv3.internal,MessageCatalog,getMessage,21,4,1
paho.mqtt.java-0.4.0,org.eclipse.paho.client.mqttv3.internal,MessageCatalog,getLocalizedMessage,0,1,1
paho.mqtt.java-0.4.0,org.eclipse.paho.client.mqttv3.internal,MqttPersistentData,MqttPersistentData,9,1,7
paho.mqtt.java-0.4.0,org.eclipse.paho.client.mqttv3.internal,MqttPersistentData,getKey,3,1,0
paho.mqtt.java-0.4.0,org.eclipse.paho.client.mqttv3.internal,MqttPersistentData,getHeaderBytes,3,1,0
paho.mqtt.java-0.4.0,org.eclipse.paho.client.mqttv3.internal,MqttPersistentData,getHeaderLength,3,1,0
paho.mqtt.java-0.4.0,org.eclipse.paho.client.mqttv3.internal,MqttPersistentData,getHeaderOffset,3,1,0
paho.mqtt.java-0.4.0,org.eclipse.paho.client.mqttv3.internal,MqttPersistentData,getPayloadBytes,3,1,0
paho.mqtt.java-0.4.0,org.eclipse.paho.client.mqttv3.internal,MqttPersistentData,getPayloadLength,6,2,0
paho.mqtt.java-0.4.0,org.eclipse.paho.client.mqttv3.internal,MqttPersistentData,getPayloadOffset,3,1,0
paho.mqtt.java-0.4.0,org.eclipse.paho.client.mqttv3.internal,NetworkModule,start,0,1,0
paho.mqtt.java-0.4.0,org.eclipse.paho.client.mqttv3.internal,NetworkModule,getInputStream,0,1,0
paho.mqtt.java-0.4.0,org.eclipse.paho.client.mqttv3.internal,NetworkModule,getOutputStream,0,1,0
paho.mqtt.java-0.4.0,org.eclipse.paho.client.mqttv3.internal,NetworkModule,stop,0,1,0
paho.mqtt.java-0.4.0,org.eclipse.paho.client.mqttv3.internal,ResourceBundleCatalog,ResourceBundleCatalog,3,1,0
paho.mqtt.java-0.4.0,org.eclipse.paho.client.mqttv3.internal,ResourceBundleCatalog,getLocalizedMessage,8,1,1
paho.mqtt.java-0.4.0,org.eclipse.paho.client.mqttv3.internal,SSLNetworkModule,SSLNetworkModule,4,1,4
paho.mqtt.java-0.4.0,org.eclipse.paho.client.mqttv3.internal,SSLNetworkModule,getEnabledCiphers,3,1,0
paho.mqtt.java-0.4.0,org.eclipse.paho.client.mqttv3.internal,SSLNetworkModule,setEnabledCiphers,17,5,1
paho.mqtt.java-0.4.0,org.eclipse.paho.client.mqttv3.internal,SSLNetworkModule,setSSLhandshakeTimeout,3,1,1
paho.mqtt.java-0.4.0,org.eclipse.paho.client.mqttv3.internal,SSLNetworkModule,start,10,2,0
paho.mqtt.java-0.4.0,org.eclipse.paho.client.mqttv3.internal,TCPNetworkModule,TCPNetworkModule,6,1,4
paho.mqtt.java-0.4.0,org.eclipse.paho.client.mqttv3.internal,TCPNetworkModule,start,13,1,0
paho.mqtt.java-0.4.0,org.eclipse.paho.client.mqttv3.internal,TCPNetworkModule,getInputStream,3,1,0
paho.mqtt.java-0.4.0,org.eclipse.paho.client.mqttv3.internal,TCPNetworkModule,getOutputStream,3,1,0
paho.mqtt.java-0.4.0,org.eclipse.paho.client.mqttv3.internal,TCPNetworkModule,stop,5,2,0
paho.mqtt.java-0.4.0,org.eclipse.paho.client.mqttv3.internal,TCPNetworkModule,setConnectTimeout,3,1,1
paho.mqtt.java-0.4.0,org.eclipse.paho.client.mqttv3.internal,Token,Token,3,1,1
paho.mqtt.java-0.4.0,org.eclipse.paho.client.mqttv3.internal,Token,getMessageID,3,1,0
paho.mqtt.java-0.4.0,org.eclipse.paho.client.mqttv3.internal,Token,setMessageID,3,1,1
paho.mqtt.java-0.4.0,org.eclipse.paho.client.mqttv3.internal,Token,checkResult,6,2,0
paho.mqtt.java-0.4.0,org.eclipse.paho.client.mqttv3.internal,Token,getException,3,1,0
paho.mqtt.java-0.4.0,org.eclipse.paho.client.mqttv3.internal,Token,isComplete,3,1,0
paho.mqtt.java-0.4.0,org.eclipse.paho.client.mqttv3.internal,Token,isCompletePending,3,1,0
paho.mqtt.java-0.4.0,org.eclipse.paho.client.mqttv3.internal,Token,isInUse,3,1,0
paho.mqtt.java-0.4.0,org.eclipse.paho.client.mqttv3.internal,Token,setActionCallback,3,1,1
paho.mqtt.java-0.4.0,org.eclipse.paho.client.mqttv3.internal,Token,getActionCallback,3,1,0
paho.mqtt.java-0.4.0,org.eclipse.paho.client.mqttv3.internal,Token,waitForCompletion,3,1,0
paho.mqtt.java-0.4.0,org.eclipse.paho.client.mqttv3.internal,Token,waitForCompletion,10,2,1
paho.mqtt.java-0.4.0,org.eclipse.paho.client.mqttv3.internal,Token,waitForResponse,3,1,0
paho.mqtt.java-0.4.0,org.eclipse.paho.client.mqttv3.internal,Token,waitForResponse,30,6,1
paho.mqtt.java-0.4.0,org.eclipse.paho.client.mqttv3.internal,Token,markComplete,12,2,2
paho.mqtt.java-0.4.0,org.eclipse.paho.client.mqttv3.internal,Token,notifyComplete,18,2,0
paho.mqtt.java-0.4.0,org.eclipse.paho.client.mqttv3.internal,Token,waitUntilSent,24,5,0
paho.mqtt.java-0.4.0,org.eclipse.paho.client.mqttv3.internal,Token,notifySent,12,1,0
paho.mqtt.java-0.4.0,org.eclipse.paho.client.mqttv3.internal,Token,getClient,3,1,0
paho.mqtt.java-0.4.0,org.eclipse.paho.client.mqttv3.internal,Token,setClient,3,1,1
paho.mqtt.java-0.4.0,org.eclipse.paho.client.mqttv3.internal,Token,reset,13,2,0
paho.mqtt.java-0.4.0,org.eclipse.paho.client.mqttv3.internal,Token,getMessage,3,1,0
paho.mqtt.java-0.4.0,org.eclipse.paho.client.mqttv3.internal,Token,getWireMessage,3,1,0
paho.mqtt.java-0.4.0,org.eclipse.paho.client.mqttv3.internal,Token,setMessage,3,1,1
paho.mqtt.java-0.4.0,org.eclipse.paho.client.mqttv3.internal,Token,getTopics,3,1,0
paho.mqtt.java-0.4.0,org.eclipse.paho.client.mqttv3.internal,Token,setTopics,3,1,1
paho.mqtt.java-0.4.0,org.eclipse.paho.client.mqttv3.internal,Token,getUserContext,3,1,0
paho.mqtt.java-0.4.0,org.eclipse.paho.client.mqttv3.internal,Token,setUserContext,3,1,1
paho.mqtt.java-0.4.0,org.eclipse.paho.client.mqttv3.internal,Token,setKey,3,1,1
paho.mqtt.java-0.4.0,org.eclipse.paho.client.mqttv3.internal,Token,getKey,3,1,0
paho.mqtt.java-0.4.0,org.eclipse.paho.client.mqttv3.internal,Token,setException,5,1,1
paho.mqtt.java-0.4.0,org.eclipse.paho.client.mqttv3.internal,Token,isNotified,3,1,0
paho.mqtt.java-0.4.0,org.eclipse.paho.client.mqttv3.internal,Token,setNotified,3,1,1
paho.mqtt.java-0.4.0,org.eclipse.paho.client.mqttv3.internal,Token,toString,16,3,0
paho.mqtt.java-0.4.0,org.eclipse.paho.client.mqttv3,IMqttActionListener,onSuccess,0,1,1
paho.mqtt.java-0.4.0,org.eclipse.paho.client.mqttv3,IMqttActionListener,onFailure,0,1,2
paho.mqtt.java-0.4.0,org.eclipse.paho.client.mqttv3,IMqttAsyncClient,connect,0,1,0
paho.mqtt.java-0.4.0,org.eclipse.paho.client.mqttv3,IMqttAsyncClient,connect,0,1,1
paho.mqtt.java-0.4.0,org.eclipse.paho.client.mqttv3,IMqttAsyncClient,connect,0,1,2
paho.mqtt.java-0.4.0,org.eclipse.paho.client.mqttv3,IMqttAsyncClient,connect,0,1,3
paho.mqtt.java-0.4.0,org.eclipse.paho.client.mqttv3,IMqttAsyncClient,disconnect,0,1,0
paho.mqtt.java-0.4.0,org.eclipse.paho.client.mqttv3,IMqttAsyncClient,disconnect,0,1,1
paho.mqtt.java-0.4.0,org.eclipse.paho.client.mqttv3,IMqttAsyncClient,disconnect,0,1,2
paho.mqtt.java-0.4.0,org.eclipse.paho.client.mqttv3,IMqttAsyncClient,disconnect,0,1,3
paho.mqtt.java-0.4.0,org.eclipse.paho.client.mqttv3,IMqttAsyncClient,isConnected,0,1,0
paho.mqtt.java-0.4.0,org.eclipse.paho.client.mqttv3,IMqttAsyncClient,getClientId,0,1,0
paho.mqtt.java-0.4.0,org.eclipse.paho.client.mqttv3,IMqttAsyncClient,getServerURI,0,1,0
paho.mqtt.java-0.4.0,org.eclipse.paho.client.mqttv3,IMqttAsyncClient,publish,0,1,4
paho.mqtt.java-0.4.0,org.eclipse.paho.client.mqttv3,IMqttAsyncClient,publish,0,1,6
paho.mqtt.java-0.4.0,org.eclipse.paho.client.mqttv3,IMqttAsyncClient,publish,0,1,2
paho.mqtt.java-0.4.0,org.eclipse.paho.client.mqttv3,IMqttAsyncClient,publish,0,1,4
paho.mqtt.java-0.4.0,org.eclipse.paho.client.mqttv3,IMqttAsyncClient,subscribe,0,1,2
paho.mqtt.java-0.4.0,org.eclipse.paho.client.mqttv3,IMqttAsyncClient,subscribe,0,1,4
paho.mqtt.java-0.4.0,org.eclipse.paho.client.mqttv3,IMqttAsyncClient,subscribe,0,1,2
paho.mqtt.java-0.4.0,org.eclipse.paho.client.mqttv3,IMqttAsyncClient,subscribe,0,1,4
paho.mqtt.java-0.4.0,org.eclipse.paho.client.mqttv3,IMqttAsyncClient,unsubscribe,0,1,1
paho.mqtt.java-0.4.0,org.eclipse.paho.client.mqttv3,IMqttAsyncClient,unsubscribe,0,1,1
paho.mqtt.java-0.4.0,org.eclipse.paho.client.mqttv3,IMqttAsyncClient,unsubscribe,0,1,3
paho.mqtt.java-0.4.0,org.eclipse.paho.client.mqttv3,IMqttAsyncClient,unsubscribe,0,1,3
paho.mqtt.java-0.4.0,org.eclipse.paho.client.mqttv3,IMqttAsyncClient,setCallback,0,1,1
paho.mqtt.java-0.4.0,org.eclipse.paho.client.mqttv3,IMqttAsyncClient,getPendingDeliveryTokens,0,1,0
paho.mqtt.java-0.4.0,org.eclipse.paho.client.mqttv3,IMqttAsyncClient,close,0,1,0
paho.mqtt.java-0.4.0,org.eclipse.paho.client.mqttv3,IMqttClient,connect,0,1,0
paho.mqtt.java-0.4.0,org.eclipse.paho.client.mqttv3,IMqttClient,connect,0,1,1
paho.mqtt.java-0.4.0,org.eclipse.paho.client.mqttv3,IMqttClient,disconnect,0,1,0
paho.mqtt.java-0.4.0,org.eclipse.paho.client.mqttv3,IMqttClient,disconnect,0,1,1
paho.mqtt.java-0.4.0,org.eclipse.paho.client.mqttv3,IMqttClient,subscribe,0,1,1
paho.mqtt.java-0.4.0,org.eclipse.paho.client.mqttv3,IMqttClient,subscribe,0,1,1
paho.mqtt.java-0.4.0,org.eclipse.paho.client.mqttv3,IMqttClient,subscribe,0,1,2
paho.mqtt.java-0.4.0,org.eclipse.paho.client.mqttv3,IMqttClient,subscribe,0,1,2
paho.mqtt.java-0.4.0,org.eclipse.paho.client.mqttv3,IMqttClient,unsubscribe,0,1,1
paho.mqtt.java-0.4.0,org.eclipse.paho.client.mqttv3,IMqttClient,unsubscribe,0,1,1
paho.mqtt.java-0.4.0,org.eclipse.paho.client.mqttv3,IMqttClient,publish,0,1,4
paho.mqtt.java-0.4.0,org.eclipse.paho.client.mqttv3,IMqttClient,publish,0,1,2
paho.mqtt.java-0.4.0,org.eclipse.paho.client.mqttv3,IMqttClient,setCallback,0,1,1
paho.mqtt.java-0.4.0,org.eclipse.paho.client.mqttv3,IMqttClient,getTopic,0,1,1
paho.mqtt.java-0.4.0,org.eclipse.paho.client.mqttv3,IMqttClient,isConnected,0,1,0
paho.mqtt.java-0.4.0,org.eclipse.paho.client.mqttv3,IMqttClient,getClientId,0,1,0
paho.mqtt.java-0.4.0,org.eclipse.paho.client.mqttv3,IMqttClient,getServerURI,0,1,0
paho.mqtt.java-0.4.0,org.eclipse.paho.client.mqttv3,IMqttClient,getPendingDeliveryTokens,0,1,0
paho.mqtt.java-0.4.0,org.eclipse.paho.client.mqttv3,IMqttClient,close,0,1,0
paho.mqtt.java-0.4.0,org.eclipse.paho.client.mqttv3,IMqttDeliveryToken,getMessage,0,1,0
paho.mqtt.java-0.4.0,org.eclipse.paho.client.mqttv3,IMqttToken,waitForCompletion,0,1,0
paho.mqtt.java-0.4.0,org.eclipse.paho.client.mqttv3,IMqttToken,waitForCompletion,0,1,1
paho.mqtt.java-0.4.0,org.eclipse.paho.client.mqttv3,IMqttToken,isComplete,0,1,0
paho.mqtt.java-0.4.0,org.eclipse.paho.client.mqttv3,IMqttToken,getException,0,1,0
paho.mqtt.java-0.4.0,org.eclipse.paho.client.mqttv3,IMqttToken,setActionCallback,0,1,1
paho.mqtt.java-0.4.0,org.eclipse.paho.client.mqttv3,IMqttToken,getActionCallback,0,1,0
paho.mqtt.java-0.4.0,org.eclipse.paho.client.mqttv3,IMqttToken,getClient,0,1,0
paho.mqtt.java-0.4.0,org.eclipse.paho.client.mqttv3,IMqttToken,getTopics,0,1,0
paho.mqtt.java-0.4.0,org.eclipse.paho.client.mqttv3,IMqttToken,setUserContext,0,1,1
paho.mqtt.java-0.4.0,org.eclipse.paho.client.mqttv3,IMqttToken,getUserContext,0,1,0
paho.mqtt.java-0.4.0,org.eclipse.paho.client.mqttv3,IMqttToken,getMessageId,0,1,0
paho.mqtt.java-0.4.0,org.eclipse.paho.client.mqttv3,MqttAsyncClient,MqttAsyncClient,3,1,2
paho.mqtt.java-0.4.0,org.eclipse.paho.client.mqttv3,MqttAsyncClient,MqttAsyncClient,27,6,3
paho.mqtt.java-0.4.0,org.eclipse.paho.client.mqttv3,MqttAsyncClient,Character_isHighSurrogate,5,1,1
paho.mqtt.java-0.4.0,org.eclipse.paho.client.mqttv3,MqttAsyncClient,createNetworkModules,22,4,2
paho.mqtt.java-0.4.0,org.eclipse.paho.client.mqttv3,MqttAsyncClient,createNetworkModule,54,11,2
paho.mqtt.java-0.4.0,org.eclipse.paho.client.mqttv3,MqttAsyncClient,getPort,11,2,2
paho.mqtt.java-0.4.0,org.eclipse.paho.client.mqttv3,MqttAsyncClient,getHostName,8,2,1
paho.mqtt.java-0.4.0,org.eclipse.paho.client.mqttv3,MqttAsyncClient,connect,3,1,2
paho.mqtt.java-0.4.0,org.eclipse.paho.client.mqttv3,MqttAsyncClient,connect,3,1,0
paho.mqtt.java-0.4.0,org.eclipse.paho.client.mqttv3,MqttAsyncClient,connect,3,1,1
paho.mqtt.java-0.4.0,org.eclipse.paho.client.mqttv3,MqttAsyncClient,connect,24,5,3
paho.mqtt.java-0.4.0,org.eclipse.paho.client.mqttv3,MqttAsyncClient,disconnect,3,1,2
paho.mqtt.java-0.4.0,org.eclipse.paho.client.mqttv3,MqttAsyncClient,disconnect,3,1,0
paho.mqtt.java-0.4.0,org.eclipse.paho.client.mqttv3,MqttAsyncClient,disconnect,3,1,1
paho.mqtt.java-0.4.0,org.eclipse.paho.client.mqttv3,MqttAsyncClient,disconnect,17,1,3
paho.mqtt.java-0.4.0,org.eclipse.paho.client.mqttv3,MqttAsyncClient,isConnected,3,1,0
paho.mqtt.java-0.4.0,org.eclipse.paho.client.mqttv3,MqttAsyncClient,getClientId,3,1,0
paho.mqtt.java-0.4.0,org.eclipse.paho.client.mqttv3,MqttAsyncClient,getServerURI,3,1,0
paho.mqtt.java-0.4.0,org.eclipse.paho.client.mqttv3,MqttAsyncClient,getTopic,9,2,1
paho.mqtt.java-0.4.0,org.eclipse.paho.client.mqttv3,MqttAsyncClient,subscribe,3,1,4
paho.mqtt.java-0.4.0,org.eclipse.paho.client.mqttv3,MqttAsyncClient,subscribe,3,1,2
paho.mqtt.java-0.4.0,org.eclipse.paho.client.mqttv3,MqttAsyncClient,subscribe,3,1,2
paho.mqtt.java-0.4.0,org.eclipse.paho.client.mqttv3,MqttAsyncClient,subscribe,22,4,4
paho.mqtt.java-0.4.0,org.eclipse.paho.client.mqttv3,MqttAsyncClient,unsubscribe,3,1,3
paho.mqtt.java-0.4.0,org.eclipse.paho.client.mqttv3,MqttAsyncClient,unsubscribe,3,1,1
paho.mqtt.java-0.4.0,org.eclipse.paho.client.mqttv3,MqttAsyncClient,unsubscribe,3,1,1
paho.mqtt.java-0.4.0,org.eclipse.paho.client.mqttv3,MqttAsyncClient,unsubscribe,19,3,3
paho.mqtt.java-0.4.0,org.eclipse.paho.client.mqttv3,MqttAsyncClient,setCallback,3,1,1
paho.mqtt.java-0.4.0,org.eclipse.paho.client.mqttv3,MqttAsyncClient,generateClientId,3,1,0
paho.mqtt.java-0.4.0,org.eclipse.paho.client.mqttv3,MqttAsyncClient,getPendingDeliveryTokens,3,1,0
paho.mqtt.java-0.4.0,org.eclipse.paho.client.mqttv3,MqttAsyncClient,publish,6,1,6
paho.mqtt.java-0.4.0,org.eclipse.paho.client.mqttv3,MqttAsyncClient,publish,3,1,4
paho.mqtt.java-0.4.0,org.eclipse.paho.client.mqttv3,MqttAsyncClient,publish,3,1,2
paho.mqtt.java-0.4.0,org.eclipse.paho.client.mqttv3,MqttAsyncClient,publish,14,1,4
paho.mqtt.java-0.4.0,org.eclipse.paho.client.mqttv3,MqttAsyncClient,close,6,1,0
paho.mqtt.java-0.4.0,org.eclipse.paho.client.mqttv3,MqttAsyncClient,getDebug,3,1,0
paho.mqtt.java-0.4.0,org.eclipse.paho.client.mqttv3,MqttAsyncClient,validateTopic,6,2,1
paho.mqtt.java-0.4.0,org.eclipse.paho.client.mqttv3,MqttCallback,connectionLost,0,1,1
paho.mqtt.java-0.4.0,org.eclipse.paho.client.mqttv3,MqttCallback,messageArrived,0,1,2
paho.mqtt.java-0.4.0,org.eclipse.paho.client.mqttv3,MqttCallback,deliveryComplete,0,1,1
paho.mqtt.java-0.4.0,org.eclipse.paho.client.mqttv3,MqttClient,MqttClient,3,1,2
paho.mqtt.java-0.4.0,org.eclipse.paho.client.mqttv3,MqttClient,MqttClient,3,1,3
paho.mqtt.java-0.4.0,org.eclipse.paho.client.mqttv3,MqttClient,connect,3,1,0
paho.mqtt.java-0.4.0,org.eclipse.paho.client.mqttv3,MqttClient,connect,3,1,1
paho.mqtt.java-0.4.0,org.eclipse.paho.client.mqttv3,MqttClient,disconnect,3,1,0
paho.mqtt.java-0.4.0,org.eclipse.paho.client.mqttv3,MqttClient,disconnect,3,1,1
paho.mqtt.java-0.4.0,org.eclipse.paho.client.mqttv3,MqttClient,subscribe,3,1,1
paho.mqtt.java-0.4.0,org.eclipse.paho.client.mqttv3,MqttClient,subscribe,7,2,1
paho.mqtt.java-0.4.0,org.eclipse.paho.client.mqttv3,MqttClient,subscribe,3,1,2
paho.mqtt.java-0.4.0,org.eclipse.paho.client.mqttv3,MqttClient,subscribe,3,1,2
paho.mqtt.java-0.4.0,org.eclipse.paho.client.mqttv3,MqttClient,unsubscribe,3,1,1
paho.mqtt.java-0.4.0,org.eclipse.paho.client.mqttv3,MqttClient,unsubscribe,3,1,1
paho.mqtt.java-0.4.0,org.eclipse.paho.client.mqttv3,MqttClient,publish,6,1,4
paho.mqtt.java-0.4.0,org.eclipse.paho.client.mqttv3,MqttClient,publish,3,1,2
paho.mqtt.java-0.4.0,org.eclipse.paho.client.mqttv3,MqttClient,setTimeToWait,6,2,1
paho.mqtt.java-0.4.0,org.eclipse.paho.client.mqttv3,MqttClient,getTimeToWait,3,1,0
paho.mqtt.java-0.4.0,org.eclipse.paho.client.mqttv3,MqttClient,close,3,1,0
paho.mqtt.java-0.4.0,org.eclipse.paho.client.mqttv3,MqttClient,getClientId,3,1,0
paho.mqtt.java-0.4.0,org.eclipse.paho.client.mqttv3,MqttClient,getPendingDeliveryTokens,3,1,0
paho.mqtt.java-0.4.0,org.eclipse.paho.client.mqttv3,MqttClient,getServerURI,3,1,0
paho.mqtt.java-0.4.0,org.eclipse.paho.client.mqttv3,MqttClient,getTopic,3,1,1
paho.mqtt.java-0.4.0,org.eclipse.paho.client.mqttv3,MqttClient,isConnected,3,1,0
paho.mqtt.java-0.4.0,org.eclipse.paho.client.mqttv3,MqttClient,setCallback,3,1,1
paho.mqtt.java-0.4.0,org.eclipse.paho.client.mqttv3,MqttClient,generateClientId,3,1,0
paho.mqtt.java-0.4.0,org.eclipse.paho.client.mqttv3,MqttClient,getDebug,3,1,0
paho.mqtt.java-0.4.0,org.eclipse.paho.client.mqttv3,MqttClientPersistence,open,0,1,2
paho.mqtt.java-0.4.0,org.eclipse.paho.client.mqttv3,MqttClientPersistence,close,0,1,0
paho.mqtt.java-0.4.0,org.eclipse.paho.client.mqttv3,MqttClientPersistence,put,0,1,2
paho.mqtt.java-0.4.0,org.eclipse.paho.client.mqttv3,MqttClientPersistence,get,0,1,1
paho.mqtt.java-0.4.0,org.eclipse.paho.client.mqttv3,MqttClientPersistence,remove,0,1,1
paho.mqtt.java-0.4.0,org.eclipse.paho.client.mqttv3,MqttClientPersistence,keys,0,1,0
paho.mqtt.java-0.4.0,org.eclipse.paho.client.mqttv3,MqttClientPersistence,clear,0,1,0
paho.mqtt.java-0.4.0,org.eclipse.paho.client.mqttv3,MqttClientPersistence,containsKey,0,1,1
paho.mqtt.java-0.4.0,org.eclipse.paho.client.mqttv3,MqttConnectOptions,MqttConnectOptions,2,1,0
paho.mqtt.java-0.4.0,org.eclipse.paho.client.mqttv3,MqttConnectOptions,getPassword,3,1,0
paho.mqtt.java-0.4.0,org.eclipse.paho.client.mqttv3,MqttConnectOptions,setPassword,3,1,1
paho.mqtt.java-0.4.0,org.eclipse.paho.client.mqttv3,MqttConnectOptions,getUserName,3,1,0
paho.mqtt.java-0.4.0,org.eclipse.paho.client.mqttv3,MqttConnectOptions,setUserName,6,2,1
paho.mqtt.java-0.4.0,org.eclipse.paho.client.mqttv3,MqttConnectOptions,setWill,5,1,4
paho.mqtt.java-0.4.0,org.eclipse.paho.client.mqttv3,MqttConnectOptions,setWill,4,1,4
paho.mqtt.java-0.4.0,org.eclipse.paho.client.mqttv3,MqttConnectOptions,validateWill,6,2,2
paho.mqtt.java-0.4.0,org.eclipse.paho.client.mqttv3,MqttConnectOptions,setWill,7,1,4
paho.mqtt.java-0.4.0,org.eclipse.paho.client.mqttv3,MqttConnectOptions,getKeepAliveInterval,3,1,0
paho.mqtt.java-0.4.0,org.eclipse.paho.client.mqttv3,MqttConnectOptions,setKeepAliveInterval,6,2,1
paho.mqtt.java-0.4.0,org.eclipse.paho.client.mqttv3,MqttConnectOptions,getConnectionTimeout,3,1,0
paho.mqtt.java-0.4.0,org.eclipse.paho.client.mqttv3,MqttConnectOptions,setConnectionTimeout,6,2,1
paho.mqtt.java-0.4.0,org.eclipse.paho.client.mqttv3,MqttConnectOptions,getSocketFactory,3,1,0
paho.mqtt.java-0.4.0,org.eclipse.paho.client.mqttv3,MqttConnectOptions,setSocketFactory,3,1,1
paho.mqtt.java-0.4.0,org.eclipse.paho.client.mqttv3,MqttConnectOptions,getWillDestination,3,1,0
paho.mqtt.java-0.4.0,org.eclipse.paho.client.mqttv3,MqttConnectOptions,getWillMessage,3,1,0
paho.mqtt.java-0.4.0,org.eclipse.paho.client.mqttv3,MqttConnectOptions,getSSLProperties,3,1,0
paho.mqtt.java-0.4.0,org.eclipse.paho.client.mqttv3,MqttConnectOptions,setSSLProperties,3,1,1
paho.mqtt.java-0.4.0,org.eclipse.paho.client.mqttv3,MqttConnectOptions,isCleanSession,3,1,0
paho.mqtt.java-0.4.0,org.eclipse.paho.client.mqttv3,MqttConnectOptions,setCleanSession,3,1,1
paho.mqtt.java-0.4.0,org.eclipse.paho.client.mqttv3,MqttConnectOptions,getServerURIs,3,1,0
paho.mqtt.java-0.4.0,org.eclipse.paho.client.mqttv3,MqttConnectOptions,setServerURIs,6,2,1
paho.mqtt.java-0.4.0,org.eclipse.paho.client.mqttv3,MqttConnectOptions,validateURI,23,5,1
paho.mqtt.java-0.4.0,org.eclipse.paho.client.mqttv3,MqttConnectOptions,getDebug,21,3,0
paho.mqtt.java-0.4.0,org.eclipse.paho.client.mqttv3,MqttConnectOptions,toString,3,1,0
paho.mqtt.java-0.4.0,org.eclipse.paho.client.mqttv3,MqttDeliveryToken,MqttDeliveryToken,3,1,0
paho.mqtt.java-0.4.0,org.eclipse.paho.client.mqttv3,MqttDeliveryToken,MqttDeliveryToken,3,1,1
paho.mqtt.java-0.4.0,org.eclipse.paho.client.mqttv3,MqttDeliveryToken,getMessage,3,1,0
paho.mqtt.java-0.4.0,org.eclipse.paho.client.mqttv3,MqttDeliveryToken,setMessage,3,1,1
paho.mqtt.java-0.4.0,org.eclipse.paho.client.mqttv3,MqttException,MqttException,4,1,1
paho.mqtt.java-0.4.0,org.eclipse.paho.client.mqttv3,MqttException,MqttException,5,1,1
paho.mqtt.java-0.4.0,org.eclipse.paho.client.mqttv3,MqttException,MqttException,5,1,2
paho.mqtt.java-0.4.0,org.eclipse.paho.client.mqttv3,MqttException,getReasonCode,3,1,0
paho.mqtt.java-0.4.0,org.eclipse.paho.client.mqttv3,MqttException,getCause,3,1,0
paho.mqtt.java-0.4.0,org.eclipse.paho.client.mqttv3,MqttException,getMessage,3,1,0
paho.mqtt.java-0.4.0,org.eclipse.paho.client.mqttv3,MqttException,toString,7,2,0
paho.mqtt.java-0.4.0,org.eclipse.paho.client.mqttv3,MqttMessage,validateQos,5,2,1
paho.mqtt.java-0.4.0,org.eclipse.paho.client.mqttv3,MqttMessage,MqttMessage,3,1,0
paho.mqtt.java-0.4.0,org.eclipse.paho.client.mqttv3,MqttMessage,MqttMessage,3,1,1
paho.mqtt.java-0.4.0,org.eclipse.paho.client.mqttv3,MqttMessage,getPayload,3,1,0
paho.mqtt.java-0.4.0,org.eclipse.paho.client.mqttv3,MqttMessage,clearPayload,4,1,0
paho.mqtt.java-0.4.0,org.eclipse.paho.client.mqttv3,MqttMessage,setPayload,7,2,1
paho.mqtt.java-0.4.0,org.eclipse.paho.client.mqttv3,MqttMessage,isRetained,3,1,0
paho.mqtt.java-0.4.0,org.eclipse.paho.client.mqttv3,MqttMessage,setRetained,4,1,1
paho.mqtt.java-0.4.0,org.eclipse.paho.client.mqttv3,MqttMessage,getQos,3,1,0
paho.mqtt.java-0.4.0,org.eclipse.paho.client.mqttv3,MqttMessage,setQos,5,1,1
paho.mqtt.java-0.4.0,org.eclipse.paho.client.mqttv3,MqttMessage,toString,3,1,0
paho.mqtt.java-0.4.0,org.eclipse.paho.client.mqttv3,MqttMessage,setMutable,3,1,1
paho.mqtt.java-0.4.0,org.eclipse.paho.client.mqttv3,MqttMessage,checkMutable,5,2,0
paho.mqtt.java-0.4.0,org.eclipse.paho.client.mqttv3,MqttMessage,setDuplicate,3,1,1
paho.mqtt.java-0.4.0,org.eclipse.paho.client.mqttv3,MqttMessage,isDuplicate,3,1,0
paho.mqtt.java-0.4.0,org.eclipse.paho.client.mqttv3,MqttPersistable,getHeaderBytes,0,1,0
paho.mqtt.java-0.4.0,org.eclipse.paho.client.mqttv3,MqttPersistable,getHeaderLength,0,1,0
paho.mqtt.java-0.4.0,org.eclipse.paho.client.mqttv3,MqttPersistable,getHeaderOffset,0,1,0
paho.mqtt.java-0.4.0,org.eclipse.paho.client.mqttv3,MqttPersistable,getPayloadBytes,0,1,0
paho.mqtt.java-0.4.0,org.eclipse.paho.client.mqttv3,MqttPersistable,getPayloadLength,0,1,0
paho.mqtt.java-0.4.0,org.eclipse.paho.client.mqttv3,MqttPersistable,getPayloadOffset,0,1,0
paho.mqtt.java-0.4.0,org.eclipse.paho.client.mqttv3,MqttPersistenceException,MqttPersistenceException,3,1,0
paho.mqtt.java-0.4.0,org.eclipse.paho.client.mqttv3,MqttPersistenceException,MqttPersistenceException,3,1,1
paho.mqtt.java-0.4.0,org.eclipse.paho.client.mqttv3,MqttPersistenceException,MqttPersistenceException,3,1,1
paho.mqtt.java-0.4.0,org.eclipse.paho.client.mqttv3,MqttPersistenceException,MqttPersistenceException,3,1,2
paho.mqtt.java-0.4.0,org.eclipse.paho.client.mqttv3,MqttSecurityException,MqttSecurityException,3,1,1
paho.mqtt.java-0.4.0,org.eclipse.paho.client.mqttv3,MqttSecurityException,MqttSecurityException,3,1,1
paho.mqtt.java-0.4.0,org.eclipse.paho.client.mqttv3,MqttSecurityException,MqttSecurityException,3,1,2
paho.mqtt.java-0.4.0,org.eclipse.paho.client.mqttv3,MqttToken,MqttToken,2,1,0
paho.mqtt.java-0.4.0,org.eclipse.paho.client.mqttv3,MqttToken,MqttToken,3,1,1
paho.mqtt.java-0.4.0,org.eclipse.paho.client.mqttv3,MqttToken,getException,3,1,0
paho.mqtt.java-0.4.0,org.eclipse.paho.client.mqttv3,MqttToken,isComplete,3,1,0
paho.mqtt.java-0.4.0,org.eclipse.paho.client.mqttv3,MqttToken,setActionCallback,3,1,1
paho.mqtt.java-0.4.0,org.eclipse.paho.client.mqttv3,MqttToken,getActionCallback,3,1,0
paho.mqtt.java-0.4.0,org.eclipse.paho.client.mqttv3,MqttToken,waitForCompletion,3,1,0
paho.mqtt.java-0.4.0,org.eclipse.paho.client.mqttv3,MqttToken,waitForCompletion,3,1,1
paho.mqtt.java-0.4.0,org.eclipse.paho.client.mqttv3,MqttToken,getClient,3,1,0
paho.mqtt.java-0.4.0,org.eclipse.paho.client.mqttv3,MqttToken,getTopics,3,1,0
paho.mqtt.java-0.4.0,org.eclipse.paho.client.mqttv3,MqttToken,getUserContext,3,1,0
paho.mqtt.java-0.4.0,org.eclipse.paho.client.mqttv3,MqttToken,setUserContext,3,1,1
paho.mqtt.java-0.4.0,org.eclipse.paho.client.mqttv3,MqttToken,getMessageId,3,1,0
paho.mqtt.java-0.4.0,org.eclipse.paho.client.mqttv3,MqttTopic,MqttTopic,4,1,2
paho.mqtt.java-0.4.0,org.eclipse.paho.client.mqttv3,MqttTopic,publish,6,1,3
paho.mqtt.java-0.4.0,org.eclipse.paho.client.mqttv3,MqttTopic,publish,7,1,1
paho.mqtt.java-0.4.0,org.eclipse.paho.client.mqttv3,MqttTopic,getName,3,1,0
paho.mqtt.java-0.4.0,org.eclipse.paho.client.mqttv3,MqttTopic,createPublish,3,1,1
paho.mqtt.java-0.4.0,org.eclipse.paho.client.mqttv3,MqttTopic,toString,3,1,0
paho.mqtt.java-0.4.0,org.eclipse.paho.client.mqttv3.internal.security,SSLSocketFactoryFactory,isSupportedOnJVM,10,1,0
paho.mqtt.java-0.4.0,org.eclipse.paho.client.mqttv3.internal.security,SSLSocketFactoryFactory,SSLSocketFactoryFactory,3,1,0
paho.mqtt.java-0.4.0,org.eclipse.paho.client.mqttv3.internal.security,SSLSocketFactoryFactory,SSLSocketFactoryFactory,4,1,1
paho.mqtt.java-0.4.0,org.eclipse.paho.client.mqttv3.internal.security,SSLSocketFactoryFactory,keyValid,10,3,1
paho.mqtt.java-0.4.0,org.eclipse.paho.client.mqttv3.internal.security,SSLSocketFactoryFactory,checkPropertyKeys,10,3,1
paho.mqtt.java-0.4.0,org.eclipse.paho.client.mqttv3.internal.security,SSLSocketFactoryFactory,toChar,10,3,1
paho.mqtt.java-0.4.0,org.eclipse.paho.client.mqttv3.internal.security,SSLSocketFactoryFactory,toByte,11,3,1
paho.mqtt.java-0.4.0,org.eclipse.paho.client.mqttv3.internal.security,SSLSocketFactoryFactory,obfuscate,9,3,1
paho.mqtt.java-0.4.0,org.eclipse.paho.client.mqttv3.internal.security,SSLSocketFactoryFactory,deObfuscate,14,3,1
paho.mqtt.java-0.4.0,org.eclipse.paho.client.mqttv3.internal.security,SSLSocketFactoryFactory,packCipherSuites,14,4,1
paho.mqtt.java-0.4.0,org.eclipse.paho.client.mqttv3.internal.security,SSLSocketFactoryFactory,unpackCipherSuites,15,3,1
paho.mqtt.java-0.4.0,org.eclipse.paho.client.mqttv3.internal.security,SSLSocketFactoryFactory,convertPassword,12,3,1
paho.mqtt.java-0.4.0,org.eclipse.paho.client.mqttv3.internal.security,SSLSocketFactoryFactory,initialize,12,2,2
paho.mqtt.java-0.4.0,org.eclipse.paho.client.mqttv3.internal.security,SSLSocketFactoryFactory,merge,18,4,2
paho.mqtt.java-0.4.0,org.eclipse.paho.client.mqttv3.internal.security,SSLSocketFactoryFactory,remove,13,3,1
paho.mqtt.java-0.4.0,org.eclipse.paho.client.mqttv3.internal.security,SSLSocketFactoryFactory,getConfiguration,3,1,1
paho.mqtt.java-0.4.0,org.eclipse.paho.client.mqttv3.internal.security,SSLSocketFactoryFactory,getProperty,11,3,3
paho.mqtt.java-0.4.0,org.eclipse.paho.client.mqttv3.internal.security,SSLSocketFactoryFactory,getPropertyFromConfig,18,6,2
paho.mqtt.java-0.4.0,org.eclipse.paho.client.mqttv3.internal.security,SSLSocketFactoryFactory,getSSLProtocol,3,1,1
paho.mqtt.java-0.4.0,org.eclipse.paho.client.mqttv3.internal.security,SSLSocketFactoryFactory,getJSSEProvider,3,1,1
paho.mqtt.java-0.4.0,org.eclipse.paho.client.mqttv3.internal.security,SSLSocketFactoryFactory,getKeyStore,13,3,1
paho.mqtt.java-0.4.0,org.eclipse.paho.client.mqttv3.internal.security,SSLSocketFactoryFactory,getKeyStorePassword,13,3,1
paho.mqtt.java-0.4.0,org.eclipse.paho.client.mqttv3.internal.security,SSLSocketFactoryFactory,getKeyStoreType,3,1,1
paho.mqtt.java-0.4.0,org.eclipse.paho.client.mqttv3.internal.security,SSLSocketFactoryFactory,getKeyStoreProvider,3,1,1
paho.mqtt.java-0.4.0,org.eclipse.paho.client.mqttv3.internal.security,SSLSocketFactoryFactory,getKeyManager,3,1,1
paho.mqtt.java-0.4.0,org.eclipse.paho.client.mqttv3.internal.security,SSLSocketFactoryFactory,getTrustStore,3,1,1
paho.mqtt.java-0.4.0,org.eclipse.paho.client.mqttv3.internal.security,SSLSocketFactoryFactory,getTrustStorePassword,13,3,1
paho.mqtt.java-0.4.0,org.eclipse.paho.client.mqttv3.internal.security,SSLSocketFactoryFactory,getTrustStoreType,3,1,1
paho.mqtt.java-0.4.0,org.eclipse.paho.client.mqttv3.internal.security,SSLSocketFactoryFactory,getTrustStoreProvider,3,1,1
paho.mqtt.java-0.4.0,org.eclipse.paho.client.mqttv3.internal.security,SSLSocketFactoryFactory,getTrustManager,3,1,1
paho.mqtt.java-0.4.0,org.eclipse.paho.client.mqttv3.internal.security,SSLSocketFactoryFactory,getEnabledCipherSuites,5,1,1
paho.mqtt.java-0.4.0,org.eclipse.paho.client.mqttv3.internal.security,SSLSocketFactoryFactory,getClientAuthentication,8,2,1
paho.mqtt.java-0.4.0,org.eclipse.paho.client.mqttv3.internal.security,SSLSocketFactoryFactory,getSSLContext,150,23,1
paho.mqtt.java-0.4.0,org.eclipse.paho.client.mqttv3.internal.security,SSLSocketFactoryFactory,createSocketFactory,8,2,1
paho.mqtt.java-0.4.0,org.eclipse.paho.client.mqttv3.internal.security,SimpleBase64Encoder,encode,18,4,1
paho.mqtt.java-0.4.0,org.eclipse.paho.client.mqttv3.internal.security,SimpleBase64Encoder,decode,30,6,1
paho.mqtt.java-0.4.0,org.eclipse.paho.client.mqttv3.internal.security,SimpleBase64Encoder,to64,9,2,2
paho.mqtt.java-0.4.0,org.eclipse.paho.client.mqttv3.internal.security,SimpleBase64Encoder,from64,24,6,3
paho.mqtt.java-0.4.0,org.eclipse.paho.client.mqttv3.internal.wire,CountingInputStream,CountingInputStream,4,1,1
paho.mqtt.java-0.4.0,org.eclipse.paho.client.mqttv3.internal.wire,CountingInputStream,read,7,2,0
paho.mqtt.java-0.4.0,org.eclipse.paho.client.mqttv3.internal.wire,CountingInputStream,getCounter,3,1,0
paho.mqtt.java-0.4.0,org.eclipse.paho.client.mqttv3.internal.wire,CountingInputStream,resetCounter,3,1,0
paho.mqtt.java-0.4.0,org.eclipse.paho.client.mqttv3.internal.wire,MqttAck,MqttAck,3,1,1
paho.mqtt.java-0.4.0,org.eclipse.paho.client.mqttv3.internal.wire,MqttAck,getMessageInfo,3,1,0
paho.mqtt.java-0.4.0,org.eclipse.paho.client.mqttv3.internal.wire,MqttAck,toString,3,1,0
paho.mqtt.java-0.4.0,org.eclipse.paho.client.mqttv3.internal.wire,MqttConnack,MqttConnack,8,1,2
paho.mqtt.java-0.4.0,org.eclipse.paho.client.mqttv3.internal.wire,MqttConnack,getReturnCode,3,1,0
paho.mqtt.java-0.4.0,org.eclipse.paho.client.mqttv3.internal.wire,MqttConnack,getVariableHeader,3,1,0
paho.mqtt.java-0.4.0,org.eclipse.paho.client.mqttv3.internal.wire,MqttConnack,isMessageIdRequired,3,1,0
paho.mqtt.java-0.4.0,org.eclipse.paho.client.mqttv3.internal.wire,MqttConnack,getKey,3,1,0
paho.mqtt.java-0.4.0,org.eclipse.paho.client.mqttv3.internal.wire,MqttConnack,toString,3,1,0
paho.mqtt.java-0.4.0,org.eclipse.paho.client.mqttv3.internal.wire,MqttConnect,MqttConnect,11,1,2
paho.mqtt.java-0.4.0,org.eclipse.paho.client.mqttv3.internal.wire,MqttConnect,MqttConnect,10,1,7
paho.mqtt.java-0.4.0,org.eclipse.paho.client.mqttv3.internal.wire,MqttConnect,toString,5,1,0
paho.mqtt.java-0.4.0,org.eclipse.paho.client.mqttv3.internal.wire,MqttConnect,getMessageInfo,3,1,0
paho.mqtt.java-0.4.0,org.eclipse.paho.client.mqttv3.internal.wire,MqttConnect,isCleanSession,3,1,0
paho.mqtt.java-0.4.0,org.eclipse.paho.client.mqttv3.internal.wire,MqttConnect,getVariableHeader,32,6,0
paho.mqtt.java-0.4.0,org.eclipse.paho.client.mqttv3.internal.wire,MqttConnect,getPayload,23,4,0
paho.mqtt.java-0.4.0,org.eclipse.paho.client.mqttv3.internal.wire,MqttConnect,isMessageIdRequired,3,1,0
paho.mqtt.java-0.4.0,org.eclipse.paho.client.mqttv3.internal.wire,MqttConnect,getKey,3,1,0
paho.mqtt.java-0.4.0,org.eclipse.paho.client.mqttv3.internal.wire,MqttDisconnect,MqttDisconnect,3,1,0
paho.mqtt.java-0.4.0,org.eclipse.paho.client.mqttv3.internal.wire,MqttDisconnect,MqttDisconnect,3,1,2
paho.mqtt.java-0.4.0,org.eclipse.paho.client.mqttv3.internal.wire,MqttDisconnect,getMessageInfo,3,1,0
paho.mqtt.java-0.4.0,org.eclipse.paho.client.mqttv3.internal.wire,MqttDisconnect,getVariableHeader,3,1,0
paho.mqtt.java-0.4.0,org.eclipse.paho.client.mqttv3.internal.wire,MqttDisconnect,isMessageIdRequired,3,1,0
paho.mqtt.java-0.4.0,org.eclipse.paho.client.mqttv3.internal.wire,MqttDisconnect,getKey,3,1,0
paho.mqtt.java-0.4.0,org.eclipse.paho.client.mqttv3.internal.wire,MqttInputStream,MqttInputStream,3,1,1
paho.mqtt.java-0.4.0,org.eclipse.paho.client.mqttv3.internal.wire,MqttInputStream,read,3,1,0
paho.mqtt.java-0.4.0,org.eclipse.paho.client.mqttv3.internal.wire,MqttInputStream,available,3,1,0
paho.mqtt.java-0.4.0,org.eclipse.paho.client.mqttv3.internal.wire,MqttInputStream,close,3,1,0
paho.mqtt.java-0.4.0,org.eclipse.paho.client.mqttv3.internal.wire,MqttInputStream,readMqttWireMessage,19,2,0
paho.mqtt.java-0.4.0,org.eclipse.paho.client.mqttv3.internal.wire,MqttOutputStream,MqttOutputStream,3,1,1
paho.mqtt.java-0.4.0,org.eclipse.paho.client.mqttv3.internal.wire,MqttOutputStream,close,3,1,0
paho.mqtt.java-0.4.0,org.eclipse.paho.client.mqttv3.internal.wire,MqttOutputStream,flush,3,1,0
paho.mqtt.java-0.4.0,org.eclipse.paho.client.mqttv3.internal.wire,MqttOutputStream,write,3,1,1
paho.mqtt.java-0.4.0,org.eclipse.paho.client.mqttv3.internal.wire,MqttOutputStream,write,3,1,3
paho.mqtt.java-0.4.0,org.eclipse.paho.client.mqttv3.internal.wire,MqttOutputStream,write,3,1,1
paho.mqtt.java-0.4.0,org.eclipse.paho.client.mqttv3.internal.wire,MqttOutputStream,write,8,1,1
paho.mqtt.java-0.4.0,org.eclipse.paho.client.mqttv3.internal.wire,MqttPersistableWireMessage,MqttPersistableWireMessage,3,1,1
paho.mqtt.java-0.4.0,org.eclipse.paho.client.mqttv3.internal.wire,MqttPersistableWireMessage,getHeaderBytes,8,1,0
paho.mqtt.java-0.4.0,org.eclipse.paho.client.mqttv3.internal.wire,MqttPersistableWireMessage,getHeaderLength,3,1,0
paho.mqtt.java-0.4.0,org.eclipse.paho.client.mqttv3.internal.wire,MqttPersistableWireMessage,getHeaderOffset,3,1,0
paho.mqtt.java-0.4.0,org.eclipse.paho.client.mqttv3.internal.wire,MqttPersistableWireMessage,getPayloadBytes,8,1,0
paho.mqtt.java-0.4.0,org.eclipse.paho.client.mqttv3.internal.wire,MqttPersistableWireMessage,getPayloadLength,3,1,0
paho.mqtt.java-0.4.0,org.eclipse.paho.client.mqttv3.internal.wire,MqttPersistableWireMessage,getPayloadOffset,3,1,0
paho.mqtt.java-0.4.0,org.eclipse.paho.client.mqttv3.internal.wire,MqttPingReq,MqttPingReq,3,1,0
paho.mqtt.java-0.4.0,org.eclipse.paho.client.mqttv3.internal.wire,MqttPingReq,MqttPingReq,3,1,2
paho.mqtt.java-0.4.0,org.eclipse.paho.client.mqttv3.internal.wire,MqttPingReq,isMessageIdRequired,3,1,0
paho.mqtt.java-0.4.0,org.eclipse.paho.client.mqttv3.internal.wire,MqttPingReq,getVariableHeader,3,1,0
paho.mqtt.java-0.4.0,org.eclipse.paho.client.mqttv3.internal.wire,MqttPingReq,getMessageInfo,3,1,0
paho.mqtt.java-0.4.0,org.eclipse.paho.client.mqttv3.internal.wire,MqttPingReq,getKey,3,1,0
paho.mqtt.java-0.4.0,org.eclipse.paho.client.mqttv3.internal.wire,MqttPingResp,MqttPingResp,3,1,2
paho.mqtt.java-0.4.0,org.eclipse.paho.client.mqttv3.internal.wire,MqttPingResp,getVariableHeader,3,1,0
paho.mqtt.java-0.4.0,org.eclipse.paho.client.mqttv3.internal.wire,MqttPingResp,isMessageIdRequired,3,1,0
paho.mqtt.java-0.4.0,org.eclipse.paho.client.mqttv3.internal.wire,MqttPingResp,getKey,3,1,0
paho.mqtt.java-0.4.0,org.eclipse.paho.client.mqttv3.internal.wire,MqttPubAck,MqttPubAck,7,1,2
paho.mqtt.java-0.4.0,org.eclipse.paho.client.mqttv3.internal.wire,MqttPubAck,MqttPubAck,4,1,1
paho.mqtt.java-0.4.0,org.eclipse.paho.client.mqttv3.internal.wire,MqttPubAck,getVariableHeader,3,1,0
paho.mqtt.java-0.4.0,org.eclipse.paho.client.mqttv3.internal.wire,MqttPubComp,MqttPubComp,7,1,2
paho.mqtt.java-0.4.0,org.eclipse.paho.client.mqttv3.internal.wire,MqttPubComp,MqttPubComp,4,1,1
paho.mqtt.java-0.4.0,org.eclipse.paho.client.mqttv3.internal.wire,MqttPubComp,MqttPubComp,4,1,1
paho.mqtt.java-0.4.0,org.eclipse.paho.client.mqttv3.internal.wire,MqttPubComp,getVariableHeader,3,1,0
paho.mqtt.java-0.4.0,org.eclipse.paho.client.mqttv3.internal.wire,MqttPubRec,MqttPubRec,7,1,2
paho.mqtt.java-0.4.0,org.eclipse.paho.client.mqttv3.internal.wire,MqttPubRec,MqttPubRec,4,1,1
paho.mqtt.java-0.4.0,org.eclipse.paho.client.mqttv3.internal.wire,MqttPubRec,getVariableHeader,3,1,0
paho.mqtt.java-0.4.0,org.eclipse.paho.client.mqttv3.internal.wire,MqttPubRel,MqttPubRel,4,1,1
paho.mqtt.java-0.4.0,org.eclipse.paho.client.mqttv3.internal.wire,MqttPubRel,MqttPubRel,7,1,2
paho.mqtt.java-0.4.0,org.eclipse.paho.client.mqttv3.internal.wire,MqttPubRel,getVariableHeader,3,1,0
paho.mqtt.java-0.4.0,org.eclipse.paho.client.mqttv3.internal.wire,MqttPubRel,getMessageInfo,3,1,0
paho.mqtt.java-0.4.0,org.eclipse.paho.client.mqttv3.internal.wire,MqttPubRel,toString,3,1,0
paho.mqtt.java-0.4.0,org.eclipse.paho.client.mqttv3.internal.wire,MqttPublish,MqttPublish,5,1,2
paho.mqtt.java-0.4.0,org.eclipse.paho.client.mqttv3.internal.wire,MqttPublish,MqttPublish,22,4,2
paho.mqtt.java-0.4.0,org.eclipse.paho.client.mqttv3.internal.wire,MqttPublish,toString,33,4,0
paho.mqtt.java-0.4.0,org.eclipse.paho.client.mqttv3.internal.wire,MqttPublish,getMessageInfo,10,3,0
paho.mqtt.java-0.4.0,org.eclipse.paho.client.mqttv3.internal.wire,MqttPublish,getTopicName,3,1,0
paho.mqtt.java-0.4.0,org.eclipse.paho.client.mqttv3.internal.wire,MqttPublish,getMessage,3,1,0
paho.mqtt.java-0.4.0,org.eclipse.paho.client.mqttv3.internal.wire,MqttPublish,encodePayload,3,1,1
paho.mqtt.java-0.4.0,org.eclipse.paho.client.mqttv3.internal.wire,MqttPublish,getPayload,6,2,0
paho.mqtt.java-0.4.0,org.eclipse.paho.client.mqttv3.internal.wire,MqttPublish,getPayloadLength,9,1,0
paho.mqtt.java-0.4.0,org.eclipse.paho.client.mqttv3.internal.wire,MqttPublish,setMessageId,6,2,1
paho.mqtt.java-0.4.0,org.eclipse.paho.client.mqttv3.internal.wire,MqttPublish,getVariableHeader,15,2,0
paho.mqtt.java-0.4.0,org.eclipse.paho.client.mqttv3.internal.wire,MqttPublish,isMessageIdRequired,3,1,0
paho.mqtt.java-0.4.0,org.eclipse.paho.client.mqttv3.internal.wire,MqttReceivedMessage,setMessageId,3,1,1
paho.mqtt.java-0.4.0,org.eclipse.paho.client.mqttv3.internal.wire,MqttReceivedMessage,getMessageId,3,1,0
paho.mqtt.java-0.4.0,org.eclipse.paho.client.mqttv3.internal.wire,MqttReceivedMessage,setDuplicate,3,1,1
paho.mqtt.java-0.4.0,org.eclipse.paho.client.mqttv3.internal.wire,MqttSuback,MqttSuback,15,2,2
paho.mqtt.java-0.4.0,org.eclipse.paho.client.mqttv3.internal.wire,MqttSuback,getVariableHeader,3,1,0
paho.mqtt.java-0.4.0,org.eclipse.paho.client.mqttv3.internal.wire,MqttSuback,toString,7,2,0
paho.mqtt.java-0.4.0,org.eclipse.paho.client.mqttv3.internal.wire,MqttSubscribe,MqttSubscribe,20,2,2
paho.mqtt.java-0.4.0,org.eclipse.paho.client.mqttv3.internal.wire,MqttSubscribe,MqttSubscribe,11,3,2
paho.mqtt.java-0.4.0,org.eclipse.paho.client.mqttv3.internal.wire,MqttSubscribe,toString,20,5,0
paho.mqtt.java-0.4.0,org.eclipse.paho.client.mqttv3.internal.wire,MqttSubscribe,getMessageInfo,3,1,0
paho.mqtt.java-0.4.0,org.eclipse.paho.client.mqttv3.internal.wire,MqttSubscribe,getVariableHeader,12,1,0
paho.mqtt.java-0.4.0,org.eclipse.paho.client.mqttv3.internal.wire,MqttSubscribe,getPayload,14,2,0
paho.mqtt.java-0.4.0,org.eclipse.paho.client.mqttv3.internal.wire,MqttSubscribe,isRetryable,3,1,0
paho.mqtt.java-0.4.0,org.eclipse.paho.client.mqttv3.internal.wire,MqttUnsubAck,MqttUnsubAck,7,1,2
paho.mqtt.java-0.4.0,org.eclipse.paho.client.mqttv3.internal.wire,MqttUnsubAck,getVariableHeader,3,1,0
paho.mqtt.java-0.4.0,org.eclipse.paho.client.mqttv3.internal.wire,MqttUnsubscribe,MqttUnsubscribe,4,1,1
paho.mqtt.java-0.4.0,org.eclipse.paho.client.mqttv3.internal.wire,MqttUnsubscribe,MqttUnsubscribe,18,2,2
paho.mqtt.java-0.4.0,org.eclipse.paho.client.mqttv3.internal.wire,MqttUnsubscribe,toString,13,3,0
paho.mqtt.java-0.4.0,org.eclipse.paho.client.mqttv3.internal.wire,MqttUnsubscribe,getMessageInfo,3,1,0
paho.mqtt.java-0.4.0,org.eclipse.paho.client.mqttv3.internal.wire,MqttUnsubscribe,getVariableHeader,12,1,0
paho.mqtt.java-0.4.0,org.eclipse.paho.client.mqttv3.internal.wire,MqttUnsubscribe,getPayload,8,2,0
paho.mqtt.java-0.4.0,org.eclipse.paho.client.mqttv3.internal.wire,MqttUnsubscribe,isRetryable,3,1,0
paho.mqtt.java-0.4.0,org.eclipse.paho.client.mqttv3.internal.wire,MqttWireMessage,MqttWireMessage,4,1,1
paho.mqtt.java-0.4.0,org.eclipse.paho.client.mqttv3.internal.wire,MqttWireMessage,getMessageInfo,0,1,0
paho.mqtt.java-0.4.0,org.eclipse.paho.client.mqttv3.internal.wire,MqttWireMessage,getPayload,3,1,0
paho.mqtt.java-0.4.0,org.eclipse.paho.client.mqttv3.internal.wire,MqttWireMessage,getType,3,1,0
paho.mqtt.java-0.4.0,org.eclipse.paho.client.mqttv3.internal.wire,MqttWireMessage,getMessageId,3,1,0
paho.mqtt.java-0.4.0,org.eclipse.paho.client.mqttv3.internal.wire,MqttWireMessage,setMessageId,3,1,1
paho.mqtt.java-0.4.0,org.eclipse.paho.client.mqttv3.internal.wire,MqttWireMessage,getKey,3,1,0
paho.mqtt.java-0.4.0,org.eclipse.paho.client.mqttv3.internal.wire,MqttWireMessage,getHeader,20,2,0
paho.mqtt.java-0.4.0,org.eclipse.paho.client.mqttv3.internal.wire,MqttWireMessage,getVariableHeader,0,1,0
paho.mqtt.java-0.4.0,org.eclipse.paho.client.mqttv3.internal.wire,MqttWireMessage,isMessageIdRequired,3,1,0
paho.mqtt.java-0.4.0,org.eclipse.paho.client.mqttv3.internal.wire,MqttWireMessage,createWireMessage,8,2,1
paho.mqtt.java-0.4.0,org.eclipse.paho.client.mqttv3.internal.wire,MqttWireMessage,createWireMessage,4,1,1
paho.mqtt.java-0.4.0,org.eclipse.paho.client.mqttv3.internal.wire,MqttWireMessage,createWireMessage,67,16,1
paho.mqtt.java-0.4.0,org.eclipse.paho.client.mqttv3.internal.wire,MqttWireMessage,encodeMBI,16,3,1
paho.mqtt.java-0.4.0,org.eclipse.paho.client.mqttv3.internal.wire,MqttWireMessage,readMBI,14,2,1
paho.mqtt.java-0.4.0,org.eclipse.paho.client.mqttv3.internal.wire,MqttWireMessage,encodeMessageId,12,1,0
paho.mqtt.java-0.4.0,org.eclipse.paho.client.mqttv3.internal.wire,MqttWireMessage,isRetryable,3,1,0
paho.mqtt.java-0.4.0,org.eclipse.paho.client.mqttv3.internal.wire,MqttWireMessage,setDuplicate,3,1,1
paho.mqtt.java-0.4.0,org.eclipse.paho.client.mqttv3.internal.wire,MqttWireMessage,encodeUTF8,16,1,2
paho.mqtt.java-0.4.0,org.eclipse.paho.client.mqttv3.internal.wire,MqttWireMessage,decodeUTF8,12,1,1
paho.mqtt.java-0.4.0,org.eclipse.paho.client.mqttv3.internal.wire,MqttWireMessage,toString,3,1,0
paho.mqtt.java-0.4.0,org.eclipse.paho.client.mqttv3.internal.wire,MultiByteArrayInputStream,MultiByteArrayInputStream,8,1,6
paho.mqtt.java-0.4.0,org.eclipse.paho.client.mqttv3.internal.wire,MultiByteArrayInputStream,read,17,4,0
paho.mqtt.java-0.4.0,org.eclipse.paho.client.mqttv3.internal.wire,MultiByteInteger,MultiByteInteger,3,1,1
paho.mqtt.java-0.4.0,org.eclipse.paho.client.mqttv3.internal.wire,MultiByteInteger,MultiByteInteger,4,1,2
paho.mqtt.java-0.4.0,org.eclipse.paho.client.mqttv3.internal.wire,MultiByteInteger,getEncodedLength,3,1,0
paho.mqtt.java-0.4.0,org.eclipse.paho.client.mqttv3.internal.wire,MultiByteInteger,getValue,3,1,0
paho.mqtt.java-0.4.0,org.eclipse.paho.client.mqttv3.logging,JSR47Logger,initialise,9,1,3
paho.mqtt.java-0.4.0,org.eclipse.paho.client.mqttv3.logging,JSR47Logger,setResourceName,3,1,1
paho.mqtt.java-0.4.0,org.eclipse.paho.client.mqttv3.logging,JSR47Logger,isLoggable,3,1,1
paho.mqtt.java-0.4.0,org.eclipse.paho.client.mqttv3.logging,JSR47Logger,severe,3,1,3
paho.mqtt.java-0.4.0,org.eclipse.paho.client.mqttv3.logging,JSR47Logger,severe,3,1,4
paho.mqtt.java-0.4.0,org.eclipse.paho.client.mqttv3.logging,JSR47Logger,severe,3,1,5
paho.mqtt.java-0.4.0,org.eclipse.paho.client.mqttv3.logging,JSR47Logger,warning,3,1,3
paho.mqtt.java-0.4.0,org.eclipse.paho.client.mqttv3.logging,JSR47Logger,warning,3,1,4
paho.mqtt.java-0.4.0,org.eclipse.paho.client.mqttv3.logging,JSR47Logger,warning,3,1,5
paho.mqtt.java-0.4.0,org.eclipse.paho.client.mqttv3.logging,JSR47Logger,info,3,1,3
paho.mqtt.java-0.4.0,org.eclipse.paho.client.mqttv3.logging,JSR47Logger,info,3,1,4
paho.mqtt.java-0.4.0,org.eclipse.paho.client.mqttv3.logging,JSR47Logger,info,3,1,5
paho.mqtt.java-0.4.0,org.eclipse.paho.client.mqttv3.logging,JSR47Logger,config,3,1,3
paho.mqtt.java-0.4.0,org.eclipse.paho.client.mqttv3.logging,JSR47Logger,config,3,1,4
paho.mqtt.java-0.4.0,org.eclipse.paho.client.mqttv3.logging,JSR47Logger,config,3,1,5
paho.mqtt.java-0.4.0,org.eclipse.paho.client.mqttv3.logging,JSR47Logger,log,6,2,6
paho.mqtt.java-0.4.0,org.eclipse.paho.client.mqttv3.logging,JSR47Logger,fine,3,1,3
paho.mqtt.java-0.4.0,org.eclipse.paho.client.mqttv3.logging,JSR47Logger,fine,3,1,4
paho.mqtt.java-0.4.0,org.eclipse.paho.client.mqttv3.logging,JSR47Logger,fine,3,1,5
paho.mqtt.java-0.4.0,org.eclipse.paho.client.mqttv3.logging,JSR47Logger,finer,3,1,3
paho.mqtt.java-0.4.0,org.eclipse.paho.client.mqttv3.logging,JSR47Logger,finer,3,1,4
paho.mqtt.java-0.4.0,org.eclipse.paho.client.mqttv3.logging,JSR47Logger,finer,3,1,5
paho.mqtt.java-0.4.0,org.eclipse.paho.client.mqttv3.logging,JSR47Logger,finest,3,1,3
paho.mqtt.java-0.4.0,org.eclipse.paho.client.mqttv3.logging,JSR47Logger,finest,3,1,4
paho.mqtt.java-0.4.0,org.eclipse.paho.client.mqttv3.logging,JSR47Logger,finest,3,1,5
paho.mqtt.java-0.4.0,org.eclipse.paho.client.mqttv3.logging,JSR47Logger,trace,7,2,6
paho.mqtt.java-0.4.0,org.eclipse.paho.client.mqttv3.logging,JSR47Logger,getResourceMessage,10,1,2
paho.mqtt.java-0.4.0,org.eclipse.paho.client.mqttv3.logging,JSR47Logger,logToJsr47,14,3,8
paho.mqtt.java-0.4.0,org.eclipse.paho.client.mqttv3.logging,JSR47Logger,mapJULLevel,27,8,1
paho.mqtt.java-0.4.0,org.eclipse.paho.client.mqttv3.logging,JSR47Logger,formatMessage,10,1,2
paho.mqtt.java-0.4.0,org.eclipse.paho.client.mqttv3.logging,JSR47Logger,dumpTrace,3,1,0
paho.mqtt.java-0.4.0,org.eclipse.paho.client.mqttv3.logging,JSR47Logger,dumpMemoryTrace47,16,4,1
paho.mqtt.java-0.4.0,org.eclipse.paho.client.mqttv3.logging,Logger,initialise,0,1,3
paho.mqtt.java-0.4.0,org.eclipse.paho.client.mqttv3.logging,Logger,setResourceName,0,1,1
paho.mqtt.java-0.4.0,org.eclipse.paho.client.mqttv3.logging,Logger,isLoggable,0,1,1
paho.mqtt.java-0.4.0,org.eclipse.paho.client.mqttv3.logging,Logger,severe,0,1,3
paho.mqtt.java-0.4.0,org.eclipse.paho.client.mqttv3.logging,Logger,severe,0,1,4
paho.mqtt.java-0.4.0,org.eclipse.paho.client.mqttv3.logging,Logger,severe,0,1,5
paho.mqtt.java-0.4.0,org.eclipse.paho.client.mqttv3.logging,Logger,warning,0,1,3
paho.mqtt.java-0.4.0,org.eclipse.paho.client.mqttv3.logging,Logger,warning,0,1,4
paho.mqtt.java-0.4.0,org.eclipse.paho.client.mqttv3.logging,Logger,warning,0,1,5
paho.mqtt.java-0.4.0,org.eclipse.paho.client.mqttv3.logging,Logger,info,0,1,3
paho.mqtt.java-0.4.0,org.eclipse.paho.client.mqttv3.logging,Logger,info,0,1,4
paho.mqtt.java-0.4.0,org.eclipse.paho.client.mqttv3.logging,Logger,info,0,1,5
paho.mqtt.java-0.4.0,org.eclipse.paho.client.mqttv3.logging,Logger,config,0,1,3
paho.mqtt.java-0.4.0,org.eclipse.paho.client.mqttv3.logging,Logger,config,0,1,4
paho.mqtt.java-0.4.0,org.eclipse.paho.client.mqttv3.logging,Logger,config,0,1,5
paho.mqtt.java-0.4.0,org.eclipse.paho.client.mqttv3.logging,Logger,fine,0,1,3
paho.mqtt.java-0.4.0,org.eclipse.paho.client.mqttv3.logging,Logger,fine,0,1,4
paho.mqtt.java-0.4.0,org.eclipse.paho.client.mqttv3.logging,Logger,fine,0,1,5
paho.mqtt.java-0.4.0,org.eclipse.paho.client.mqttv3.logging,Logger,finer,0,1,3
paho.mqtt.java-0.4.0,org.eclipse.paho.client.mqttv3.logging,Logger,finer,0,1,4
paho.mqtt.java-0.4.0,org.eclipse.paho.client.mqttv3.logging,Logger,finer,0,1,5
paho.mqtt.java-0.4.0,org.eclipse.paho.client.mqttv3.logging,Logger,finest,0,1,3
paho.mqtt.java-0.4.0,org.eclipse.paho.client.mqttv3.logging,Logger,finest,0,1,4
paho.mqtt.java-0.4.0,org.eclipse.paho.client.mqttv3.logging,Logger,finest,0,1,5
paho.mqtt.java-0.4.0,org.eclipse.paho.client.mqttv3.logging,Logger,log,0,1,6
paho.mqtt.java-0.4.0,org.eclipse.paho.client.mqttv3.logging,Logger,trace,0,1,6
paho.mqtt.java-0.4.0,org.eclipse.paho.client.mqttv3.logging,Logger,formatMessage,0,1,2
paho.mqtt.java-0.4.0,org.eclipse.paho.client.mqttv3.logging,Logger,dumpTrace,0,1,0
paho.mqtt.java-0.4.0,org.eclipse.paho.client.mqttv3.logging,LoggerFactory,getLogger,12,3,2
paho.mqtt.java-0.4.0,org.eclipse.paho.client.mqttv3.logging,LoggerFactory,getLogger,32,2,4
paho.mqtt.java-0.4.0,org.eclipse.paho.client.mqttv3.logging,LoggerFactory,getLoggingProperty,14,1,1
paho.mqtt.java-0.4.0,org.eclipse.paho.client.mqttv3.logging,LoggerFactory,setLogger,3,1,1
paho.mqtt.java-0.4.0,org.eclipse.paho.client.mqttv3.logging,SimpleLogFormatter,SimpleLogFormatter,3,1,0
paho.mqtt.java-0.4.0,org.eclipse.paho.client.mqttv3.logging,SimpleLogFormatter,format,43,5,1
paho.mqtt.java-0.4.0,org.eclipse.paho.client.mqttv3.logging,SimpleLogFormatter,left,11,3,3
paho.mqtt.java-0.4.0,org.eclipse.paho.client.mqttv3.persist,MemoryPersistence,close,3,1,0
paho.mqtt.java-0.4.0,org.eclipse.paho.client.mqttv3.persist,MemoryPersistence,keys,3,1,0
paho.mqtt.java-0.4.0,org.eclipse.paho.client.mqttv3.persist,MemoryPersistence,get,3,1,1
paho.mqtt.java-0.4.0,org.eclipse.paho.client.mqttv3.persist,MemoryPersistence,open,3,1,2
paho.mqtt.java-0.4.0,org.eclipse.paho.client.mqttv3.persist,MemoryPersistence,put,3,1,2
paho.mqtt.java-0.4.0,org.eclipse.paho.client.mqttv3.persist,MemoryPersistence,remove,3,1,1
paho.mqtt.java-0.4.0,org.eclipse.paho.client.mqttv3.persist,MemoryPersistence,clear,3,1,0
paho.mqtt.java-0.4.0,org.eclipse.paho.client.mqttv3.persist,MemoryPersistence,containsKey,3,1,1
paho.mqtt.java-0.4.0,org.eclipse.paho.client.mqttv3.persist,MqttDefaultFilePersistence,accept,3,1,2
paho.mqtt.java-0.4.0,org.eclipse.paho.client.mqttv3.persist,MqttDefaultFilePersistence,MqttDefaultFilePersistence,3,1,0
paho.mqtt.java-0.4.0,org.eclipse.paho.client.mqttv3.persist,MqttDefaultFilePersistence,MqttDefaultFilePersistence,3,1,1
paho.mqtt.java-0.4.0,org.eclipse.paho.client.mqttv3.persist,MqttDefaultFilePersistence,open,43,11,2
paho.mqtt.java-0.4.0,org.eclipse.paho.client.mqttv3.persist,MqttDefaultFilePersistence,checkIsOpen,5,2,0
paho.mqtt.java-0.4.0,org.eclipse.paho.client.mqttv3.persist,MqttDefaultFilePersistence,close,11,3,0
paho.mqtt.java-0.4.0,org.eclipse.paho.client.mqttv3.persist,MqttDefaultFilePersistence,put,36,7,2
paho.mqtt.java-0.4.0,org.eclipse.paho.client.mqttv3.persist,MqttDefaultFilePersistence,get,20,2,1
paho.mqtt.java-0.4.0,org.eclipse.paho.client.mqttv3.persist,MqttDefaultFilePersistence,remove,7,2,1
paho.mqtt.java-0.4.0,org.eclipse.paho.client.mqttv3.persist,MqttDefaultFilePersistence,keys,11,2,0
paho.mqtt.java-0.4.0,org.eclipse.paho.client.mqttv3.persist,MqttDefaultFilePersistence,getFiles,8,2,0
paho.mqtt.java-0.4.0,org.eclipse.paho.client.mqttv3.persist,MqttDefaultFilePersistence,isSafeChar,3,1,1
paho.mqtt.java-0.4.0,org.eclipse.paho.client.mqttv3.persist,MqttDefaultFilePersistence,restoreBackups,19,4,1
paho.mqtt.java-0.4.0,org.eclipse.paho.client.mqttv3.persist,MqttDefaultFilePersistence,accept,3,1,1
paho.mqtt.java-0.4.0,org.eclipse.paho.client.mqttv3.persist,MqttDefaultFilePersistence,containsKey,5,1,1
paho.mqtt.java-0.4.0,org.eclipse.paho.client.mqttv3.persist,MqttDefaultFilePersistence,clear,7,2,0
paho.mqtt.java-0.4.0,org.eclipse.paho.client.mqttv3.util,Debug,Debug,5,1,2
paho.mqtt.java-0.4.0,org.eclipse.paho.client.mqttv3.util,Debug,dumpClientDebug,6,1,0
paho.mqtt.java-0.4.0,org.eclipse.paho.client.mqttv3.util,Debug,dumpBaseDebug,5,1,0
paho.mqtt.java-0.4.0,org.eclipse.paho.client.mqttv3.util,Debug,dumpMemoryTrace,3,1,0
paho.mqtt.java-0.4.0,org.eclipse.paho.client.mqttv3.util,Debug,dumpVersion,8,1,0
paho.mqtt.java-0.4.0,org.eclipse.paho.client.mqttv3.util,Debug,dumpSystemProperties,4,1,0
paho.mqtt.java-0.4.0,org.eclipse.paho.client.mqttv3.util,Debug,dumpClientState,7,2,0
paho.mqtt.java-0.4.0,org.eclipse.paho.client.mqttv3.util,Debug,dumpClientComms,7,2,0
paho.mqtt.java-0.4.0,org.eclipse.paho.client.mqttv3.util,Debug,dumpConOptions,7,2,0
paho.mqtt.java-0.4.0,org.eclipse.paho.client.mqttv3.util,Debug,dumpProperties,11,2,2
paho.mqtt.java-0.4.0,org.eclipse.paho.client.mqttv3.util,Debug,left,11,3,3
paho.mqtt.java-0.4.0,org.eclipse.paho.client.mqttv3.test,BasicSSLTest,setUpBeforeClass,14,1,0
paho.mqtt.java-0.4.0,org.eclipse.paho.client.mqttv3.test,BasicSSLTest,tearDownAfterClass,13,2,0
paho.mqtt.java-0.4.0,org.eclipse.paho.client.mqttv3.test,BasicSSLTest,testSSL,51,4,0
paho.mqtt.java-0.4.0,org.eclipse.paho.client.mqttv3.test,BasicSSLTest,testSSLWorkload,79,10,0
paho.mqtt.java-0.4.0,org.eclipse.paho.client.mqttv3.test,BasicSSLTest,testSSLLargeMessage,54,4,0
paho.mqtt.java-0.4.0,org.eclipse.paho.client.mqttv3.test,BasicSSLTest,testNonSSLtoSSLChannel,40,3,0
paho.mqtt.java-0.4.0,org.eclipse.paho.client.mqttv3.test,BasicSSLTest,testSSLtoNonSSLChannel,45,3,0
paho.mqtt.java-0.4.0,org.eclipse.paho.client.mqttv3.test,BasicTest,setUpBeforeClass,13,1,0
paho.mqtt.java-0.4.0,org.eclipse.paho.client.mqttv3.test,BasicTest,tearDownAfterClass,13,2,0
paho.mqtt.java-0.4.0,org.eclipse.paho.client.mqttv3.test,BasicTest,testConnect,33,2,0
paho.mqtt.java-0.4.0,org.eclipse.paho.client.mqttv3.test,BasicTest,testHAConnect,32,3,0
paho.mqtt.java-0.4.0,org.eclipse.paho.client.mqttv3.test,BasicTest,testPubSub,37,2,0
paho.mqtt.java-0.4.0,org.eclipse.paho.client.mqttv3.test,BasicTest,testMsgProperties,56,1,0
paho.mqtt.java-0.4.0,org.eclipse.paho.client.mqttv3.test,BasicTest,testConnOptDefaults,14,1,0
paho.mqtt.java-0.4.0,org.eclipse.paho.client.mqttv3.test,BasicTest,MessageListener,3,1,0
paho.mqtt.java-0.4.0,org.eclipse.paho.client.mqttv3.test,BasicTest,getNextMessage,15,3,0
paho.mqtt.java-0.4.0,org.eclipse.paho.client.mqttv3.test,BasicTest,connectionLost,3,1,1
paho.mqtt.java-0.4.0,org.eclipse.paho.client.mqttv3.test,BasicTest,deliveryComplete,3,1,1
paho.mqtt.java-0.4.0,org.eclipse.paho.client.mqttv3.test,BasicTest,messageArrived,7,1,2
paho.mqtt.java-0.4.0,org.eclipse.paho.client.mqttv3.test,MessageListener,MessageListener,3,1,0
paho.mqtt.java-0.4.0,org.eclipse.paho.client.mqttv3.test,MessageListener,getNextMessage,15,3,0
paho.mqtt.java-0.4.0,org.eclipse.paho.client.mqttv3.test,MessageListener,connectionLost,3,1,1
paho.mqtt.java-0.4.0,org.eclipse.paho.client.mqttv3.test,MessageListener,deliveryComplete,3,1,1
paho.mqtt.java-0.4.0,org.eclipse.paho.client.mqttv3.test,MessageListener,messageArrived,7,1,2
paho.mqtt.java-0.4.0,org.eclipse.paho.client.mqttv3.test,LiveTakeOverTest,setUpBeforeClass,13,1,0
paho.mqtt.java-0.4.0,org.eclipse.paho.client.mqttv3.test,LiveTakeOverTest,tearDownAfterClass,13,2,0
paho.mqtt.java-0.4.0,org.eclipse.paho.client.mqttv3.test,LiveTakeOverTest,testLiveTakeOver,59,3,0
paho.mqtt.java-0.4.0,org.eclipse.paho.client.mqttv3.test,LiveTakeOverTest,waitForState,18,3,1
paho.mqtt.java-0.4.0,org.eclipse.paho.client.mqttv3.test,LiveTakeOverTest,setState,6,1,1
paho.mqtt.java-0.4.0,org.eclipse.paho.client.mqttv3.test,LiveTakeOverTest,connectAndSub,21,1,0
paho.mqtt.java-0.4.0,org.eclipse.paho.client.mqttv3.test,LiveTakeOverTest,repeatedlyPub,18,3,0
paho.mqtt.java-0.4.0,org.eclipse.paho.client.mqttv3.test,LiveTakeOverTest,run,22,1,0
paho.mqtt.java-0.4.0,org.eclipse.paho.client.mqttv3.test,FirstClient,waitForState,18,3,1
paho.mqtt.java-0.4.0,org.eclipse.paho.client.mqttv3.test,FirstClient,setState,6,1,1
paho.mqtt.java-0.4.0,org.eclipse.paho.client.mqttv3.test,FirstClient,connectAndSub,21,1,0
paho.mqtt.java-0.4.0,org.eclipse.paho.client.mqttv3.test,FirstClient,repeatedlyPub,18,3,0
paho.mqtt.java-0.4.0,org.eclipse.paho.client.mqttv3.test,FirstClient,run,22,1,0
paho.mqtt.java-0.4.0,org.eclipse.paho.client.mqttv3.test,ModelTestCase,ModelTestCase,14,2,0
paho.mqtt.java-0.4.0,org.eclipse.paho.client.mqttv3.test,ModelTestCase,deleteLogFiles,16,3,0
paho.mqtt.java-0.4.0,org.eclipse.paho.client.mqttv3.test,ModelTestCase,accept,3,1,2
paho.mqtt.java-0.4.0,org.eclipse.paho.client.mqttv3.test,ModelTestCase,setUpBeforeClass,13,1,0
paho.mqtt.java-0.4.0,org.eclipse.paho.client.mqttv3.test,ModelTestCase,tearDownAfterClass,13,2,0
paho.mqtt.java-0.4.0,org.eclipse.paho.client.mqttv3.test,ModelTestCase,testRunModel,11,1,0
paho.mqtt.java-0.4.0,org.eclipse.paho.client.mqttv3.test,ModelTestCase,logToFile,11,2,1
paho.mqtt.java-0.4.0,org.eclipse.paho.client.mqttv3.test,ModelTestCase,logToFile,6,2,1
paho.mqtt.java-0.4.0,org.eclipse.paho.client.mqttv3.test,ModelTestCase,initialise,15,1,0
paho.mqtt.java-0.4.0,org.eclipse.paho.client.mqttv3.test,ModelTestCase,finish,7,2,0
paho.mqtt.java-0.4.0,org.eclipse.paho.client.mqttv3.test,ModelTestCase,getOption,11,3,1
paho.mqtt.java-0.4.0,org.eclipse.paho.client.mqttv3.test,ModelTestCase,run,54,12,1
paho.mqtt.java-0.4.0,org.eclipse.paho.client.mqttv3.test,ModelTestCase,run,39,9,1
paho.mqtt.java-0.4.0,org.eclipse.paho.client.mqttv3.test,ModelTestCase,connect,4,1,0
paho.mqtt.java-0.4.0,org.eclipse.paho.client.mqttv3.test,ModelTestCase,connect,9,2,1
paho.mqtt.java-0.4.0,org.eclipse.paho.client.mqttv3.test,ModelTestCase,disconnect,3,1,1
paho.mqtt.java-0.4.0,org.eclipse.paho.client.mqttv3.test,ModelTestCase,disconnect,17,4,2
paho.mqtt.java-0.4.0,org.eclipse.paho.client.mqttv3.test,ModelTestCase,subscribe,15,2,0
paho.mqtt.java-0.4.0,org.eclipse.paho.client.mqttv3.test,ModelTestCase,subscribe,8,2,3
paho.mqtt.java-0.4.0,org.eclipse.paho.client.mqttv3.test,ModelTestCase,unsubscribe,13,2,0
paho.mqtt.java-0.4.0,org.eclipse.paho.client.mqttv3.test,ModelTestCase,unsubscribe,8,2,2
paho.mqtt.java-0.4.0,org.eclipse.paho.client.mqttv3.test,ModelTestCase,publish,20,3,0
paho.mqtt.java-0.4.0,org.eclipse.paho.client.mqttv3.test,ModelTestCase,publish,27,6,6
paho.mqtt.java-0.4.0,org.eclipse.paho.client.mqttv3.test,ModelTestCase,pendingDeliveryTokens,3,1,0
paho.mqtt.java-0.4.0,org.eclipse.paho.client.mqttv3.test,ModelTestCase,pendingDeliveryTokens,7,2,1
paho.mqtt.java-0.4.0,org.eclipse.paho.client.mqttv3.test,ModelTestCase,connectionLost,4,1,1
paho.mqtt.java-0.4.0,org.eclipse.paho.client.mqttv3.test,ModelTestCase,deliveryComplete,5,1,1
paho.mqtt.java-0.4.0,org.eclipse.paho.client.mqttv3.test,ModelTestCase,waitForMessage,30,9,3
paho.mqtt.java-0.4.0,org.eclipse.paho.client.mqttv3.test,ModelTestCase,messageArrived,7,1,2
paho.mqtt.java-0.4.0,org.eclipse.paho.client.mqttv3.test,SendReceiveAsyncTest,setUpBeforeClass,13,1,0
paho.mqtt.java-0.4.0,org.eclipse.paho.client.mqttv3.test,SendReceiveAsyncTest,tearDownAfterClass,13,2,0
paho.mqtt.java-0.4.0,org.eclipse.paho.client.mqttv3.test,SendReceiveAsyncTest,testConnect,34,2,0
paho.mqtt.java-0.4.0,org.eclipse.paho.client.mqttv3.test,SendReceiveAsyncTest,testRemoteConnect,54,3,0
paho.mqtt.java-0.4.0,org.eclipse.paho.client.mqttv3.test,SendReceiveAsyncTest,testLargeMessage,58,2,0
paho.mqtt.java-0.4.0,org.eclipse.paho.client.mqttv3.test,SendReceiveAsyncTest,testMultipleClients,78,10,0
paho.mqtt.java-0.4.0,org.eclipse.paho.client.mqttv3.test,SendReceiveAsyncTest,testCleanStart,103,5,0
paho.mqtt.java-0.4.0,org.eclipse.paho.client.mqttv3.test,SendReceiveTest,setUpBeforeClass,13,1,0
paho.mqtt.java-0.4.0,org.eclipse.paho.client.mqttv3.test,SendReceiveTest,tearDownAfterClass,13,2,0
paho.mqtt.java-0.4.0,org.eclipse.paho.client.mqttv3.test,SendReceiveTest,testConnect,28,2,0
paho.mqtt.java-0.4.0,org.eclipse.paho.client.mqttv3.test,SendReceiveTest,testRemoteConnect,45,3,0
paho.mqtt.java-0.4.0,org.eclipse.paho.client.mqttv3.test,SendReceiveTest,testLargeMessage,48,2,0
paho.mqtt.java-0.4.0,org.eclipse.paho.client.mqttv3.test,SendReceiveTest,testQoSPreserved,48,5,0
paho.mqtt.java-0.4.0,org.eclipse.paho.client.mqttv3.test,SendReceiveTest,testMultipleClients,69,10,0
paho.mqtt.java-0.4.0,org.eclipse.paho.client.mqttv3.test,SendReceiveTest,testCleanStart,94,5,0
paho.mqtt.java-0.4.0,org.eclipse.paho.client.mqttv3.test.client,MqttAsyncClientPaho,MqttAsyncClientPaho,3,1,2
paho.mqtt.java-0.4.0,org.eclipse.paho.client.mqttv3.test.client,MqttAsyncClientPaho,MqttAsyncClientPaho,3,1,3
paho.mqtt.java-0.4.0,org.eclipse.paho.client.mqttv3.test.client,MqttAsyncClientPaho,startTrace,2,1,0
paho.mqtt.java-0.4.0,org.eclipse.paho.client.mqttv3.test.client,MqttAsyncClientPaho,stopTrace,2,1,0
paho.mqtt.java-0.4.0,org.eclipse.paho.client.mqttv3.test.client,MqttAsyncClientPaho,getTraceLog,3,1,0
paho.mqtt.java-0.4.0,org.eclipse.paho.client.mqttv3.test.client,MqttClientFactoryPaho,createMqttClient,3,1,2
paho.mqtt.java-0.4.0,org.eclipse.paho.client.mqttv3.test.client,MqttClientFactoryPaho,createMqttClient,3,1,3
paho.mqtt.java-0.4.0,org.eclipse.paho.client.mqttv3.test.client,MqttClientFactoryPaho,createMqttAsyncClient,3,1,2
paho.mqtt.java-0.4.0,org.eclipse.paho.client.mqttv3.test.client,MqttClientFactoryPaho,createMqttAsyncClient,3,1,3
paho.mqtt.java-0.4.0,org.eclipse.paho.client.mqttv3.test.client,MqttClientFactoryPaho,open,2,1,0
paho.mqtt.java-0.4.0,org.eclipse.paho.client.mqttv3.test.client,MqttClientFactoryPaho,close,2,1,0
paho.mqtt.java-0.4.0,org.eclipse.paho.client.mqttv3.test.client,MqttClientFactoryPaho,disconnect,2,1,0
paho.mqtt.java-0.4.0,org.eclipse.paho.client.mqttv3.test.client,MqttClientFactoryPaho,isHighAvalabilitySupported,3,1,0
paho.mqtt.java-0.4.0,org.eclipse.paho.client.mqttv3.test.client,MqttClientPaho,MqttClientPaho,3,1,2
paho.mqtt.java-0.4.0,org.eclipse.paho.client.mqttv3.test.client,MqttClientPaho,MqttClientPaho,3,1,3
paho.mqtt.java-0.4.0,org.eclipse.paho.client.mqttv3.test.client,MqttClientPaho,startTrace,2,1,0
paho.mqtt.java-0.4.0,org.eclipse.paho.client.mqttv3.test.client,MqttClientPaho,stopTrace,2,1,0
paho.mqtt.java-0.4.0,org.eclipse.paho.client.mqttv3.test.client,MqttClientPaho,getTraceLog,3,1,0
paho.mqtt.java-0.4.0,org.eclipse.paho.client.mqttv3.test.logging,ConsoleHandler,ConsoleHandler,4,1,0
paho.mqtt.java-0.4.0,org.eclipse.paho.client.mqttv3.test.logging,ConsoleHandler,publish,4,1,1
paho.mqtt.java-0.4.0,org.eclipse.paho.client.mqttv3.test.logging,ConsoleHandler,close,2,1,0
paho.mqtt.java-0.4.0,org.eclipse.paho.client.mqttv3.test.logging,DetailFormatter,format,13,1,1
paho.mqtt.java-0.4.0,org.eclipse.paho.client.mqttv3.test.logging,DetailFormatter,addThrown,14,2,2
paho.mqtt.java-0.4.0,org.eclipse.paho.client.mqttv3.test.logging,DetailFormatter,addText,4,1,3
paho.mqtt.java-0.4.0,org.eclipse.paho.client.mqttv3.test.logging,DetailFormatter,addMethodName,4,1,2
paho.mqtt.java-0.4.0,org.eclipse.paho.client.mqttv3.test.logging,DetailFormatter,addTypeName,4,1,3
paho.mqtt.java-0.4.0,org.eclipse.paho.client.mqttv3.test.logging,DetailFormatter,addClassName,4,1,2
paho.mqtt.java-0.4.0,org.eclipse.paho.client.mqttv3.test.logging,DetailFormatter,addTimeStamp,5,1,2
paho.mqtt.java-0.4.0,org.eclipse.paho.client.mqttv3.test.logging,DetailFormatter,formatJavaName,4,1,2
paho.mqtt.java-0.4.0,org.eclipse.paho.client.mqttv3.test.logging,DetailFormatter,parseLogRecord,23,5,1
paho.mqtt.java-0.4.0,org.eclipse.paho.client.mqttv3.test.logging,DetailFormatter,formatParameters,8,2,1
paho.mqtt.java-0.4.0,org.eclipse.paho.client.mqttv3.test.logging,HumanFormatter,addClassName,2,1,2
paho.mqtt.java-0.4.0,org.eclipse.paho.client.mqttv3.test.logging,HumanFormatter,addTypeName,8,2,3
paho.mqtt.java-0.4.0,org.eclipse.paho.client.mqttv3.test.logging,HumanFormatter,addMethodName,8,2,2
paho.mqtt.java-0.4.0,org.eclipse.paho.client.mqttv3.test.logging,LoggerDumper,LoggerDumper,9,2,0
paho.mqtt.java-0.4.0,org.eclipse.paho.client.mqttv3.test.logging,LoggerDumper,findParentNode,31,7,1
paho.mqtt.java-0.4.0,org.eclipse.paho.client.mqttv3.test.logging,LoggerDumper,dump,7,1,0
paho.mqtt.java-0.4.0,org.eclipse.paho.client.mqttv3.test.logging,LoggerDumper,dumpLoggerNode,22,3,3
paho.mqtt.java-0.4.0,org.eclipse.paho.client.mqttv3.test.logging,LoggerNode,LoggerNode,5,1,2
paho.mqtt.java-0.4.0,org.eclipse.paho.client.mqttv3.test.logging,LoggerNode,getParent,3,1,0
paho.mqtt.java-0.4.0,org.eclipse.paho.client.mqttv3.test.logging,LoggerNode,getLogger,3,1,0
paho.mqtt.java-0.4.0,org.eclipse.paho.client.mqttv3.test.logging,LoggerNode,getChildren,3,1,0
paho.mqtt.java-0.4.0,org.eclipse.paho.client.mqttv3.test.logging,LoggerNode,toString,3,1,0
paho.mqtt.java-0.4.0,org.eclipse.paho.client.mqttv3.test.logging,LoggingUtilities,getPrintStream,3,1,0
paho.mqtt.java-0.4.0,org.eclipse.paho.client.mqttv3.test.logging,LoggingUtilities,banner,3,1,3
paho.mqtt.java-0.4.0,org.eclipse.paho.client.mqttv3.test.logging,LoggingUtilities,banner,10,2,4
paho.mqtt.java-0.4.0,org.eclipse.paho.client.mqttv3.test.logging,LoggingUtilities,dump,4,1,0
paho.mqtt.java-0.4.0,org.eclipse.paho.client.mqttv3.test.logging,ObjectFormatter,ObjectFormatter,6,1,3
paho.mqtt.java-0.4.0,org.eclipse.paho.client.mqttv3.test.logging,ObjectFormatter,addField,8,1,4
paho.mqtt.java-0.4.0,org.eclipse.paho.client.mqttv3.test.logging,ObjectFormatter,addField,8,1,4
paho.mqtt.java-0.4.0,org.eclipse.paho.client.mqttv3.test.logging,ObjectFormatter,add,3,1,2
paho.mqtt.java-0.4.0,org.eclipse.paho.client.mqttv3.test.logging,ObjectFormatter,add,3,1,2
paho.mqtt.java-0.4.0,org.eclipse.paho.client.mqttv3.test.logging,ObjectFormatter,add,3,1,2
paho.mqtt.java-0.4.0,org.eclipse.paho.client.mqttv3.test.logging,ObjectFormatter,add,3,1,2
paho.mqtt.java-0.4.0,org.eclipse.paho.client.mqttv3.test.logging,ObjectFormatter,add,10,3,2
paho.mqtt.java-0.4.0,org.eclipse.paho.client.mqttv3.test.logging,ObjectFormatter,add,12,3,2
paho.mqtt.java-0.4.0,org.eclipse.paho.client.mqttv3.test.logging,ObjectFormatter,add,3,1,2
paho.mqtt.java-0.4.0,org.eclipse.paho.client.mqttv3.test.logging,ObjectFormatter,add,3,1,2
paho.mqtt.java-0.4.0,org.eclipse.paho.client.mqttv3.test.logging,ObjectFormatter,append,5,1,1
paho.mqtt.java-0.4.0,org.eclipse.paho.client.mqttv3.test.logging,ObjectFormatter,toString,3,1,0
paho.mqtt.java-0.4.0,org.eclipse.paho.client.mqttv3.test.logging,ObjectFormatter,format,44,12,1
paho.mqtt.java-0.4.0,org.eclipse.paho.client.mqttv3.test.logging,ObjectFormatter,format,17,3,1
paho.mqtt.java-0.4.0,org.eclipse.paho.client.mqttv3.test.logging,ObjectFormatter,format,3,1,1
paho.mqtt.java-0.4.0,org.eclipse.paho.client.mqttv3.test.logging,ObjectFormatter,format,3,1,1
paho.mqtt.java-0.4.0,org.eclipse.paho.client.mqttv3.test.logging,ObjectFormatter,format,3,1,1
paho.mqtt.java-0.4.0,org.eclipse.paho.client.mqttv3.test.logging,ObjectFormatter,format,8,1,1
paho.mqtt.java-0.4.0,org.eclipse.paho.client.mqttv3.test.logging,TraceFormatter,TraceFormatter,3,1,0
paho.mqtt.java-0.4.0,org.eclipse.paho.client.mqttv3.test.logging,TraceFormatter,format,30,2,1
paho.mqtt.java-0.4.0,org.eclipse.paho.client.mqttv3.test.logging,TraceFormatter,formatJavaName,4,1,2
paho.mqtt.java-0.4.0,org.eclipse.paho.client.mqttv3.test.logging,TraceFormatter,parseLogRecord,19,4,1
paho.mqtt.java-0.4.0,org.eclipse.paho.client.mqttv3.test.logging,TraceFormatter,formatParameters,8,2,1
paho.mqtt.java-0.4.0,org.eclipse.paho.client.mqttv3.test.properties,TestProperties,putDefault,3,1,2
paho.mqtt.java-0.4.0,org.eclipse.paho.client.mqttv3.test.properties,TestProperties,getInstance,6,2,0
paho.mqtt.java-0.4.0,org.eclipse.paho.client.mqttv3.test.properties,TestProperties,TestProperties,60,14,0
paho.mqtt.java-0.4.0,org.eclipse.paho.client.mqttv3.test.properties,TestProperties,getPropertyFileAsStream,10,1,1
paho.mqtt.java-0.4.0,org.eclipse.paho.client.mqttv3.test.properties,TestProperties,getPropertyResourceAsStream,15,3,1
paho.mqtt.java-0.4.0,org.eclipse.paho.client.mqttv3.test.properties,TestProperties,getProperty,7,2,1
paho.mqtt.java-0.4.0,org.eclipse.paho.client.mqttv3.test.properties,TestProperties,getBooleanProperty,4,1,1
paho.mqtt.java-0.4.0,org.eclipse.paho.client.mqttv3.test.properties,TestProperties,getIntProperty,4,1,1
paho.mqtt.java-0.4.0,org.eclipse.paho.client.mqttv3.test.properties,TestProperties,getTemporaryDirectory,4,1,0
paho.mqtt.java-0.4.0,org.eclipse.paho.client.mqttv3.test.properties,TestProperties,getClientKeyStore,4,1,0
paho.mqtt.java-0.4.0,org.eclipse.paho.client.mqttv3.test.properties,TestProperties,getClientKeyStorePassword,4,1,0
paho.mqtt.java-0.4.0,org.eclipse.paho.client.mqttv3.test.properties,TestProperties,getClientTrustStore,4,1,0
paho.mqtt.java-0.4.0,org.eclipse.paho.client.mqttv3.test.properties,TestProperties,getServerURI,8,1,0
paho.mqtt.java-0.4.0,org.eclipse.paho.client.mqttv3.test.properties,TestProperties,getServerURIs,12,2,0
paho.mqtt.java-0.4.0,org.eclipse.paho.client.mqttv3.test.properties,TestProperties,getServerURIsAsListOfStrings,8,2,0
paho.mqtt.java-0.4.0,org.eclipse.paho.client.mqttv3.test.properties,TestProperties,getServerURIsAsStringArray,8,2,0
paho.mqtt.java-0.4.0,org.eclipse.paho.client.mqttv3.test.utilities,MqttV3Receiver,ReceivedMessage,4,1,2
paho.mqtt.java-0.4.0,org.eclipse.paho.client.mqttv3.test.utilities,MqttV3Receiver,MqttV3Receiver,8,1,2
paho.mqtt.java-0.4.0,org.eclipse.paho.client.mqttv3.test.utilities,MqttV3Receiver,MqttV3Receiver,8,1,2
paho.mqtt.java-0.4.0,org.eclipse.paho.client.mqttv3.test.utilities,MqttV3Receiver,isReportConnectionLoss,3,1,0
paho.mqtt.java-0.4.0,org.eclipse.paho.client.mqttv3.test.utilities,MqttV3Receiver,setReportConnectionLoss,3,1,1
paho.mqtt.java-0.4.0,org.eclipse.paho.client.mqttv3.test.utilities,MqttV3Receiver,receiveNext,13,3,1
paho.mqtt.java-0.4.0,org.eclipse.paho.client.mqttv3.test.utilities,MqttV3Receiver,validateReceipt,28,5,3
paho.mqtt.java-0.4.0,org.eclipse.paho.client.mqttv3.test.utilities,MqttV3Receiver,validateReceipt,127,18,6
paho.mqtt.java-0.4.0,org.eclipse.paho.client.mqttv3.test.utilities,MqttV3Receiver,waitForConnectionLost,9,2,1
paho.mqtt.java-0.4.0,org.eclipse.paho.client.mqttv3.test.utilities,MqttV3Receiver,connectionLost,12,2,1
paho.mqtt.java-0.4.0,org.eclipse.paho.client.mqttv3.test.utilities,MqttV3Receiver,deliveryComplete,2,1,1
paho.mqtt.java-0.4.0,org.eclipse.paho.client.mqttv3.test.utilities,MqttV3Receiver,deliveryFailed,2,1,2
paho.mqtt.java-0.4.0,org.eclipse.paho.client.mqttv3.test.utilities,MqttV3Receiver,messageArrived,7,1,2
paho.mqtt.java-0.4.0,org.eclipse.paho.client.mqttv3.test.utilities,MqttV3Receiver,report,4,1,1
paho.mqtt.java-0.4.0,org.eclipse.paho.client.mqttv3.test.utilities,ReceivedMessage,ReceivedMessage,4,1,2
paho.mqtt.java-0.4.0,org.eclipse.paho.client.mqttv3.test.utilities,StringUtilities,localizedByteCount,5,1,1
paho.mqtt.java-0.4.0,org.eclipse.paho.client.mqttv3.test.utilities,StringUtilities,humanReadableByteCount,9,2,2
paho.mqtt.java-0.4.0,org.eclipse.paho.client.mqttv3.test.utilities,StringUtilities,arrayToHexString,3,1,1
paho.mqtt.java-0.4.0,org.eclipse.paho.client.mqttv3.test.utilities,StringUtilities,arrayToHexString,22,3,3
paho.mqtt.java-0.4.0,org.eclipse.paho.client.mqttv3.test.utilities,StringUtilities,toJavaString,13,2,1
paho.mqtt.java-0.4.0,org.eclipse.paho.client.mqttv3.test.utilities,StringUtilities,safeString,3,1,1
paho.mqtt.java-0.4.0,org.eclipse.paho.client.mqttv3.test.utilities,StringUtilities,left,3,1,2
paho.mqtt.java-0.4.0,org.eclipse.paho.client.mqttv3.test.utilities,StringUtilities,left,11,3,3
paho.mqtt.java-0.4.0,org.eclipse.paho.client.mqttv3.test.utilities,StringUtilities,right,3,1,2
paho.mqtt.java-0.4.0,org.eclipse.paho.client.mqttv3.test.utilities,StringUtilities,right,11,3,3
paho.mqtt.java-0.4.0,org.eclipse.paho.client.mqttv3.test.utilities,StringUtilities,getHigherLevel,27,6,2
paho.mqtt.java-0.4.0,org.eclipse.paho.client.mqttv3.test.utilities,Utility,getMethodName,8,2,0
paho.mqtt.java-0.4.0,org.eclipse.paho.client.mqttv3.test.utilities,Utility,isWindows,7,2,0
paho.mqtt.java-0.4.0,org.eclipse.paho.client.mqttv3.test.utilities,Utility,disconnectAndCloseClient,9,3,1
paho.mqtt.java-0.4.0,org.eclipse.paho.client.mqttv3.test.utilities,Utility,disconnectAndCloseClient,8,3,1
paho.mqtt.java-0.4.0,org.eclipse.paho.client.mqttv3.test.utilities,Utility,getHandler,12,2,0
paho.mqtt.java-0.4.0,org.eclipse.paho.sample.mqttv3app,Sample,main,131,29,1
paho.mqtt.java-0.4.0,org.eclipse.paho.sample.mqttv3app,Sample,Sample,26,3,6
paho.mqtt.java-0.4.0,org.eclipse.paho.sample.mqttv3app,Sample,publish,12,1,3
paho.mqtt.java-0.4.0,org.eclipse.paho.sample.mqttv3app,Sample,subscribe,14,1,2
paho.mqtt.java-0.4.0,org.eclipse.paho.sample.mqttv3app,Sample,log,5,2,1
paho.mqtt.java-0.4.0,org.eclipse.paho.sample.mqttv3app,Sample,connectionLost,4,1,1
paho.mqtt.java-0.4.0,org.eclipse.paho.sample.mqttv3app,Sample,deliveryComplete,2,1,1
paho.mqtt.java-0.4.0,org.eclipse.paho.sample.mqttv3app,Sample,messageArrived,4,1,2
paho.mqtt.java-0.4.0,org.eclipse.paho.sample.mqttv3app,Sample,printHelp,3,1,0
paho.mqtt.java-0.4.0,org.eclipse.paho.sample.mqttv3app,SampleAsyncCallBack,main,135,29,1
paho.mqtt.java-0.4.0,org.eclipse.paho.sample.mqttv3app,SampleAsyncCallBack,SampleAsyncCallBack,26,3,6
paho.mqtt.java-0.4.0,org.eclipse.paho.sample.mqttv3app,SampleAsyncCallBack,publish,29,8,3
paho.mqtt.java-0.4.0,org.eclipse.paho.sample.mqttv3app,SampleAsyncCallBack,waitForStateChange,17,3,1
paho.mqtt.java-0.4.0,org.eclipse.paho.sample.mqttv3app,SampleAsyncCallBack,subscribe,35,8,2
paho.mqtt.java-0.4.0,org.eclipse.paho.sample.mqttv3app,SampleAsyncCallBack,log,5,2,1
paho.mqtt.java-0.4.0,org.eclipse.paho.sample.mqttv3app,SampleAsyncCallBack,connectionLost,4,1,1
paho.mqtt.java-0.4.0,org.eclipse.paho.sample.mqttv3app,SampleAsyncCallBack,deliveryComplete,3,1,1
paho.mqtt.java-0.4.0,org.eclipse.paho.sample.mqttv3app,SampleAsyncCallBack,messageArrived,4,1,2
paho.mqtt.java-0.4.0,org.eclipse.paho.sample.mqttv3app,SampleAsyncCallBack,printHelp,3,1,0
paho.mqtt.java-0.4.0,org.eclipse.paho.sample.mqttv3app,SampleAsyncCallBack,MqttConnector,2,1,0
paho.mqtt.java-0.4.0,org.eclipse.paho.sample.mqttv3app,SampleAsyncCallBack,doConnect,31,1,0
paho.mqtt.java-0.4.0,org.eclipse.paho.sample.mqttv3app,SampleAsyncCallBack,onSuccess,5,1,1
paho.mqtt.java-0.4.0,org.eclipse.paho.sample.mqttv3app,SampleAsyncCallBack,onFailure,6,1,2
paho.mqtt.java-0.4.0,org.eclipse.paho.sample.mqttv3app,SampleAsyncCallBack,carryOn,6,1,0
paho.mqtt.java-0.4.0,org.eclipse.paho.sample.mqttv3app,SampleAsyncCallBack,doPublish,34,1,3
paho.mqtt.java-0.4.0,org.eclipse.paho.sample.mqttv3app,SampleAsyncCallBack,onSuccess,5,1,1
paho.mqtt.java-0.4.0,org.eclipse.paho.sample.mqttv3app,SampleAsyncCallBack,onFailure,6,1,2
paho.mqtt.java-0.4.0,org.eclipse.paho.sample.mqttv3app,SampleAsyncCallBack,carryOn,6,1,0
paho.mqtt.java-0.4.0,org.eclipse.paho.sample.mqttv3app,SampleAsyncCallBack,doSubscribe,31,1,2
paho.mqtt.java-0.4.0,org.eclipse.paho.sample.mqttv3app,SampleAsyncCallBack,onSuccess,5,1,1
paho.mqtt.java-0.4.0,org.eclipse.paho.sample.mqttv3app,SampleAsyncCallBack,onFailure,6,1,2
paho.mqtt.java-0.4.0,org.eclipse.paho.sample.mqttv3app,SampleAsyncCallBack,carryOn,6,1,0
paho.mqtt.java-0.4.0,org.eclipse.paho.sample.mqttv3app,SampleAsyncCallBack,doDisconnect,31,1,0
paho.mqtt.java-0.4.0,org.eclipse.paho.sample.mqttv3app,SampleAsyncCallBack,onSuccess,5,1,1
paho.mqtt.java-0.4.0,org.eclipse.paho.sample.mqttv3app,SampleAsyncCallBack,onFailure,6,1,2
paho.mqtt.java-0.4.0,org.eclipse.paho.sample.mqttv3app,SampleAsyncCallBack,carryOn,6,1,0
paho.mqtt.java-0.4.0,org.eclipse.paho.sample.mqttv3app,MqttConnector,MqttConnector,2,1,0
paho.mqtt.java-0.4.0,org.eclipse.paho.sample.mqttv3app,MqttConnector,doConnect,31,1,0
paho.mqtt.java-0.4.0,org.eclipse.paho.sample.mqttv3app,MqttConnector,onSuccess,5,1,1
paho.mqtt.java-0.4.0,org.eclipse.paho.sample.mqttv3app,MqttConnector,onFailure,6,1,2
paho.mqtt.java-0.4.0,org.eclipse.paho.sample.mqttv3app,MqttConnector,carryOn,6,1,0
paho.mqtt.java-0.4.0,org.eclipse.paho.sample.mqttv3app,Publisher,doPublish,34,1,3
paho.mqtt.java-0.4.0,org.eclipse.paho.sample.mqttv3app,Publisher,onSuccess,5,1,1
paho.mqtt.java-0.4.0,org.eclipse.paho.sample.mqttv3app,Publisher,onFailure,6,1,2
paho.mqtt.java-0.4.0,org.eclipse.paho.sample.mqttv3app,Publisher,carryOn,6,1,0
paho.mqtt.java-0.4.0,org.eclipse.paho.sample.mqttv3app,Subscriber,doSubscribe,31,1,2
paho.mqtt.java-0.4.0,org.eclipse.paho.sample.mqttv3app,Subscriber,onSuccess,5,1,1
paho.mqtt.java-0.4.0,org.eclipse.paho.sample.mqttv3app,Subscriber,onFailure,6,1,2
paho.mqtt.java-0.4.0,org.eclipse.paho.sample.mqttv3app,Subscriber,carryOn,6,1,0
paho.mqtt.java-0.4.0,org.eclipse.paho.sample.mqttv3app,Disconnector,doDisconnect,31,1,0
paho.mqtt.java-0.4.0,org.eclipse.paho.sample.mqttv3app,Disconnector,onSuccess,5,1,1
paho.mqtt.java-0.4.0,org.eclipse.paho.sample.mqttv3app,Disconnector,onFailure,6,1,2
paho.mqtt.java-0.4.0,org.eclipse.paho.sample.mqttv3app,Disconnector,carryOn,6,1,0
paho.mqtt.java-0.4.0,org.eclipse.paho.sample.mqttv3app,SampleAsyncWait,main,131,29,1
paho.mqtt.java-0.4.0,org.eclipse.paho.sample.mqttv3app,SampleAsyncWait,SampleAsyncWait,26,3,6
paho.mqtt.java-0.4.0,org.eclipse.paho.sample.mqttv3app,SampleAsyncWait,publish,17,1,3
paho.mqtt.java-0.4.0,org.eclipse.paho.sample.mqttv3app,SampleAsyncWait,subscribe,20,1,2
paho.mqtt.java-0.4.0,org.eclipse.paho.sample.mqttv3app,SampleAsyncWait,log,5,2,1
paho.mqtt.java-0.4.0,org.eclipse.paho.sample.mqttv3app,SampleAsyncWait,connectionLost,4,1,1
paho.mqtt.java-0.4.0,org.eclipse.paho.sample.mqttv3app,SampleAsyncWait,deliveryComplete,8,1,1
paho.mqtt.java-0.4.0,org.eclipse.paho.sample.mqttv3app,SampleAsyncWait,messageArrived,4,1,2
paho.mqtt.java-0.4.0,org.eclipse.paho.sample.mqttv3app,SampleAsyncWait,printHelp,3,1,0
paho.mqtt.java-0.4.0,org.eclipse.paho.sample.utility,ConnOpts,ConnOpts,97,1,2
paho.mqtt.java-0.4.0,org.eclipse.paho.sample.utility,ConnOpts,isCleanSessionSelected,3,1,0
paho.mqtt.java-0.4.0,org.eclipse.paho.sample.utility,ConnOpts,getClientID,3,1,0
paho.mqtt.java-0.4.0,org.eclipse.paho.sample.utility,ConnOpts,isPersistenceSelected,3,1,0
paho.mqtt.java-0.4.0,org.eclipse.paho.sample.utility,ConnOpts,getPersistenceDirectory,3,1,0
paho.mqtt.java-0.4.0,org.eclipse.paho.sample.utility,ConnOpts,getKeepAlive,11,1,0
paho.mqtt.java-0.4.0,org.eclipse.paho.sample.utility,ConnOpts,getRetryInterval,11,1,0
paho.mqtt.java-0.4.0,org.eclipse.paho.sample.utility,ConnOpts,isLWTRetainSelected,3,1,0
paho.mqtt.java-0.4.0,org.eclipse.paho.sample.utility,ConnOpts,isLWTTopicSet,3,1,0
paho.mqtt.java-0.4.0,org.eclipse.paho.sample.utility,ConnOpts,getLWTData,3,1,0
paho.mqtt.java-0.4.0,org.eclipse.paho.sample.utility,ConnOpts,getLWTTopic,3,1,0
paho.mqtt.java-0.4.0,org.eclipse.paho.sample.utility,ConnOpts,getLWTQoS,3,1,0
paho.mqtt.java-0.4.0,org.eclipse.paho.sample.utility,ConnOpts,actionPerformed,25,3,1
paho.mqtt.java-0.4.0,org.eclipse.paho.sample.utility,LED,Colours,5,1,3
paho.mqtt.java-0.4.0,org.eclipse.paho.sample.utility,LED,Colours,6,1,4
paho.mqtt.java-0.4.0,org.eclipse.paho.sample.utility,LED,LED,4,1,0
paho.mqtt.java-0.4.0,org.eclipse.paho.sample.utility,LED,LED,3,1,1
paho.mqtt.java-0.4.0,org.eclipse.paho.sample.utility,LED,paint,31,3,1
paho.mqtt.java-0.4.0,org.eclipse.paho.sample.utility,LED,run,22,3,0
paho.mqtt.java-0.4.0,org.eclipse.paho.sample.utility,LED,setAmber,5,1,0
paho.mqtt.java-0.4.0,org.eclipse.paho.sample.utility,LED,setColor,8,1,3
paho.mqtt.java-0.4.0,org.eclipse.paho.sample.utility,LED,isFlashing,3,1,0
paho.mqtt.java-0.4.0,org.eclipse.paho.sample.utility,LED,setFlash,7,1,0
paho.mqtt.java-0.4.0,org.eclipse.paho.sample.utility,LED,setGreen,5,1,0
paho.mqtt.java-0.4.0,org.eclipse.paho.sample.utility,LED,setOff,5,1,0
paho.mqtt.java-0.4.0,org.eclipse.paho.sample.utility,LED,setRed,5,1,0
paho.mqtt.java-0.4.0,org.eclipse.paho.sample.utility,Colours,Colours,5,1,3
paho.mqtt.java-0.4.0,org.eclipse.paho.sample.utility,Colours,Colours,6,1,4
paho.mqtt.java-0.4.0,org.eclipse.paho.sample.utility,MQTTFrame,MQTTFrame,3,1,0
paho.mqtt.java-0.4.0,org.eclipse.paho.sample.utility,MQTTFrame,main,29,1,1
paho.mqtt.java-0.4.0,org.eclipse.paho.sample.utility,MQTTFrame,windowClosing,16,1,1
paho.mqtt.java-0.4.0,org.eclipse.paho.sample.utility,MQTTFrame,getJFrame,6,2,0
paho.mqtt.java-0.4.0,org.eclipse.paho.sample.utility,MQTTFrame,init,75,2,1
paho.mqtt.java-0.4.0,org.eclipse.paho.sample.utility,MQTTFrame,publish,17,2,4
paho.mqtt.java-0.4.0,org.eclipse.paho.sample.utility,MQTTFrame,disconnect,24,3,0
paho.mqtt.java-0.4.0,org.eclipse.paho.sample.utility,MQTTFrame,connect,23,6,2
paho.mqtt.java-0.4.0,org.eclipse.paho.sample.utility,MQTTFrame,subscription,32,4,3
paho.mqtt.java-0.4.0,org.eclipse.paho.sample.utility,MQTTFrame,run,54,6,0
paho.mqtt.java-0.4.0,org.eclipse.paho.sample.utility,MQTTFrame,actionPerformed,25,6,1
paho.mqtt.java-0.4.0,org.eclipse.paho.sample.utility,MQTTFrame,setTitleText,8,2,1
paho.mqtt.java-0.4.0,org.eclipse.paho.sample.utility,MQTTFrame,connectionLost,57,6,1
paho.mqtt.java-0.4.0,org.eclipse.paho.sample.utility,MQTTFrame,messageArrived,7,1,2
paho.mqtt.java-0.4.0,org.eclipse.paho.sample.utility,MQTTFrame,deliveryComplete,2,1,1
paho.mqtt.java-0.4.0,org.eclipse.paho.sample.utility,MQTTFrame,updateSubscribeTopicList,3,1,1
paho.mqtt.java-0.4.0,org.eclipse.paho.sample.utility,MQTTFrame,updatePublishTopicList,3,1,1
paho.mqtt.java-0.4.0,org.eclipse.paho.sample.utility,MQTTFrame,updateComboBoxList,18,5,2
paho.mqtt.java-0.4.0,org.eclipse.paho.sample.utility,MQTTFrame,startTrace,3,1,0
paho.mqtt.java-0.4.0,org.eclipse.paho.sample.utility,MQTTFrame,stopTrace,7,2,0
paho.mqtt.java-0.4.0,org.eclipse.paho.sample.utility,MQTTFrame,writeLogln,3,1,1
paho.mqtt.java-0.4.0,org.eclipse.paho.sample.utility,MQTTFrame,writeLog,10,2,1
paho.mqtt.java-0.4.0,org.eclipse.paho.sample.utility,MQTTFrame,getProperties,7,2,4
paho.mqtt.java-0.4.0,org.eclipse.paho.sample.utility,MQTTFrame,constructPropertyValue,43,12,1
paho.mqtt.java-0.4.0,org.eclipse.paho.sample.utility,MQTTFrame,setConnected,6,1,1
paho.mqtt.java-0.4.0,org.eclipse.paho.sample.utility,MQTTHist,MQTTHist,26,1,2
paho.mqtt.java-0.4.0,org.eclipse.paho.sample.utility,MQTTHist,defaultDialogSize,3,1,1
paho.mqtt.java-0.4.0,org.eclipse.paho.sample.utility,MQTTHist,close,6,1,0
paho.mqtt.java-0.4.0,org.eclipse.paho.sample.utility,MQTTHist,write,9,2,1
paho.mqtt.java-0.4.0,org.eclipse.paho.sample.utility,MQTTHist,actionPerformed,8,3,1
paho.mqtt.java-0.4.0,org.eclipse.paho.sample.utility,MQTTHist,run,14,2,0
paho.mqtt.java-0.4.0,org.eclipse.paho.sample.utility,MQTTHist,enableHistory,5,1,0
paho.mqtt.java-0.4.0,org.eclipse.paho.sample.utility,MQTTHist,disableHistory,4,1,0
paho.mqtt.java-0.4.0,org.eclipse.paho.sample.utility,PubPanel,PubPanel,6,1,2
paho.mqtt.java-0.4.0,org.eclipse.paho.sample.utility,PubPanel,init,49,1,0
paho.mqtt.java-0.4.0,org.eclipse.paho.sample.utility,PubPanel,updateTopicList,3,1,1
paho.mqtt.java-0.4.0,org.eclipse.paho.sample.utility,PubPanel,actionPerformed,71,11,1
paho.mqtt.java-0.4.0,org.eclipse.paho.sample.utility,PubPanel,toHexString,22,4,0
paho.mqtt.java-0.4.0,org.eclipse.paho.sample.utility,PubPanel,toCharString,22,3,0
paho.mqtt.java-0.4.0,org.eclipse.paho.sample.utility,PubPanel,enableButtons,3,1,1
paho.mqtt.java-0.4.0,org.eclipse.paho.sample.utility,PubPanel,changedUpdate,4,1,1
paho.mqtt.java-0.4.0,org.eclipse.paho.sample.utility,PubPanel,insertUpdate,3,1,1
paho.mqtt.java-0.4.0,org.eclipse.paho.sample.utility,PubPanel,removeUpdate,3,1,1
paho.mqtt.java-0.4.0,org.eclipse.paho.sample.utility,SubPanel,SubPanel,6,1,2
paho.mqtt.java-0.4.0,org.eclipse.paho.sample.utility,SubPanel,init,77,1,0
paho.mqtt.java-0.4.0,org.eclipse.paho.sample.utility,SubPanel,updateTopicList,3,1,1
paho.mqtt.java-0.4.0,org.eclipse.paho.sample.utility,SubPanel,actionPerformed,46,8,1
paho.mqtt.java-0.4.0,org.eclipse.paho.sample.utility,SubPanel,updateReceivedData,22,4,4
paho.mqtt.java-0.4.0,org.eclipse.paho.sample.utility,SubPanel,toHexString,22,4,0
paho.mqtt.java-0.4.0,org.eclipse.paho.sample.utility,SubPanel,toCharString,23,3,0
paho.mqtt.java-0.4.0,org.eclipse.paho.sample.utility,SubPanel,enableButtons,4,1,1
