Project Name,Package Name,Type Name,NOF,NOPF,NOM,NOPM,LOC,WMC,NC,DIT,LCOM,FANIN,FANOUT
paho.mqtt.java-0.4.0,org.eclipse.paho.client.mqttv3.internal.logBuilder,LogMessageExtractor,5,0,6,5,116,20,0,0,0.0,1,1
paho.mqtt.java-0.4.0,org.eclipse.paho.client.mqttv3.internal,ClientComms,31,2,33,25,420,67,0,0,0.06060606060606061,10,24
paho.mqtt.java-0.4.0,org.eclipse.paho.client.mqttv3.internal,ConnectBG,4,0,3,1,46,5,0,0,0.0,1,7
paho.mqtt.java-0.4.0,org.eclipse.paho.client.mqttv3.internal,DisconnectBG,4,0,3,1,30,3,0,0,0.6666666666666666,1,2
paho.mqtt.java-0.4.0,org.eclipse.paho.client.mqttv3.internal,ClientDefaults,1,1,0,0,3,0,0,0,-1.0,0,0
paho.mqtt.java-0.4.0,org.eclipse.paho.client.mqttv3.internal,ClientState,32,0,36,7,788,121,0,0,0.0,4,17
paho.mqtt.java-0.4.0,org.eclipse.paho.client.mqttv3.internal,CommsCallback,14,1,15,11,253,40,0,0,0.0,2,10
paho.mqtt.java-0.4.0,org.eclipse.paho.client.mqttv3.internal,CommsReceiver,9,0,5,5,99,12,0,0,0.0,1,9
paho.mqtt.java-0.4.0,org.eclipse.paho.client.mqttv3.internal,CommsSender,9,0,5,4,110,14,0,0,0.0,1,9
paho.mqtt.java-0.4.0,org.eclipse.paho.client.mqttv3.internal,CommsTokenStore,5,0,15,11,170,25,0,0,0.13333333333333333,4,7
paho.mqtt.java-0.4.0,org.eclipse.paho.client.mqttv3.internal,ConnectActionListener,7,0,4,4,94,9,0,0,0.0,1,8
paho.mqtt.java-0.4.0,org.eclipse.paho.client.mqttv3.internal,DestinationProvider,0,0,1,1,6,1,0,0,-1.0,0,0
paho.mqtt.java-0.4.0,org.eclipse.paho.client.mqttv3.internal,ExceptionHelper,0,0,3,3,30,5,0,0,-1.0,10,1
paho.mqtt.java-0.4.0,org.eclipse.paho.client.mqttv3.internal,FileLock,3,0,2,2,62,7,0,0,0.0,1,1
paho.mqtt.java-0.4.0,org.eclipse.paho.client.mqttv3.internal,LocalNetworkModule,3,0,5,5,56,8,0,1,0.0,0,2
paho.mqtt.java-0.4.0,org.eclipse.paho.client.mqttv3.internal,MessageCatalog,1,0,2,1,28,5,1,0,0.0,2,2
paho.mqtt.java-0.4.0,org.eclipse.paho.client.mqttv3.internal,MqttPersistentData,7,0,8,8,52,9,0,0,0.0,0,0
paho.mqtt.java-0.4.0,org.eclipse.paho.client.mqttv3.internal,NetworkModule,0,0,4,4,6,4,2,0,-1.0,3,0
paho.mqtt.java-0.4.0,org.eclipse.paho.client.mqttv3.internal,ResourceBundleCatalog,1,0,2,1,14,2,0,1,0.0,0,0
paho.mqtt.java-0.4.0,org.eclipse.paho.client.mqttv3.internal,SSLNetworkModule,4,0,5,5,55,10,0,2,0.0,0,2
paho.mqtt.java-0.4.0,org.eclipse.paho.client.mqttv3.internal,TCPNetworkModule,7,0,6,6,58,7,1,1,0.0,0,3
paho.mqtt.java-0.4.0,org.eclipse.paho.client.mqttv3.internal,Token,17,2,34,26,251,50,0,0,0.058823529411764705,1,8
paho.mqtt.java-0.4.0,org.eclipse.paho.client.mqttv3,IMqttActionListener,0,0,2,2,15,2,0,0,-1.0,12,1
paho.mqtt.java-0.4.0,org.eclipse.paho.client.mqttv3,IMqttAsyncClient,0,0,26,26,238,26,1,0,-1.0,5,4
paho.mqtt.java-0.4.0,org.eclipse.paho.client.mqttv3,IMqttClient,0,0,19,19,135,19,1,0,-1.0,8,3
paho.mqtt.java-0.4.0,org.eclipse.paho.client.mqttv3,IMqttDeliveryToken,0,0,1,1,11,1,1,1,-1.0,9,0
paho.mqtt.java-0.4.0,org.eclipse.paho.client.mqttv3,IMqttToken,0,0,11,11,59,11,2,0,-1.0,10,1
paho.mqtt.java-0.4.0,org.eclipse.paho.client.mqttv3,MqttAsyncClient,7,1,37,31,380,68,0,1,0.2702702702702703,6,21
paho.mqtt.java-0.4.0,org.eclipse.paho.client.mqttv3,MqttCallback,0,0,3,3,22,3,0,0,-1.0,6,2
paho.mqtt.java-0.4.0,org.eclipse.paho.client.mqttv3,MqttClient,4,1,25,25,128,27,0,1,0.28,1,7
paho.mqtt.java-0.4.0,org.eclipse.paho.client.mqttv3,MqttClientPersistence,0,0,8,8,49,8,0,0,-1.0,8,1
paho.mqtt.java-0.4.0,org.eclipse.paho.client.mqttv3,MqttConnectOptions,16,3,26,23,266,37,0,0,0.19230769230769232,16,5
paho.mqtt.java-0.4.0,org.eclipse.paho.client.mqttv3,MqttDeliveryToken,0,0,4,3,23,4,0,2,-1.0,7,1
paho.mqtt.java-0.4.0,org.eclipse.paho.client.mqttv3,MqttException,26,23,7,7,160,8,2,0,0.0,16,1
paho.mqtt.java-0.4.0,org.eclipse.paho.client.mqttv3,MqttMessage,5,0,15,12,124,18,0,0,0.13333333333333333,23,1
paho.mqtt.java-0.4.0,org.eclipse.paho.client.mqttv3,MqttPersistable,0,0,6,6,35,6,0,0,-1.0,5,0
paho.mqtt.java-0.4.0,org.eclipse.paho.client.mqttv3,MqttPersistenceException,2,1,4,4,38,4,0,1,1.0,1,0
paho.mqtt.java-0.4.0,org.eclipse.paho.client.mqttv3,MqttSecurityException,1,0,3,3,28,3,0,1,1.0,0,0
paho.mqtt.java-0.4.0,org.eclipse.paho.client.mqttv3,MqttToken,1,1,13,13,48,13,1,1,0.15384615384615385,10,2
paho.mqtt.java-0.4.0,org.eclipse.paho.client.mqttv3,MqttTopic,2,0,6,5,59,6,0,0,0.0,7,3
paho.mqtt.java-0.4.0,org.eclipse.paho.client.mqttv3.internal.security,SSLSocketFactoryFactory,30,23,34,28,652,96,0,0,0.08823529411764706,2,3
paho.mqtt.java-0.4.0,org.eclipse.paho.client.mqttv3.internal.security,SimpleBase64Encoder,2,0,4,2,90,18,0,0,0.5,2,1
paho.mqtt.java-0.4.0,org.eclipse.paho.client.mqttv3.internal.wire,CountingInputStream,2,0,4,4,33,5,0,0,0.0,2,0
paho.mqtt.java-0.4.0,org.eclipse.paho.client.mqttv3.internal.wire,MqttAck,0,0,3,2,17,3,7,1,-1.0,1,0
paho.mqtt.java-0.4.0,org.eclipse.paho.client.mqttv3.internal.wire,MqttConnack,1,0,6,5,32,6,0,2,0.6666666666666666,1,1
paho.mqtt.java-0.4.0,org.eclipse.paho.client.mqttv3.internal.wire,MqttConnect,8,1,9,7,116,17,0,1,0.4444444444444444,2,2
paho.mqtt.java-0.4.0,org.eclipse.paho.client.mqttv3.internal.wire,MqttDisconnect,1,1,6,4,27,6,0,1,1.0,3,1
paho.mqtt.java-0.4.0,org.eclipse.paho.client.mqttv3.internal.wire,MqttInputStream,3,0,5,5,42,6,0,0,0.0,1,5
paho.mqtt.java-0.4.0,org.eclipse.paho.client.mqttv3.internal.wire,MqttOutputStream,3,0,7,7,37,7,0,0,0.0,1,3
paho.mqtt.java-0.4.0,org.eclipse.paho.client.mqttv3.internal.wire,MqttPersistableWireMessage,0,0,7,7,33,7,2,1,-1.0,0,0
paho.mqtt.java-0.4.0,org.eclipse.paho.client.mqttv3.internal.wire,MqttPingReq,0,0,6,4,26,6,0,1,-1.0,0,1
paho.mqtt.java-0.4.0,org.eclipse.paho.client.mqttv3.internal.wire,MqttPingResp,0,0,4,3,20,4,0,2,-1.0,0,1
paho.mqtt.java-0.4.0,org.eclipse.paho.client.mqttv3.internal.wire,MqttPubAck,0,0,3,2,19,3,0,2,-1.0,0,2
paho.mqtt.java-0.4.0,org.eclipse.paho.client.mqttv3.internal.wire,MqttPubComp,0,0,4,3,23,4,0,2,-1.0,2,2
paho.mqtt.java-0.4.0,org.eclipse.paho.client.mqttv3.internal.wire,MqttPubRec,0,0,3,2,19,3,0,2,-1.0,1,2
paho.mqtt.java-0.4.0,org.eclipse.paho.client.mqttv3.internal.wire,MqttPubRel,0,0,5,3,35,5,0,2,-1.0,1,2
paho.mqtt.java-0.4.0,org.eclipse.paho.client.mqttv3.internal.wire,MqttPublish,3,0,12,9,131,23,0,2,0.16666666666666666,9,4
paho.mqtt.java-0.4.0,org.eclipse.paho.client.mqttv3.internal.wire,MqttReceivedMessage,1,0,3,3,12,3,0,0,0.6666666666666666,0,0
paho.mqtt.java-0.4.0,org.eclipse.paho.client.mqttv3.internal.wire,MqttSuback,1,0,3,2,31,5,0,2,0.6666666666666666,0,1
paho.mqtt.java-0.4.0,org.eclipse.paho.client.mqttv3.internal.wire,MqttSubscribe,3,0,7,5,104,15,0,1,0.5714285714285714,1,2
paho.mqtt.java-0.4.0,org.eclipse.paho.client.mqttv3.internal.wire,MqttUnsubAck,0,0,2,1,15,2,0,2,-1.0,0,1
paho.mqtt.java-0.4.0,org.eclipse.paho.client.mqttv3.internal.wire,MqttUnsubscribe,2,0,7,5,80,11,0,1,0.5714285714285714,1,1
paho.mqtt.java-0.4.0,org.eclipse.paho.client.mqttv3.internal.wire,MqttWireMessage,20,14,21,13,270,41,7,0,0.42857142857142855,23,6
paho.mqtt.java-0.4.0,org.eclipse.paho.client.mqttv3.internal.wire,MultiByteArrayInputStream,7,0,2,2,34,5,0,0,0.0,1,0
paho.mqtt.java-0.4.0,org.eclipse.paho.client.mqttv3.internal.wire,MultiByteInteger,2,0,4,4,26,4,0,0,0.0,0,0
paho.mqtt.java-0.4.0,org.eclipse.paho.client.mqttv3.logging,JSR47Logger,6,0,32,28,187,46,0,1,0.0625,0,0
paho.mqtt.java-0.4.0,org.eclipse.paho.client.mqttv3.logging,Logger,7,7,28,28,215,28,1,0,-1.0,16,0
paho.mqtt.java-0.4.0,org.eclipse.paho.client.mqttv3.logging,LoggerFactory,4,1,4,3,100,7,0,0,0.5,15,2
paho.mqtt.java-0.4.0,org.eclipse.paho.client.mqttv3.logging,SimpleLogFormatter,1,0,3,3,76,9,0,0,0.6666666666666666,1,1
paho.mqtt.java-0.4.0,org.eclipse.paho.client.mqttv3.persist,MemoryPersistence,1,0,8,8,30,8,0,0,0.0,0,1
paho.mqtt.java-0.4.0,org.eclipse.paho.client.mqttv3.persist,MqttDefaultFilePersistence,7,0,16,12,223,43,0,0,0.125,3,3
paho.mqtt.java-0.4.0,org.eclipse.paho.client.mqttv3.util,Debug,6,0,11,9,124,17,0,0,0.0,2,4
paho.mqtt.java-0.4.0,org.eclipse.paho.client.mqttv3.test,BasicSSLTest,8,0,7,7,335,27,0,0,0.0,0,7
paho.mqtt.java-0.4.0,org.eclipse.paho.client.mqttv3.test,BasicTest,10,0,12,12,277,19,0,0,0.16666666666666666,0,9
paho.mqtt.java-0.4.0,org.eclipse.paho.client.mqttv3.test,MessageListener,1,0,5,5,44,7,0,0,0.6,0,2
paho.mqtt.java-0.4.0,org.eclipse.paho.client.mqttv3.test,LiveTakeOverTest,11,1,8,4,196,15,0,0,0.0,0,9
paho.mqtt.java-0.4.0,org.eclipse.paho.client.mqttv3.test,FirstClient,4,1,5,1,91,9,0,0,0.0,0,6
paho.mqtt.java-0.4.0,org.eclipse.paho.client.mqttv3.test,ModelTestCase,22,14,29,27,532,81,0,0,0.06896551724137931,0,9
paho.mqtt.java-0.4.0,org.eclipse.paho.client.mqttv3.test,SendReceiveAsyncTest,5,0,7,7,385,25,0,0,0.0,0,9
paho.mqtt.java-0.4.0,org.eclipse.paho.client.mqttv3.test,SendReceiveTest,5,0,8,8,396,30,0,0,0.0,0,8
paho.mqtt.java-0.4.0,org.eclipse.paho.client.mqttv3.test.client,MqttAsyncClientPaho,0,0,5,5,38,5,0,0,-1.0,0,1
paho.mqtt.java-0.4.0,org.eclipse.paho.client.mqttv3.test.client,MqttClientFactoryPaho,0,0,8,8,60,8,0,0,-1.0,6,1
paho.mqtt.java-0.4.0,org.eclipse.paho.client.mqttv3.test.client,MqttClientPaho,0,0,5,5,38,5,0,0,-1.0,0,1
paho.mqtt.java-0.4.0,org.eclipse.paho.client.mqttv3.test.logging,ConsoleHandler,0,0,3,3,24,3,0,0,-1.0,0,0
paho.mqtt.java-0.4.0,org.eclipse.paho.client.mqttv3.test.logging,DetailFormatter,3,0,10,10,135,16,1,0,0.0,0,2
paho.mqtt.java-0.4.0,org.eclipse.paho.client.mqttv3.test.logging,HumanFormatter,0,0,3,3,35,5,0,1,-1.0,0,0
paho.mqtt.java-0.4.0,org.eclipse.paho.client.mqttv3.test.logging,LoggerDumper,2,0,4,2,89,13,0,0,0.0,1,2
paho.mqtt.java-0.4.0,org.eclipse.paho.client.mqttv3.test.logging,LoggerNode,3,0,5,5,41,5,0,0,0.0,2,1
paho.mqtt.java-0.4.0,org.eclipse.paho.client.mqttv3.test.logging,LoggingUtilities,1,1,4,4,64,5,0,0,0.75,8,2
paho.mqtt.java-0.4.0,org.eclipse.paho.client.mqttv3.test.logging,ObjectFormatter,4,0,19,17,225,36,0,0,0.3684210526315789,3,2
paho.mqtt.java-0.4.0,org.eclipse.paho.client.mqttv3.test.logging,TraceFormatter,3,0,5,4,92,10,0,0,0.4,0,2
paho.mqtt.java-0.4.0,org.eclipse.paho.client.mqttv3.test.properties,TestProperties,12,6,16,14,276,36,0,0,0.0,7,2
paho.mqtt.java-0.4.0,org.eclipse.paho.client.mqttv3.test.utilities,MqttV3Receiver,10,2,14,13,316,39,0,0,0.21428571428571427,5,7
paho.mqtt.java-0.4.0,org.eclipse.paho.client.mqttv3.test.utilities,ReceivedMessage,2,2,1,0,15,1,0,0,0.0,2,1
paho.mqtt.java-0.4.0,org.eclipse.paho.client.mqttv3.test.utilities,StringUtilities,3,1,11,11,181,24,0,0,0.7272727272727273,5,1
paho.mqtt.java-0.4.0,org.eclipse.paho.client.mqttv3.test.utilities,Utility,3,0,5,5,69,12,0,0,1.0,9,3
paho.mqtt.java-0.4.0,org.eclipse.paho.sample.mqttv3app,Sample,7,0,9,7,254,40,0,0,0.3333333333333333,1,6
paho.mqtt.java-0.4.0,org.eclipse.paho.sample.mqttv3app,SampleAsyncCallBack,19,0,27,24,480,74,0,0,0.1111111111111111,1,12
paho.mqtt.java-0.4.0,org.eclipse.paho.sample.mqttv3app,MqttConnector,0,0,5,5,38,5,0,0,-1.0,1,2
paho.mqtt.java-0.4.0,org.eclipse.paho.sample.mqttv3app,Publisher,0,0,4,4,39,4,0,0,-1.0,1,3
paho.mqtt.java-0.4.0,org.eclipse.paho.sample.mqttv3app,Subscriber,0,0,4,4,36,4,0,0,-1.0,1,2
paho.mqtt.java-0.4.0,org.eclipse.paho.sample.mqttv3app,Disconnector,0,0,4,4,36,4,0,0,-1.0,1,2
paho.mqtt.java-0.4.0,org.eclipse.paho.sample.mqttv3app,SampleAsyncWait,7,0,9,7,271,40,0,0,0.2222222222222222,1,7
paho.mqtt.java-0.4.0,org.eclipse.paho.sample.utility,ConnOpts,17,0,13,13,236,15,0,0,0.0,2,1
paho.mqtt.java-0.4.0,org.eclipse.paho.sample.utility,LED,24,5,13,11,177,17,0,0,0.15384615384615385,1,1
paho.mqtt.java-0.4.0,org.eclipse.paho.sample.utility,Colours,5,5,2,0,21,2,0,0,0.0,1,0
paho.mqtt.java-0.4.0,org.eclipse.paho.sample.utility,MQTTFrame,28,0,25,22,601,72,0,0,0.12,5,6
paho.mqtt.java-0.4.0,org.eclipse.paho.sample.utility,MQTTHist,7,0,8,7,111,12,0,0,0.0,1,2
paho.mqtt.java-0.4.0,org.eclipse.paho.sample.utility,PubPanel,15,0,10,8,239,25,0,0,0.0,1,1
paho.mqtt.java-0.4.0,org.eclipse.paho.sample.utility,SubPanel,18,0,8,6,253,23,0,0,0.0,1,1
