Project Name,Package Name,Type Name,Code Smell
paho.mqtt.java-1.0.0,org.eclipse.paho.android.service.sample,ActivityConstants,Broken Modularization
paho.mqtt.java-1.0.0,org.eclipse.paho.android.service.sample,LongClickItemListener,Unutilized Abstraction
paho.mqtt.java-1.0.0,org.eclipse.paho.android.service.sample,Connection,Insufficient Modularization
paho.mqtt.java-1.0.0,org.eclipse.paho.android.service.sample,ChangeListener,Unutilized Abstraction
paho.mqtt.java-1.0.0,org.eclipse.paho.android.service.sample,HistoryFragment,Unutilized Abstraction
paho.mqtt.java-1.0.0,org.eclipse.paho.android.service.sample,Listener,Unutilized Abstraction
paho.mqtt.java-1.0.0,org.eclipse.paho.android.service.sample,MqttCallbackHandler,Unutilized Abstraction
paho.mqtt.java-1.0.0,org.eclipse.paho.android.service.sample,Listener,Unutilized Abstraction
paho.mqtt.java-1.0.0,org.eclipse.paho.android.service.sample,Persistence,Deficient Encapsulation
paho.mqtt.java-1.0.0,org.eclipse.paho.android.service.sample,PersistenceException,Unutilized Abstraction
paho.mqtt.java-1.0.0,org.eclipse.paho.android.service.sample,PublishFragment,Unutilized Abstraction
paho.mqtt.java-1.0.0,org.eclipse.paho.android.service.sample,SubscribeFragment,Unutilized Abstraction
paho.mqtt.java-1.0.0,org.eclipse.paho.android.service.test,AndroidServiceTest,Unutilized Abstraction
paho.mqtt.java-1.0.0,org.eclipse.paho.android.service.test,AndroidServiceWithActionListenerTest,Unutilized Abstraction
paho.mqtt.java-1.0.0,org.eclipse.paho.android.service.test,ActionListener,Unutilized Abstraction
paho.mqtt.java-1.0.0,org.eclipse.paho.android.service.test,MqttV3Receiver,Deficient Encapsulation
paho.mqtt.java-1.0.0,org.eclipse.paho.android.service.test,ReceivedMessage,Deficient Encapsulation
paho.mqtt.java-1.0.0,org.eclipse.paho.android.service.test,TestProperties,Unnecessary Abstraction
paho.mqtt.java-1.0.0,org.eclipse.paho.android.service.test,TestProperties,Deficient Encapsulation
paho.mqtt.java-1.0.0,org.eclipse.paho.android.service,AlarmReceiver,Unutilized Abstraction
paho.mqtt.java-1.0.0,org.eclipse.paho.android.service,DatabaseMessageStore,Unutilized Abstraction
paho.mqtt.java-1.0.0,org.eclipse.paho.android.service,DbStoredData,Unutilized Abstraction
paho.mqtt.java-1.0.0,org.eclipse.paho.android.service,MqttAndroidClient,Cyclic-Dependent Modularization
paho.mqtt.java-1.0.0,org.eclipse.paho.android.service,MqttAndroidClient,Insufficient Modularization
paho.mqtt.java-1.0.0,org.eclipse.paho.android.service,MqttConnection,Cyclic-Dependent Modularization
paho.mqtt.java-1.0.0,org.eclipse.paho.android.service,MqttConnection,Insufficient Modularization
paho.mqtt.java-1.0.0,org.eclipse.paho.android.service,MqttConnectionListener,Unutilized Abstraction
paho.mqtt.java-1.0.0,org.eclipse.paho.android.service,MqttDeliveryTokenAndroid,Unutilized Abstraction
paho.mqtt.java-1.0.0,org.eclipse.paho.android.service,MqttDeliveryTokenAndroid,Broken Hierarchy
paho.mqtt.java-1.0.0,org.eclipse.paho.android.service,MqttDeliveryTokenAndroid,Cyclic-Dependent Modularization
paho.mqtt.java-1.0.0,org.eclipse.paho.android.service,MqttService,Cyclic-Dependent Modularization
paho.mqtt.java-1.0.0,org.eclipse.paho.android.service,MqttService,Insufficient Modularization
paho.mqtt.java-1.0.0,org.eclipse.paho.android.service,MqttServiceBinder,Cyclic-Dependent Modularization
paho.mqtt.java-1.0.0,org.eclipse.paho.android.service,MqttServiceConstants,Broken Modularization
paho.mqtt.java-1.0.0,org.eclipse.paho.android.service,MqttServiceConstants,Cyclic-Dependent Modularization
paho.mqtt.java-1.0.0,org.eclipse.paho.android.service,MqttTokenAndroid,Unutilized Abstraction
paho.mqtt.java-1.0.0,org.eclipse.paho.android.service,ParcelableMqttMessage,Deficient Encapsulation
paho.mqtt.java-1.0.0,org.eclipse.paho.client.eclipse.view,Activator,Deficient Encapsulation
paho.mqtt.java-1.0.0,org.eclipse.paho.client.eclipse.view,ClientConstants,Unnecessary Abstraction
paho.mqtt.java-1.0.0,org.eclipse.paho.client.eclipse.view,Messages,Deficient Encapsulation
paho.mqtt.java-1.0.0,org.eclipse.paho.client.eclipse.view,MqttClientView,Insufficient Modularization
paho.mqtt.java-1.0.0,org.eclipse.paho.client.mqttv3.test,BasicSSLTest,Unutilized Abstraction
paho.mqtt.java-1.0.0,org.eclipse.paho.client.mqttv3.test,BasicTest,Unutilized Abstraction
paho.mqtt.java-1.0.0,org.eclipse.paho.client.mqttv3.test,MessageListener,Unutilized Abstraction
paho.mqtt.java-1.0.0,org.eclipse.paho.client.mqttv3.test,LiveTakeOverTest,Unutilized Abstraction
paho.mqtt.java-1.0.0,org.eclipse.paho.client.mqttv3.test,LiveTakeOverTest,Deficient Encapsulation
paho.mqtt.java-1.0.0,org.eclipse.paho.client.mqttv3.test,FirstClient,Unutilized Abstraction
paho.mqtt.java-1.0.0,org.eclipse.paho.client.mqttv3.test,FirstClient,Deficient Encapsulation
paho.mqtt.java-1.0.0,org.eclipse.paho.client.mqttv3.test,ModelTestCase,Unutilized Abstraction
paho.mqtt.java-1.0.0,org.eclipse.paho.client.mqttv3.test,ModelTestCase,Deficient Encapsulation
paho.mqtt.java-1.0.0,org.eclipse.paho.client.mqttv3.test,ModelTestCase,Insufficient Modularization
paho.mqtt.java-1.0.0,org.eclipse.paho.client.mqttv3.test,SendReceiveAsyncTest,Unutilized Abstraction
paho.mqtt.java-1.0.0,org.eclipse.paho.client.mqttv3.test,SendReceiveTest,Unutilized Abstraction
paho.mqtt.java-1.0.0,org.eclipse.paho.client.mqttv3.test.client,MqttAsyncClientPaho,Unutilized Abstraction
paho.mqtt.java-1.0.0,org.eclipse.paho.client.mqttv3.test.client,MqttClientPaho,Unutilized Abstraction
paho.mqtt.java-1.0.0,org.eclipse.paho.client.mqttv3.test.logging,ConsoleHandler,Unutilized Abstraction
paho.mqtt.java-1.0.0,org.eclipse.paho.client.mqttv3.test.logging,DetailFormatter,Unutilized Abstraction
paho.mqtt.java-1.0.0,org.eclipse.paho.client.mqttv3.test.logging,HumanFormatter,Unutilized Abstraction
paho.mqtt.java-1.0.0,org.eclipse.paho.client.mqttv3.test.logging,LoggingUtilities,Deficient Encapsulation
paho.mqtt.java-1.0.0,org.eclipse.paho.client.mqttv3.test.logging,TraceFormatter,Unutilized Abstraction
paho.mqtt.java-1.0.0,org.eclipse.paho.client.mqttv3.test.properties,TestProperties,Deficient Encapsulation
paho.mqtt.java-1.0.0,org.eclipse.paho.client.mqttv3.test.utilities,MqttV3Receiver,Deficient Encapsulation
paho.mqtt.java-1.0.0,org.eclipse.paho.client.mqttv3.test.utilities,ReceivedMessage,Deficient Encapsulation
paho.mqtt.java-1.0.0,org.eclipse.paho.client.mqttv3.test.utilities,StringUtilities,Deficient Encapsulation
paho.mqtt.java-1.0.0,org.eclipse.paho.client.mqttv3.internal,ClientComms,Deficient Encapsulation
paho.mqtt.java-1.0.0,org.eclipse.paho.client.mqttv3.internal,ClientComms,Cyclic-Dependent Modularization
paho.mqtt.java-1.0.0,org.eclipse.paho.client.mqttv3.internal,ClientComms,Insufficient Modularization
paho.mqtt.java-1.0.0,org.eclipse.paho.client.mqttv3.internal,ConnectBG,Cyclic-Dependent Modularization
paho.mqtt.java-1.0.0,org.eclipse.paho.client.mqttv3.internal,DisconnectBG,Cyclic-Dependent Modularization
paho.mqtt.java-1.0.0,org.eclipse.paho.client.mqttv3.internal,ClientDefaults,Unnecessary Abstraction
paho.mqtt.java-1.0.0,org.eclipse.paho.client.mqttv3.internal,ClientDefaults,Unutilized Abstraction
paho.mqtt.java-1.0.0,org.eclipse.paho.client.mqttv3.internal,ClientDefaults,Deficient Encapsulation
paho.mqtt.java-1.0.0,org.eclipse.paho.client.mqttv3.internal,ClientState,Cyclic-Dependent Modularization
paho.mqtt.java-1.0.0,org.eclipse.paho.client.mqttv3.internal,ClientState,Insufficient Modularization
paho.mqtt.java-1.0.0,org.eclipse.paho.client.mqttv3.internal,CommsCallback,Deficient Encapsulation
paho.mqtt.java-1.0.0,org.eclipse.paho.client.mqttv3.internal,CommsCallback,Cyclic-Dependent Modularization
paho.mqtt.java-1.0.0,org.eclipse.paho.client.mqttv3.internal,CommsReceiver,Cyclic-Dependent Modularization
paho.mqtt.java-1.0.0,org.eclipse.paho.client.mqttv3.internal,CommsSender,Cyclic-Dependent Modularization
paho.mqtt.java-1.0.0,org.eclipse.paho.client.mqttv3.internal,CommsTokenStore,Cyclic-Dependent Modularization
paho.mqtt.java-1.0.0,org.eclipse.paho.client.mqttv3.internal,ConnectActionListener,Cyclic-Dependent Modularization
paho.mqtt.java-1.0.0,org.eclipse.paho.client.mqttv3.internal,DestinationProvider,Unutilized Abstraction
paho.mqtt.java-1.0.0,org.eclipse.paho.client.mqttv3.internal,ExceptionHelper,Cyclic-Dependent Modularization
paho.mqtt.java-1.0.0,org.eclipse.paho.client.mqttv3.internal,LocalNetworkModule,Unutilized Abstraction
paho.mqtt.java-1.0.0,org.eclipse.paho.client.mqttv3.internal,MessageCatalog,Cyclic-Dependent Modularization
paho.mqtt.java-1.0.0,org.eclipse.paho.client.mqttv3.internal,MqttPersistentData,Unutilized Abstraction
paho.mqtt.java-1.0.0,org.eclipse.paho.client.mqttv3.internal,ResourceBundleCatalog,Unutilized Abstraction
paho.mqtt.java-1.0.0,org.eclipse.paho.client.mqttv3.internal,ResourceBundleCatalog,Broken Hierarchy
paho.mqtt.java-1.0.0,org.eclipse.paho.client.mqttv3.internal,SSLNetworkModule,Unutilized Abstraction
paho.mqtt.java-1.0.0,org.eclipse.paho.client.mqttv3.internal,TCPNetworkModule,Unutilized Abstraction
paho.mqtt.java-1.0.0,org.eclipse.paho.client.mqttv3.internal,Token,Cyclic-Dependent Modularization
paho.mqtt.java-1.0.0,org.eclipse.paho.client.mqttv3.internal,Token,Insufficient Modularization
paho.mqtt.java-1.0.0,org.eclipse.paho.client.mqttv3.internal,MicroCatalog,Unutilized Abstraction
paho.mqtt.java-1.0.0,org.eclipse.paho.client.mqttv3.internal,MicroCatalog,Broken Hierarchy
paho.mqtt.java-1.0.0,org.eclipse.paho.client.mqttv3.internal,MqttMicroNetworkFactory,Deficient Encapsulation
paho.mqtt.java-1.0.0,org.eclipse.paho.client.mqttv3.internal,SSLMicroNetworkModule,Unutilized Abstraction
paho.mqtt.java-1.0.0,org.eclipse.paho.client.mqttv3.internal,TCPMicroNetworkModule,Unutilized Abstraction
paho.mqtt.java-1.0.0,org.eclipse.paho.client.mqttv3,IMqttActionListener,Cyclic-Dependent Modularization
paho.mqtt.java-1.0.0,org.eclipse.paho.client.mqttv3,IMqttAsyncClient,Cyclic-Dependent Modularization
paho.mqtt.java-1.0.0,org.eclipse.paho.client.mqttv3,IMqttAsyncClient,Insufficient Modularization
paho.mqtt.java-1.0.0,org.eclipse.paho.client.mqttv3,IMqttClient,Insufficient Modularization
paho.mqtt.java-1.0.0,org.eclipse.paho.client.mqttv3,IMqttDeliveryToken,Broken Hierarchy
paho.mqtt.java-1.0.0,org.eclipse.paho.client.mqttv3,IMqttToken,Cyclic-Dependent Modularization
paho.mqtt.java-1.0.0,org.eclipse.paho.client.mqttv3,MqttAsyncClient,Cyclic-Dependent Modularization
paho.mqtt.java-1.0.0,org.eclipse.paho.client.mqttv3,MqttAsyncClient,Insufficient Modularization
paho.mqtt.java-1.0.0,org.eclipse.paho.client.mqttv3,MqttClient,Insufficient Modularization
paho.mqtt.java-1.0.0,org.eclipse.paho.client.mqttv3,MqttConnectOptions,Deficient Encapsulation
paho.mqtt.java-1.0.0,org.eclipse.paho.client.mqttv3,MqttConnectOptions,Cyclic-Dependent Modularization
paho.mqtt.java-1.0.0,org.eclipse.paho.client.mqttv3,MqttConnectOptions,Insufficient Modularization
paho.mqtt.java-1.0.0,org.eclipse.paho.client.mqttv3,MqttDeliveryToken,Broken Hierarchy
paho.mqtt.java-1.0.0,org.eclipse.paho.client.mqttv3,MqttException,Deficient Encapsulation
paho.mqtt.java-1.0.0,org.eclipse.paho.client.mqttv3,MqttException,Cyclic-Dependent Modularization
paho.mqtt.java-1.0.0,org.eclipse.paho.client.mqttv3,MqttPersistenceException,Deficient Encapsulation
paho.mqtt.java-1.0.0,org.eclipse.paho.client.mqttv3,MqttPersistenceException,Broken Hierarchy
paho.mqtt.java-1.0.0,org.eclipse.paho.client.mqttv3,MqttPingSender,Cyclic-Dependent Modularization
paho.mqtt.java-1.0.0,org.eclipse.paho.client.mqttv3,MqttSecurityException,Unutilized Abstraction
paho.mqtt.java-1.0.0,org.eclipse.paho.client.mqttv3,MqttSecurityException,Broken Hierarchy
paho.mqtt.java-1.0.0,org.eclipse.paho.client.mqttv3,MqttToken,Deficient Encapsulation
paho.mqtt.java-1.0.0,org.eclipse.paho.client.mqttv3,MqttToken,Cyclic-Dependent Modularization
paho.mqtt.java-1.0.0,org.eclipse.paho.client.mqttv3,MqttTopic,Deficient Encapsulation
paho.mqtt.java-1.0.0,org.eclipse.paho.client.mqttv3,MqttTopic,Cyclic-Dependent Modularization
paho.mqtt.java-1.0.0,org.eclipse.paho.client.mqttv3,TimerPingSender,Unutilized Abstraction
paho.mqtt.java-1.0.0,org.eclipse.paho.client.mqttv3,PingTask,Unutilized Abstraction
paho.mqtt.java-1.0.0,org.eclipse.paho.client.mqttv3,MqttConnectOptions,Unutilized Abstraction
paho.mqtt.java-1.0.0,org.eclipse.paho.client.mqttv3,MqttConnectOptions,Deficient Encapsulation
paho.mqtt.java-1.0.0,org.eclipse.paho.client.mqttv3,MqttConnectOptions,Insufficient Modularization
paho.mqtt.java-1.0.0,org.eclipse.paho.client.mqttv3.internal.security,SSLSocketFactoryFactory,Deficient Encapsulation
paho.mqtt.java-1.0.0,org.eclipse.paho.client.mqttv3.internal.security,SSLSocketFactoryFactory,Insufficient Modularization
paho.mqtt.java-1.0.0,org.eclipse.paho.client.mqttv3.internal.wire,MqttConnack,Deficient Encapsulation
paho.mqtt.java-1.0.0,org.eclipse.paho.client.mqttv3.internal.wire,MqttConnect,Deficient Encapsulation
paho.mqtt.java-1.0.0,org.eclipse.paho.client.mqttv3.internal.wire,MqttDisconnect,Deficient Encapsulation
paho.mqtt.java-1.0.0,org.eclipse.paho.client.mqttv3.internal.wire,MqttPersistableWireMessage,Unutilized Abstraction
paho.mqtt.java-1.0.0,org.eclipse.paho.client.mqttv3.internal.wire,MqttPersistableWireMessage,Broken Hierarchy
paho.mqtt.java-1.0.0,org.eclipse.paho.client.mqttv3.internal.wire,MqttPingReq,Unutilized Abstraction
paho.mqtt.java-1.0.0,org.eclipse.paho.client.mqttv3.internal.wire,MqttPingReq,Deficient Encapsulation
paho.mqtt.java-1.0.0,org.eclipse.paho.client.mqttv3.internal.wire,MqttPingResp,Unutilized Abstraction
paho.mqtt.java-1.0.0,org.eclipse.paho.client.mqttv3.internal.wire,MqttPingResp,Deficient Encapsulation
paho.mqtt.java-1.0.0,org.eclipse.paho.client.mqttv3.internal.wire,MqttPingResp,Broken Hierarchy
paho.mqtt.java-1.0.0,org.eclipse.paho.client.mqttv3.internal.wire,MqttPubAck,Unutilized Abstraction
paho.mqtt.java-1.0.0,org.eclipse.paho.client.mqttv3.internal.wire,MqttPubAck,Broken Hierarchy
paho.mqtt.java-1.0.0,org.eclipse.paho.client.mqttv3.internal.wire,MqttPubComp,Broken Hierarchy
paho.mqtt.java-1.0.0,org.eclipse.paho.client.mqttv3.internal.wire,MqttPubRec,Broken Hierarchy
paho.mqtt.java-1.0.0,org.eclipse.paho.client.mqttv3.internal.wire,MqttPubRel,Unutilized Abstraction
paho.mqtt.java-1.0.0,org.eclipse.paho.client.mqttv3.internal.wire,MqttPubRel,Broken Hierarchy
paho.mqtt.java-1.0.0,org.eclipse.paho.client.mqttv3.internal.wire,MqttPublish,Unutilized Abstraction
paho.mqtt.java-1.0.0,org.eclipse.paho.client.mqttv3.internal.wire,MqttReceivedMessage,Unutilized Abstraction
paho.mqtt.java-1.0.0,org.eclipse.paho.client.mqttv3.internal.wire,MqttSuback,Unutilized Abstraction
paho.mqtt.java-1.0.0,org.eclipse.paho.client.mqttv3.internal.wire,MqttUnsubAck,Unutilized Abstraction
paho.mqtt.java-1.0.0,org.eclipse.paho.client.mqttv3.internal.wire,MqttUnsubAck,Broken Hierarchy
paho.mqtt.java-1.0.0,org.eclipse.paho.client.mqttv3.internal.wire,MqttWireMessage,Deficient Encapsulation
paho.mqtt.java-1.0.0,org.eclipse.paho.client.mqttv3.internal.wire,MultiByteInteger,Unutilized Abstraction
paho.mqtt.java-1.0.0,org.eclipse.paho.client.mqttv3.logging,JSR47Logger,Unutilized Abstraction
paho.mqtt.java-1.0.0,org.eclipse.paho.client.mqttv3.logging,JSR47Logger,Insufficient Modularization
paho.mqtt.java-1.0.0,org.eclipse.paho.client.mqttv3.logging,Logger,Deficient Encapsulation
paho.mqtt.java-1.0.0,org.eclipse.paho.client.mqttv3.logging,Logger,Insufficient Modularization
paho.mqtt.java-1.0.0,org.eclipse.paho.client.mqttv3.logging,LoggerFactory,Deficient Encapsulation
paho.mqtt.java-1.0.0,org.eclipse.paho.client.mqttv3.logging,Logging,Unutilized Abstraction
paho.mqtt.java-1.0.0,org.eclipse.paho.client.mqttv3.logging,Logging,Insufficient Modularization
paho.mqtt.java-1.0.0,org.eclipse.paho.client.mqttv3.logging,SimpleLogFormatter,Unutilized Abstraction
paho.mqtt.java-1.0.0,org.eclipse.paho.client.mqttv3.logging,MIDPLogging,Unutilized Abstraction
paho.mqtt.java-1.0.0,org.eclipse.paho.client.mqttv3.logging,MIDPLogging,Insufficient Modularization
paho.mqtt.java-1.0.0,org.eclipse.paho.client.mqttv3.logging,EmptyLogger,Unutilized Abstraction
paho.mqtt.java-1.0.0,org.eclipse.paho.client.mqttv3.logging,EmptyLogger,Insufficient Modularization
paho.mqtt.java-1.0.0,org.eclipse.paho.client.mqttv3.logging,Logger,Unutilized Abstraction
paho.mqtt.java-1.0.0,org.eclipse.paho.client.mqttv3.logging,Logger,Deficient Encapsulation
paho.mqtt.java-1.0.0,org.eclipse.paho.client.mqttv3.logging,Logger,Insufficient Modularization
paho.mqtt.java-1.0.0,org.eclipse.paho.client.mqttv3.logging,LoggerFactory,Unutilized Abstraction
paho.mqtt.java-1.0.0,org.eclipse.paho.client.mqttv3.logging,LoggerFactory,Deficient Encapsulation
paho.mqtt.java-1.0.0,org.eclipse.paho.client.mqttv3.persist,MemoryPersistence,Unutilized Abstraction
paho.mqtt.java-1.0.0,org.eclipse.paho.client.mqttv3.persist,MqttDefaultMicroFilePersistence,Unutilized Abstraction
paho.mqtt.java-1.0.0,org.eclipse.paho.client.mqttv3.persist,MqttDefaultMicroPersistence,Unutilized Abstraction
paho.mqtt.java-1.0.0,org.eclipse.paho.client.mqttv3.util,Debug,Cyclic-Dependent Modularization
paho.mqtt.java-1.0.0,org.eclipse.paho.client.mqttv3.util,ConsoleHandler,Unutilized Abstraction
paho.mqtt.java-1.0.0,org.eclipse.paho.client.mqttv3.util,MemoryHandler,Unutilized Abstraction
paho.mqtt.java-1.0.0,org.eclipse.paho.jmeclient.mqttv3.test,MessageListener,Unutilized Abstraction
paho.mqtt.java-1.0.0,org.eclipse.paho.jmeclient.mqttv3.test,GPIOTest,Unutilized Abstraction
paho.mqtt.java-1.0.0,org.eclipse.paho.jmeclient.mqttv3.test,Iterator,Unutilized Abstraction
paho.mqtt.java-1.0.0,org.eclipse.paho.jmeclient.mqttv3.test,SimpleIterator,Unutilized Abstraction
paho.mqtt.java-1.0.0,org.eclipse.paho.jmeclient.mqttv3.sampleGPIO,GPIOSample,Unutilized Abstraction
paho.mqtt.java-1.0.0,org.eclipse.paho.jmeclient.mqttv3.sampleGPIO.AsyncCallback,GPIOSampleAsyncCallback,Unutilized Abstraction
paho.mqtt.java-1.0.0,org.eclipse.paho.jmeclient.mqttv3.sampleGPIO.AsyncCallback,SampleAsyncCallback,Insufficient Modularization
paho.mqtt.java-1.0.0,org.eclipse.paho.jmeclient.mqttv3.sampleGPIO.AsyncWait,GPIOSampleAsyncWait,Unutilized Abstraction
paho.mqtt.java-1.0.0,org.eclipse.paho.jmeclient.mqttv3.sampleMIDP,IA92,Unutilized Abstraction
paho.mqtt.java-1.0.0,org.eclipse.paho.sample.mqttv3app,SampleAsyncCallBack,Insufficient Modularization
paho.mqtt.java-1.0.0,org.eclipse.paho.sample.utility,ConnOpts,Cyclic-Dependent Modularization
paho.mqtt.java-1.0.0,org.eclipse.paho.sample.utility,LED,Deficient Encapsulation
paho.mqtt.java-1.0.0,org.eclipse.paho.sample.utility,Colours,Deficient Encapsulation
paho.mqtt.java-1.0.0,org.eclipse.paho.sample.utility,MQTTFrame,Cyclic-Dependent Modularization
paho.mqtt.java-1.0.0,org.eclipse.paho.sample.utility,MQTTFrame,Insufficient Modularization
paho.mqtt.java-1.0.0,org.eclipse.paho.sample.utility,MQTTHist,Cyclic-Dependent Modularization
paho.mqtt.java-1.0.0,org.eclipse.paho.sample.utility,PubPanel,Cyclic-Dependent Modularization
paho.mqtt.java-1.0.0,org.eclipse.paho.sample.utility,SubPanel,Cyclic-Dependent Modularization
paho.mqtt.java-1.0.0,org.eclipse.paho.mqtt.ui,Activator,Deficient Encapsulation
paho.mqtt.java-1.0.0,org.eclipse.paho.mqtt.ui,Application,Unutilized Abstraction
paho.mqtt.java-1.0.0,org.eclipse.paho.mqtt.ui,ApplicationActionBarAdvisor,Unutilized Abstraction
paho.mqtt.java-1.0.0,org.eclipse.paho.mqtt.ui,ApplicationWorkbenchAdvisor,Unutilized Abstraction
paho.mqtt.java-1.0.0,org.eclipse.paho.mqtt.ui,ApplicationWorkbenchWindowAdvisor,Unutilized Abstraction
paho.mqtt.java-1.0.0,org.eclipse.paho.mqtt.ui,Constants,Deficient Encapsulation
paho.mqtt.java-1.0.0,org.eclipse.paho.mqtt.ui,Constants,Broken Modularization
paho.mqtt.java-1.0.0,org.eclipse.paho.mqtt.ui,ImageKeys,Deficient Encapsulation
paho.mqtt.java-1.0.0,org.eclipse.paho.mqtt.ui,ImageKeys,Broken Modularization
paho.mqtt.java-1.0.0,org.eclipse.paho.mqtt.ui,Paho,Cyclic-Dependent Modularization
paho.mqtt.java-1.0.0,org.eclipse.paho.mqtt.ui,PahoException,Unutilized Abstraction
paho.mqtt.java-1.0.0,org.eclipse.paho.mqtt.ui,Perspective,Deficient Encapsulation
paho.mqtt.java-1.0.0,org.eclipse.paho.mqtt.ui.actions,NewConnectionAction,Unutilized Abstraction
paho.mqtt.java-1.0.0,org.eclipse.paho.mqtt.ui.actions,NewConnectionAction,Deficient Encapsulation
paho.mqtt.java-1.0.0,org.eclipse.paho.mqtt.ui.core,DataBindings,Deficient Encapsulation
paho.mqtt.java-1.0.0,org.eclipse.paho.mqtt.ui.core,DataBindings,Insufficient Modularization
paho.mqtt.java-1.0.0,org.eclipse.paho.mqtt.ui.core,Converters,Deficient Encapsulation
paho.mqtt.java-1.0.0,org.eclipse.paho.mqtt.ui.core,Validators,Deficient Encapsulation
paho.mqtt.java-1.0.0,org.eclipse.paho.mqtt.ui.core,DecoratedValidator,Unutilized Abstraction
paho.mqtt.java-1.0.0,org.eclipse.paho.mqtt.ui.core,IConnectionManager,Unutilized Abstraction
paho.mqtt.java-1.0.0,org.eclipse.paho.mqtt.ui.core.event,Selector,Insufficient Modularization
paho.mqtt.java-1.0.0,org.eclipse.paho.mqtt.ui.core.event.internal,EventService,Unutilized Abstraction
paho.mqtt.java-1.0.0,org.eclipse.paho.mqtt.ui.core.event.internal,EventHandlerAdaptor,Unutilized Abstraction
paho.mqtt.java-1.0.0,org.eclipse.paho.mqtt.ui.core.event.internal,Registration,Unutilized Abstraction
paho.mqtt.java-1.0.0,org.eclipse.paho.mqtt.ui.core.internal,ConnectionCallback,Unutilized Abstraction
paho.mqtt.java-1.0.0,org.eclipse.paho.mqtt.ui.core.model,Bindable,Unutilized Abstraction
paho.mqtt.java-1.0.0,org.eclipse.paho.mqtt.ui.core.model,Connection,Unutilized Abstraction
paho.mqtt.java-1.0.0,org.eclipse.paho.mqtt.ui.core.model,Connection,Deficient Encapsulation
paho.mqtt.java-1.0.0,org.eclipse.paho.mqtt.ui.core.model,Connection,Broken Hierarchy
paho.mqtt.java-1.0.0,org.eclipse.paho.mqtt.ui.core.model,Connection,Insufficient Modularization
paho.mqtt.java-1.0.0,org.eclipse.paho.mqtt.ui.core.model,Options,Unutilized Abstraction
paho.mqtt.java-1.0.0,org.eclipse.paho.mqtt.ui.core.model,Options,Broken Hierarchy
paho.mqtt.java-1.0.0,org.eclipse.paho.mqtt.ui.core.model,Options,Insufficient Modularization
paho.mqtt.java-1.0.0,org.eclipse.paho.mqtt.ui.core.model,History,Unutilized Abstraction
paho.mqtt.java-1.0.0,org.eclipse.paho.mqtt.ui.core.model,History,Deficient Encapsulation
paho.mqtt.java-1.0.0,org.eclipse.paho.mqtt.ui.core.model,History,Broken Hierarchy
paho.mqtt.java-1.0.0,org.eclipse.paho.mqtt.ui.core.model,LWT,Unutilized Abstraction
paho.mqtt.java-1.0.0,org.eclipse.paho.mqtt.ui.core.model,LWT,Broken Hierarchy
paho.mqtt.java-1.0.0,org.eclipse.paho.mqtt.ui.core.model,Login,Unutilized Abstraction
paho.mqtt.java-1.0.0,org.eclipse.paho.mqtt.ui.core.model,Login,Broken Hierarchy
paho.mqtt.java-1.0.0,org.eclipse.paho.mqtt.ui.core.model,PublishMessage,Unutilized Abstraction
paho.mqtt.java-1.0.0,org.eclipse.paho.mqtt.ui.core.model,PublishMessage,Deficient Encapsulation
paho.mqtt.java-1.0.0,org.eclipse.paho.mqtt.ui.core.model,PublishMessage,Broken Hierarchy
paho.mqtt.java-1.0.0,org.eclipse.paho.mqtt.ui.core.model,SSLOptions,Unutilized Abstraction
paho.mqtt.java-1.0.0,org.eclipse.paho.mqtt.ui.core.model,SSLOptions,Deficient Encapsulation
paho.mqtt.java-1.0.0,org.eclipse.paho.mqtt.ui.core.model,SSLOptions,Broken Hierarchy
paho.mqtt.java-1.0.0,org.eclipse.paho.mqtt.ui.core.model,ServerURI,Unutilized Abstraction
paho.mqtt.java-1.0.0,org.eclipse.paho.mqtt.ui.core.model,ServerURI,Broken Hierarchy
paho.mqtt.java-1.0.0,org.eclipse.paho.mqtt.ui.core.model,Topic,Unutilized Abstraction
paho.mqtt.java-1.0.0,org.eclipse.paho.mqtt.ui.core.model,Topic,Deficient Encapsulation
paho.mqtt.java-1.0.0,org.eclipse.paho.mqtt.ui.core.model,Topic,Broken Hierarchy
paho.mqtt.java-1.0.0,org.eclipse.paho.mqtt.ui.nls,Messages,Deficient Encapsulation
paho.mqtt.java-1.0.0,org.eclipse.paho.mqtt.ui.support.fieldassist,ControlDecorationSupport,Deficient Encapsulation
paho.mqtt.java-1.0.0,org.eclipse.paho.mqtt.ui.support.fieldassist,TargetDecoration,Deficient Encapsulation
paho.mqtt.java-1.0.0,org.eclipse.paho.mqtt.ui.support.provider,PropertyCellLabelProvider,Unutilized Abstraction
paho.mqtt.java-1.0.0,org.eclipse.paho.mqtt.ui.support.table,TableViewerColumnBuilder,Unutilized Abstraction
paho.mqtt.java-1.0.0,org.eclipse.paho.mqtt.ui.support.tree,TreeViewerColumnBuilder,Unutilized Abstraction
paho.mqtt.java-1.0.0,org.eclipse.paho.mqtt.ui.views,ConnectionEditorPart,Deficient Encapsulation
paho.mqtt.java-1.0.0,org.eclipse.paho.mqtt.ui.views,ConnectionEditorPart,Cyclic-Dependent Modularization
paho.mqtt.java-1.0.0,org.eclipse.paho.mqtt.ui.views,HistoryTab,Unutilized Abstraction
paho.mqtt.java-1.0.0,org.eclipse.paho.mqtt.ui.views,IViewUpdater,Unutilized Abstraction
paho.mqtt.java-1.0.0,org.eclipse.paho.mqtt.ui.views,LastMessageTab,Unutilized Abstraction
paho.mqtt.java-1.0.0,org.eclipse.paho.mqtt.ui.views,MQTTTab,Unutilized Abstraction
paho.mqtt.java-1.0.0,org.eclipse.paho.mqtt.ui.views,MQTTTab,Insufficient Modularization
paho.mqtt.java-1.0.0,org.eclipse.paho.mqtt.ui.views,MessageViewerDialog,Unutilized Abstraction
paho.mqtt.java-1.0.0,org.eclipse.paho.mqtt.ui.views,NavigationView,Deficient Encapsulation
paho.mqtt.java-1.0.0,org.eclipse.paho.mqtt.ui.views,NavTreeEditor,Unutilized Abstraction
paho.mqtt.java-1.0.0,org.eclipse.paho.mqtt.ui.views,TreeTextCellEditor,Unutilized Abstraction
paho.mqtt.java-1.0.0,org.eclipse.paho.mqtt.ui.views,OptionsTab,Unutilized Abstraction
paho.mqtt.java-1.0.0,org.eclipse.paho.mqtt.ui.views,OptionsTab,Insufficient Modularization
paho.mqtt.java-1.0.0,org.eclipse.paho.mqtt.ui.views,ViewUpdater,Unutilized Abstraction
paho.mqtt.java-1.0.0,org.eclipse.paho.mqtt.ui.views.editor,ServerUriCellEditor,Unutilized Abstraction
paho.mqtt.java-1.0.0,org.eclipse.paho.mqtt.ui.views.editor,TopicQosCellEditor,Unutilized Abstraction
paho.mqtt.java-1.0.0,org.eclipse.paho.mqtt.ui.views.editor,TopicStringCellEditor,Unutilized Abstraction
paho.mqtt.java-1.0.0,org.eclipse.paho.mqtt.ui.views.provider,NavTreeContentProvider,Unutilized Abstraction
paho.mqtt.java-1.0.0,org.eclipse.paho.mqtt.ui.views.provider,NavTreeLabelProvider,Unutilized Abstraction
