Project Name,Package Name,Type Name,NOF,NOPF,NOM,NOPM,LOC,WMC,NC,DIT,LCOM,FANIN,FANOUT
paho.mqtt.java-1.2.1,org.eclipse.paho.client.mqttv3.internal.logBuilder,LogMessageExtractor,5,0,6,5,116,20,0,0,0.0,1,1
paho.mqtt.java-1.2.1,org.eclipse.paho.client.mqttv3.test,BasicSSLTest,9,0,7,7,337,27,0,0,0.0,0,7
paho.mqtt.java-1.2.1,org.eclipse.paho.client.mqttv3.test,BasicTest,11,0,15,15,406,31,0,0,0.13333333333333333,0,11
paho.mqtt.java-1.2.1,org.eclipse.paho.client.mqttv3.test,MessageListener,1,0,5,5,44,7,0,0,0.6,0,2
paho.mqtt.java-1.2.1,org.eclipse.paho.client.mqttv3.test,Bug443142Test,4,0,6,6,58,7,0,0,0.6666666666666666,1,7
paho.mqtt.java-1.2.1,org.eclipse.paho.client.mqttv3.test,MyMqttCallback,1,0,4,4,16,4,0,0,0.75,0,2
paho.mqtt.java-1.2.1,org.eclipse.paho.client.mqttv3.test,Issue370Test,0,0,1,1,9,1,0,0,-1.0,0,1
paho.mqtt.java-1.2.1,org.eclipse.paho.client.mqttv3.test,LiveTakeOverTest,12,1,8,4,202,16,0,0,0.0,0,9
paho.mqtt.java-1.2.1,org.eclipse.paho.client.mqttv3.test,FirstClient,4,1,5,1,92,9,0,0,0.0,0,6
paho.mqtt.java-1.2.1,org.eclipse.paho.client.mqttv3.test,ModelTestCase,22,14,29,27,533,81,0,0,0.06896551724137931,0,9
paho.mqtt.java-1.2.1,org.eclipse.paho.client.mqttv3.test,MqttConnectOptionsTest,0,0,2,2,18,2,0,0,-1.0,0,1
paho.mqtt.java-1.2.1,org.eclipse.paho.client.mqttv3.test,MqttDataTypesTest,0,0,12,11,82,14,0,0,-1.0,1,2
paho.mqtt.java-1.2.1,org.eclipse.paho.client.mqttv3.test,MqttTopicTest,3,0,10,10,65,13,0,0,0.0,0,3
paho.mqtt.java-1.2.1,org.eclipse.paho.client.mqttv3.test,NetworkModuleServiceTest,0,0,8,8,70,8,0,0,-1.0,0,3
paho.mqtt.java-1.2.1,org.eclipse.paho.client.mqttv3.test,PerSubscriptionMessageHandlerTest,7,0,9,9,196,13,0,0,0.0,0,9
paho.mqtt.java-1.2.1,org.eclipse.paho.client.mqttv3.test,listener,1,0,3,3,30,6,0,0,0.0,2,1
paho.mqtt.java-1.2.1,org.eclipse.paho.client.mqttv3.test,SSLSessionResumptionTest,6,0,5,3,104,8,0,0,0.0,1,6
paho.mqtt.java-1.2.1,org.eclipse.paho.client.mqttv3.test,SendReceiveAsyncCallbackTest,17,0,18,14,257,32,0,0,0.0,0,8
paho.mqtt.java-1.2.1,org.eclipse.paho.client.mqttv3.test,onDisconnect,1,0,3,2,22,4,0,0,0.0,0,2
paho.mqtt.java-1.2.1,org.eclipse.paho.client.mqttv3.test,listener,1,0,3,3,34,7,0,0,0.0,0,1
paho.mqtt.java-1.2.1,org.eclipse.paho.client.mqttv3.test,onPublish,2,0,3,2,46,5,0,0,0.0,0,3
paho.mqtt.java-1.2.1,org.eclipse.paho.client.mqttv3.test,onSubscribe,1,0,3,2,28,4,0,0,0.0,0,2
paho.mqtt.java-1.2.1,org.eclipse.paho.client.mqttv3.test,onConnect,1,0,3,2,30,4,0,0,0.6666666666666666,0,2
paho.mqtt.java-1.2.1,org.eclipse.paho.client.mqttv3.test,SendReceiveAsyncTest,6,0,11,11,598,40,0,0,0.0,0,11
paho.mqtt.java-1.2.1,org.eclipse.paho.client.mqttv3.test,SendReceiveTest,6,0,8,8,402,32,0,0,0.0,0,8
paho.mqtt.java-1.2.1,org.eclipse.paho.client.mqttv3.test,TLSHostnameVerificationTest,7,0,5,5,108,5,0,0,0.0,0,5
paho.mqtt.java-1.2.1,org.eclipse.paho.client.mqttv3.test,WebSocketTest,11,0,11,11,251,22,0,0,0.18181818181818182,0,9
paho.mqtt.java-1.2.1,org.eclipse.paho.client.mqttv3.test,MessageListener,1,0,5,5,44,7,0,0,0.6,0,2
paho.mqtt.java-1.2.1,org.eclipse.paho.client.mqttv3.test.automaticReconnect,AutomaticReconnectTest,7,0,5,5,130,10,0,0,0.0,0,7
paho.mqtt.java-1.2.1,org.eclipse.paho.client.mqttv3.test.automaticReconnect,OfflineBufferingTest,8,0,8,8,331,19,0,0,0.0,0,15
paho.mqtt.java-1.2.1,org.eclipse.paho.client.mqttv3.test.client,MqttAsyncClientPaho,0,0,5,5,38,5,0,0,-1.0,0,1
paho.mqtt.java-1.2.1,org.eclipse.paho.client.mqttv3.test.client,MqttClientFactoryPaho,0,0,8,8,60,8,0,0,-1.0,9,1
paho.mqtt.java-1.2.1,org.eclipse.paho.client.mqttv3.test.client,MqttClientPaho,0,0,5,5,38,5,0,0,-1.0,0,1
paho.mqtt.java-1.2.1,org.eclipse.paho.client.mqttv3.test.connectionLoss,ConnectionLossTest,11,0,19,19,350,52,0,0,0.10526315789473684,0,10
paho.mqtt.java-1.2.1,org.eclipse.paho.client.mqttv3.test.logging,ConsoleHandler,0,0,3,3,24,3,0,0,-1.0,0,0
paho.mqtt.java-1.2.1,org.eclipse.paho.client.mqttv3.test.logging,DetailFormatter,3,0,10,10,137,16,1,0,0.0,0,2
paho.mqtt.java-1.2.1,org.eclipse.paho.client.mqttv3.test.logging,HumanFormatter,0,0,3,3,35,5,0,1,-1.0,0,0
paho.mqtt.java-1.2.1,org.eclipse.paho.client.mqttv3.test.logging,LoggerDumper,2,0,4,2,89,13,0,0,0.0,1,2
paho.mqtt.java-1.2.1,org.eclipse.paho.client.mqttv3.test.logging,LoggerNode,3,0,5,5,41,5,0,0,0.0,2,1
paho.mqtt.java-1.2.1,org.eclipse.paho.client.mqttv3.test.logging,LoggingUtilities,1,1,4,4,64,5,0,0,0.75,18,2
paho.mqtt.java-1.2.1,org.eclipse.paho.client.mqttv3.test.logging,ObjectFormatter,4,0,19,17,225,36,0,0,0.3684210526315789,3,2
paho.mqtt.java-1.2.1,org.eclipse.paho.client.mqttv3.test.logging,TraceFormatter,3,0,5,4,92,10,0,0,0.4,0,2
paho.mqtt.java-1.2.1,org.eclipse.paho.client.mqttv3.test.properties,TestProperties,14,8,18,16,298,38,0,0,0.0,16,2
paho.mqtt.java-1.2.1,org.eclipse.paho.client.mqttv3.test.utilities,ConnectionManipulationProxyServer,14,0,10,9,188,24,0,0,0.0,3,0
paho.mqtt.java-1.2.1,org.eclipse.paho.client.mqttv3.test.utilities,MqttV3Receiver,10,2,16,15,322,41,0,0,0.1875,6,7
paho.mqtt.java-1.2.1,org.eclipse.paho.client.mqttv3.test.utilities,ReceivedMessage,2,2,1,0,15,1,0,0,0.0,2,1
paho.mqtt.java-1.2.1,org.eclipse.paho.client.mqttv3.test.utilities,StringUtilities,3,1,11,11,181,24,0,0,0.7272727272727273,5,1
paho.mqtt.java-1.2.1,org.eclipse.paho.client.mqttv3.test.utilities,TestMemoryPersistence,1,0,8,8,31,9,0,0,0.25,1,1
paho.mqtt.java-1.2.1,org.eclipse.paho.client.mqttv3.test.utilities,Utility,3,0,5,5,69,12,0,0,1.0,23,3
paho.mqtt.java-1.2.1,org.eclipse.paho.client.mqttv3.internal,ClientComms,36,2,57,44,660,111,0,0,0.03508771929824561,13,31
paho.mqtt.java-1.2.1,org.eclipse.paho.client.mqttv3.internal,ConnectBG,4,0,3,1,52,6,0,0,0.6666666666666666,1,7
paho.mqtt.java-1.2.1,org.eclipse.paho.client.mqttv3.internal,DisconnectBG,4,0,3,1,41,6,0,0,0.0,1,2
paho.mqtt.java-1.2.1,org.eclipse.paho.client.mqttv3.internal,ReconnectDisconnectedBufferCallback,1,0,2,1,20,4,0,1,0.0,0,3
paho.mqtt.java-1.2.1,org.eclipse.paho.client.mqttv3.internal,ClientState,36,0,48,15,989,152,0,0,0.0,6,20
paho.mqtt.java-1.2.1,org.eclipse.paho.client.mqttv3.internal,CommsCallback,19,0,24,19,363,63,0,0,0.0,2,14
paho.mqtt.java-1.2.1,org.eclipse.paho.client.mqttv3.internal,CommsReceiver,12,0,6,6,176,19,0,0,0.0,1,9
paho.mqtt.java-1.2.1,org.eclipse.paho.client.mqttv3.internal,CommsSender,12,0,6,5,167,20,0,0,0.0,1,9
paho.mqtt.java-1.2.1,org.eclipse.paho.client.mqttv3.internal,CommsTokenStore,5,0,15,11,162,24,0,0,0.13333333333333333,4,7
paho.mqtt.java-1.2.1,org.eclipse.paho.client.mqttv3.internal,ConnectActionListener,10,0,5,5,134,16,0,0,0.0,1,9
paho.mqtt.java-1.2.1,org.eclipse.paho.client.mqttv3.internal,DestinationProvider,0,0,1,1,6,1,0,0,-1.0,0,0
paho.mqtt.java-1.2.1,org.eclipse.paho.client.mqttv3.internal,DisconnectedMessageBuffer,7,0,8,8,95,12,0,0,0.0,1,8
paho.mqtt.java-1.2.1,org.eclipse.paho.client.mqttv3.internal,ExceptionHelper,0,0,4,3,34,6,0,0,-1.0,14,1
paho.mqtt.java-1.2.1,org.eclipse.paho.client.mqttv3.internal,FileLock,3,0,2,2,62,7,0,0,0.0,1,1
paho.mqtt.java-1.2.1,org.eclipse.paho.client.mqttv3.internal,IDisconnectedBufferCallback,0,0,1,1,3,1,1,0,-1.0,1,1
paho.mqtt.java-1.2.1,org.eclipse.paho.client.mqttv3.internal,MessageCatalog,1,0,2,1,28,5,1,0,0.0,2,2
paho.mqtt.java-1.2.1,org.eclipse.paho.client.mqttv3.internal,MqttPersistentData,7,0,8,8,52,9,0,0,0.0,0,0
paho.mqtt.java-1.2.1,org.eclipse.paho.client.mqttv3.internal,NetworkModule,0,0,5,5,33,5,1,0,-1.0,4,0
paho.mqtt.java-1.2.1,org.eclipse.paho.client.mqttv3.internal,NetworkModuleService,6,0,5,3,98,12,0,0,0.4,4,4
paho.mqtt.java-1.2.1,org.eclipse.paho.client.mqttv3.internal,ResourceBundleCatalog,1,0,2,1,14,2,0,1,0.0,0,0
paho.mqtt.java-1.2.1,org.eclipse.paho.client.mqttv3.internal,SSLNetworkModule,8,0,10,10,101,18,0,2,0.0,1,2
paho.mqtt.java-1.2.1,org.eclipse.paho.client.mqttv3.internal,SSLNetworkModuleFactory,0,0,3,3,46,11,0,0,-1.0,0,5
paho.mqtt.java-1.2.1,org.eclipse.paho.client.mqttv3.internal,TCPNetworkModule,7,0,7,7,69,8,1,1,0.0,1,3
paho.mqtt.java-1.2.1,org.eclipse.paho.client.mqttv3.internal,TCPNetworkModuleFactory,0,0,3,3,32,8,0,0,-1.0,0,4
paho.mqtt.java-1.2.1,org.eclipse.paho.client.mqttv3.internal,Token,17,0,37,29,274,56,0,0,0.05405405405405406,1,8
paho.mqtt.java-1.2.1,org.eclipse.paho.client.mqttv3,BufferedMessage,2,0,3,3,17,3,0,0,0.0,4,2
paho.mqtt.java-1.2.1,org.eclipse.paho.client.mqttv3,DisconnectedBufferOptions,8,4,9,9,48,10,0,0,0.5555555555555556,3,0
paho.mqtt.java-1.2.1,org.eclipse.paho.client.mqttv3,IMqttActionListener,0,0,2,2,16,2,1,0,-1.0,14,1
paho.mqtt.java-1.2.1,org.eclipse.paho.client.mqttv3,IMqttAsyncClient,0,0,37,37,327,37,1,0,-1.0,8,6
paho.mqtt.java-1.2.1,org.eclipse.paho.client.mqttv3,IMqttClient,0,0,38,38,288,38,1,0,-1.0,10,4
paho.mqtt.java-1.2.1,org.eclipse.paho.client.mqttv3,IMqttDeliveryToken,0,0,1,1,11,1,1,1,-1.0,23,0
paho.mqtt.java-1.2.1,org.eclipse.paho.client.mqttv3,IMqttMessageListener,0,0,1,1,12,1,0,0,-1.0,6,1
paho.mqtt.java-1.2.1,org.eclipse.paho.client.mqttv3,IMqttToken,0,0,14,14,74,14,2,0,-1.0,21,1
paho.mqtt.java-1.2.1,org.eclipse.paho.client.mqttv3,MqttAsyncClient,23,0,71,59,603,112,0,1,0.16901408450704225,9,26
paho.mqtt.java-1.2.1,org.eclipse.paho.client.mqttv3,ReconnectTask,1,0,1,1,7,1,0,0,0.0,0,0
paho.mqtt.java-1.2.1,org.eclipse.paho.client.mqttv3,MqttReconnectCallback,1,0,5,4,19,6,0,2,0.8,0,2
paho.mqtt.java-1.2.1,org.eclipse.paho.client.mqttv3,MqttReconnectActionListener,1,0,4,2,33,7,0,1,0.0,0,1
paho.mqtt.java-1.2.1,org.eclipse.paho.client.mqttv3,MqttCallback,0,0,3,3,22,3,1,0,-1.0,6,2
paho.mqtt.java-1.2.1,org.eclipse.paho.client.mqttv3,MqttCallbackExtended,0,0,1,1,11,1,1,1,-1.0,3,0
paho.mqtt.java-1.2.1,org.eclipse.paho.client.mqttv3,MqttClient,2,0,48,48,247,55,0,1,0.375,6,8
paho.mqtt.java-1.2.1,org.eclipse.paho.client.mqttv3,MqttClientPersistence,0,0,8,8,55,8,0,0,-1.0,8,1
paho.mqtt.java-1.2.1,org.eclipse.paho.client.mqttv3,MqttConnectOptions,25,7,41,39,375,49,0,0,0.2926829268292683,30,4
paho.mqtt.java-1.2.1,org.eclipse.paho.client.mqttv3,MqttDeliveryToken,0,0,4,3,23,4,0,2,-1.0,7,1
paho.mqtt.java-1.2.1,org.eclipse.paho.client.mqttv3,MqttException,29,26,7,7,172,8,2,0,0.0,23,1
paho.mqtt.java-1.2.1,org.eclipse.paho.client.mqttv3,MqttMessage,6,0,17,14,141,20,0,0,0.17647058823529413,38,1
paho.mqtt.java-1.2.1,org.eclipse.paho.client.mqttv3,MqttPersistable,0,0,6,6,41,6,0,0,-1.0,6,0
paho.mqtt.java-1.2.1,org.eclipse.paho.client.mqttv3,MqttPersistenceException,2,1,4,4,38,4,0,1,1.0,0,0
paho.mqtt.java-1.2.1,org.eclipse.paho.client.mqttv3,MqttPingSender,0,0,4,4,23,4,2,0,-1.0,3,1
paho.mqtt.java-1.2.1,org.eclipse.paho.client.mqttv3,MqttSecurityException,1,0,3,3,28,3,0,1,1.0,0,0
paho.mqtt.java-1.2.1,org.eclipse.paho.client.mqttv3,MqttToken,1,1,16,16,57,16,1,1,0.125,13,2
paho.mqtt.java-1.2.1,org.eclipse.paho.client.mqttv3,MqttTopic,10,5,9,7,180,27,0,0,0.2222222222222222,11,5
paho.mqtt.java-1.2.1,org.eclipse.paho.client.mqttv3,ScheduledExecutorPingSender,7,0,6,6,50,9,0,1,0.0,0,3
paho.mqtt.java-1.2.1,org.eclipse.paho.client.mqttv3,PingRunnable,1,0,1,1,10,1,0,0,0.0,0,0
paho.mqtt.java-1.2.1,org.eclipse.paho.client.mqttv3,TimerPingSender,6,0,5,5,42,7,0,1,0.0,0,3
paho.mqtt.java-1.2.1,org.eclipse.paho.client.mqttv3,PingTask,1,0,1,1,7,1,0,0,0.0,0,0
paho.mqtt.java-1.2.1,org.eclipse.paho.client.mqttv3.internal.security,SSLSocketFactoryFactory,30,23,34,28,653,96,0,0,0.08823529411764706,3,3
paho.mqtt.java-1.2.1,org.eclipse.paho.client.mqttv3.internal.security,SimpleBase64Encoder,2,0,4,2,90,18,0,0,0.5,2,1
paho.mqtt.java-1.2.1,org.eclipse.paho.client.mqttv3.internal.websocket,Base64,3,0,13,4,46,13,0,0,0.8461538461538461,2,2
paho.mqtt.java-1.2.1,org.eclipse.paho.client.mqttv3.internal.websocket,Base64Encoder,1,0,11,2,32,11,0,0,0.9090909090909091,1,0
paho.mqtt.java-1.2.1,org.eclipse.paho.client.mqttv3.internal.websocket,ExtendedByteArrayOutputStream,2,0,4,1,32,6,0,0,0.0,0,3
paho.mqtt.java-1.2.1,org.eclipse.paho.client.mqttv3.internal.websocket,HandshakeFailedException,1,0,0,0,3,0,0,0,-1.0,0,0
paho.mqtt.java-1.2.1,org.eclipse.paho.client.mqttv3.internal.websocket,WebSocketFrame,5,1,13,11,224,38,0,0,0.15384615384615385,5,1
paho.mqtt.java-1.2.1,org.eclipse.paho.client.mqttv3.internal.websocket,WebSocketHandshake,16,0,7,2,169,21,0,0,0.0,2,1
paho.mqtt.java-1.2.1,org.eclipse.paho.client.mqttv3.internal.websocket,WebSocketNetworkModule,10,0,8,6,59,9,0,0,0.25,2,5
paho.mqtt.java-1.2.1,org.eclipse.paho.client.mqttv3.internal.websocket,WebSocketNetworkModuleFactory,0,0,3,3,24,6,0,0,-1.0,0,4
paho.mqtt.java-1.2.1,org.eclipse.paho.client.mqttv3.internal.websocket,WebSocketReceiver,9,0,7,6,99,14,0,0,0.0,2,3
paho.mqtt.java-1.2.1,org.eclipse.paho.client.mqttv3.internal.websocket,WebSocketSecureNetworkModule,10,0,8,6,56,9,0,0,0.25,2,5
paho.mqtt.java-1.2.1,org.eclipse.paho.client.mqttv3.internal.websocket,WebSocketSecureNetworkModuleFactory,0,0,3,3,38,9,0,0,-1.0,0,5
paho.mqtt.java-1.2.1,org.eclipse.paho.client.mqttv3.internal.wire,CountingInputStream,2,0,4,4,34,5,0,0,0.0,2,0
paho.mqtt.java-1.2.1,org.eclipse.paho.client.mqttv3.internal.wire,MqttAck,0,0,3,2,17,3,7,1,-1.0,1,0
paho.mqtt.java-1.2.1,org.eclipse.paho.client.mqttv3.internal.wire,MqttConnack,3,1,7,6,37,7,0,2,0.5714285714285714,1,1
paho.mqtt.java-1.2.1,org.eclipse.paho.client.mqttv3.internal.wire,MqttConnect,9,1,9,7,125,20,0,1,0.4444444444444444,2,2
paho.mqtt.java-1.2.1,org.eclipse.paho.client.mqttv3.internal.wire,MqttDisconnect,1,1,6,4,27,6,0,1,1.0,3,1
paho.mqtt.java-1.2.1,org.eclipse.paho.client.mqttv3.internal.wire,MqttInputStream,8,0,6,5,86,12,0,0,0.0,1,6
paho.mqtt.java-1.2.1,org.eclipse.paho.client.mqttv3.internal.wire,MqttOutputStream,4,0,7,7,52,8,0,0,0.0,1,4
paho.mqtt.java-1.2.1,org.eclipse.paho.client.mqttv3.internal.wire,MqttPersistableWireMessage,0,0,7,7,33,7,2,1,-1.0,0,0
paho.mqtt.java-1.2.1,org.eclipse.paho.client.mqttv3.internal.wire,MqttPingReq,1,1,6,4,27,6,0,1,1.0,0,1
paho.mqtt.java-1.2.1,org.eclipse.paho.client.mqttv3.internal.wire,MqttPingResp,1,1,4,3,21,4,0,2,1.0,0,1
paho.mqtt.java-1.2.1,org.eclipse.paho.client.mqttv3.internal.wire,MqttPubAck,0,0,4,3,23,4,0,2,-1.0,0,2
paho.mqtt.java-1.2.1,org.eclipse.paho.client.mqttv3.internal.wire,MqttPubComp,0,0,4,3,23,4,0,2,-1.0,2,2
paho.mqtt.java-1.2.1,org.eclipse.paho.client.mqttv3.internal.wire,MqttPubRec,0,0,3,2,19,3,0,2,-1.0,1,2
paho.mqtt.java-1.2.1,org.eclipse.paho.client.mqttv3.internal.wire,MqttPubRel,0,0,5,3,35,5,0,2,-1.0,1,2
paho.mqtt.java-1.2.1,org.eclipse.paho.client.mqttv3.internal.wire,MqttPublish,3,0,12,9,133,23,0,2,0.16666666666666666,10,4
paho.mqtt.java-1.2.1,org.eclipse.paho.client.mqttv3.internal.wire,MqttReceivedMessage,0,0,3,3,11,3,0,0,-1.0,0,0
paho.mqtt.java-1.2.1,org.eclipse.paho.client.mqttv3.internal.wire,MqttSuback,1,0,4,3,35,6,0,2,0.5,0,1
paho.mqtt.java-1.2.1,org.eclipse.paho.client.mqttv3.internal.wire,MqttSubscribe,3,0,7,5,110,16,0,1,0.5714285714285714,1,2
paho.mqtt.java-1.2.1,org.eclipse.paho.client.mqttv3.internal.wire,MqttUnsubAck,0,0,2,1,15,2,0,2,-1.0,0,1
paho.mqtt.java-1.2.1,org.eclipse.paho.client.mqttv3.internal.wire,MqttUnsubscribe,2,0,7,5,89,12,0,1,0.5714285714285714,1,1
paho.mqtt.java-1.2.1,org.eclipse.paho.client.mqttv3.internal.wire,MqttWireMessage,22,14,25,20,341,54,7,0,0.32,26,7
paho.mqtt.java-1.2.1,org.eclipse.paho.client.mqttv3.internal.wire,MultiByteArrayInputStream,7,0,2,2,34,5,0,0,0.0,1,0
paho.mqtt.java-1.2.1,org.eclipse.paho.client.mqttv3.internal.wire,MultiByteInteger,2,0,4,4,26,4,0,0,0.0,0,0
paho.mqtt.java-1.2.1,org.eclipse.paho.client.mqttv3.logging,JSR47Logger,6,0,32,28,188,46,0,1,0.0625,0,0
paho.mqtt.java-1.2.1,org.eclipse.paho.client.mqttv3.logging,Logger,7,7,28,28,217,28,1,0,-1.0,22,0
paho.mqtt.java-1.2.1,org.eclipse.paho.client.mqttv3.logging,LoggerFactory,4,1,4,3,99,7,0,0,0.5,21,2
paho.mqtt.java-1.2.1,org.eclipse.paho.client.mqttv3.logging,SimpleLogFormatter,1,0,3,3,76,9,0,0,0.6666666666666666,1,1
paho.mqtt.java-1.2.1,org.eclipse.paho.client.mqttv3.persist,MemoryPersistence,1,0,9,8,47,11,0,0,0.0,2,1
paho.mqtt.java-1.2.1,org.eclipse.paho.client.mqttv3.persist,MqttDefaultFilePersistence,7,0,15,10,222,44,0,0,0.13333333333333333,5,3
paho.mqtt.java-1.2.1,org.eclipse.paho.client.mqttv3.persist,PersistanceFileFilter,1,0,2,2,9,2,0,0,0.0,0,0
paho.mqtt.java-1.2.1,org.eclipse.paho.client.mqttv3.persist,PersistanceFileNameFilter,1,0,2,2,9,2,0,0,0.0,0,0
paho.mqtt.java-1.2.1,org.eclipse.paho.client.mqttv3.spi,NetworkModuleFactory,0,0,3,0,27,3,0,0,-1.0,0,1
paho.mqtt.java-1.2.1,org.eclipse.paho.client.mqttv3.util,Debug,6,0,11,9,127,17,0,0,0.0,3,4
paho.mqtt.java-1.2.1,org.eclipse.paho.client.mqttv3.util,Strings,1,0,9,5,132,24,0,0,0.5555555555555556,2,1
paho.mqtt.java-1.2.1,org.org.eclipse.paho.mqttv5.client.test,App,0,0,1,1,8,1,0,0,-1.0,0,0
paho.mqtt.java-1.2.1,org.org.eclipse.paho.mqttv5.client.test,AppTest,0,0,3,3,24,3,0,0,-1.0,0,0
paho.mqtt.java-1.2.1,org.eclipse.paho.mqttv5.client,BufferedMessage,2,0,3,3,17,3,0,0,0.0,4,2
paho.mqtt.java-1.2.1,org.eclipse.paho.mqttv5.client,ConnectCallback,0,0,0,0,2,0,0,0,-1.0,0,0
paho.mqtt.java-1.2.1,org.eclipse.paho.mqttv5.client,ConnectionLostCallback,0,0,0,0,2,0,0,0,-1.0,0,0
paho.mqtt.java-1.2.1,org.eclipse.paho.mqttv5.client,ConnectionRecoveredCallback,0,0,0,0,2,0,0,0,-1.0,0,0
paho.mqtt.java-1.2.1,org.eclipse.paho.mqttv5.client,DisconnectedBufferOptions,8,4,9,9,48,10,0,0,0.5555555555555556,4,0
paho.mqtt.java-1.2.1,org.eclipse.paho.mqttv5.client,FunctionalMqttClient,0,0,1,0,3,1,0,0,-1.0,0,0
paho.mqtt.java-1.2.1,org.eclipse.paho.mqttv5.client,IMqttAsyncClient,0,0,52,0,395,52,1,0,-1.0,1,8
paho.mqtt.java-1.2.1,org.eclipse.paho.mqttv5.client,IMqttClient,0,0,26,26,188,26,1,0,-1.0,2,4
paho.mqtt.java-1.2.1,org.eclipse.paho.mqttv5.client,IMqttDeliveryToken,0,0,1,1,11,1,1,1,-1.0,13,0
paho.mqtt.java-1.2.1,org.eclipse.paho.mqttv5.client,IMqttMessageListener,0,0,1,1,12,1,0,0,-1.0,6,1
paho.mqtt.java-1.2.1,org.eclipse.paho.mqttv5.client,IMqttToken,0,0,15,15,79,15,2,0,-1.0,18,1
paho.mqtt.java-1.2.1,org.eclipse.paho.mqttv5.client,MqttActionListener,0,0,2,2,16,2,1,0,-1.0,10,1
paho.mqtt.java-1.2.1,org.eclipse.paho.mqttv5.client,MqttAsyncClient,24,0,76,64,614,122,0,1,0.15789473684210525,14,35
paho.mqtt.java-1.2.1,org.eclipse.paho.mqttv5.client,ReconnectTask,1,0,1,1,7,1,0,0,0.0,0,0
paho.mqtt.java-1.2.1,org.eclipse.paho.mqttv5.client,MqttReconnectCallback,1,0,7,6,23,8,0,1,0.8571428571428571,0,5
paho.mqtt.java-1.2.1,org.eclipse.paho.mqttv5.client,MqttReconnectActionListener,1,0,4,2,33,7,0,1,0.0,0,1
paho.mqtt.java-1.2.1,org.eclipse.paho.mqttv5.client,MqttCallback,0,0,6,6,39,6,1,0,-1.0,8,5
paho.mqtt.java-1.2.1,org.eclipse.paho.mqttv5.client,MqttClient,2,0,37,37,192,40,0,1,0.1891891891891892,2,10
paho.mqtt.java-1.2.1,org.eclipse.paho.mqttv5.client,MqttClientException,30,30,0,0,117,0,0,0,-1.0,18,0
paho.mqtt.java-1.2.1,org.eclipse.paho.mqttv5.client,MqttClientInterface,0,0,2,2,4,2,1,0,-1.0,2,0
paho.mqtt.java-1.2.1,org.eclipse.paho.mqttv5.client,MqttClientPersistence,0,0,8,8,54,8,0,0,-1.0,8,1
paho.mqtt.java-1.2.1,org.eclipse.paho.mqttv5.client,MqttConnectionOptions,32,0,62,62,488,70,0,0,0.22580645161290322,26,5
paho.mqtt.java-1.2.1,org.eclipse.paho.mqttv5.client,MqttConnectionOptionsBuilder,1,0,20,20,81,20,0,0,0.0,0,2
paho.mqtt.java-1.2.1,org.eclipse.paho.mqttv5.client,MqttDeliveryToken,0,0,4,3,23,4,0,2,-1.0,7,1
paho.mqtt.java-1.2.1,org.eclipse.paho.mqttv5.client,MqttDisconnectResponse,5,0,8,8,63,8,0,0,0.0,7,1
paho.mqtt.java-1.2.1,org.eclipse.paho.mqttv5.client,MqttPingSender,0,0,4,4,23,4,1,0,-1.0,3,1
paho.mqtt.java-1.2.1,org.eclipse.paho.mqttv5.client,MqttToken,1,1,18,18,63,18,1,1,0.1111111111111111,14,2
paho.mqtt.java-1.2.1,org.eclipse.paho.mqttv5.client,MqttTopic,2,0,6,5,68,6,0,0,0.0,2,4
paho.mqtt.java-1.2.1,org.eclipse.paho.mqttv5.client,TimerPingSender,9,0,7,7,75,13,0,1,0.0,0,3
paho.mqtt.java-1.2.1,org.eclipse.paho.mqttv5.client,PingTask,1,0,1,1,8,1,0,0,0.0,0,0
paho.mqtt.java-1.2.1,org.eclipse.paho.mqttv5.client,PingRunnable,1,0,1,1,10,1,0,0,0.0,0,0
paho.mqtt.java-1.2.1,org.eclipse.paho.mqttv5.client.alpha,IMqttAsyncClient,0,0,21,21,210,21,1,1,-1.0,0,4
paho.mqtt.java-1.2.1,org.eclipse.paho.mqttv5.client.alpha,IMqttClient,0,0,12,12,94,12,0,1,-1.0,0,1
paho.mqtt.java-1.2.1,org.eclipse.paho.mqttv5.client.alpha,IMqttCommonClient,0,0,10,10,57,10,2,0,-1.0,8,0
paho.mqtt.java-1.2.1,org.eclipse.paho.mqttv5.client.alpha,IMqttDeliveryToken,0,0,1,1,12,1,0,1,-1.0,0,0
paho.mqtt.java-1.2.1,org.eclipse.paho.mqttv5.client.alpha,IMqttMessage,0,0,3,3,17,3,1,0,-1.0,5,0
paho.mqtt.java-1.2.1,org.eclipse.paho.mqttv5.client.alpha,IMqttMessageBuilder,3,0,10,10,88,11,0,0,0.0,0,1
paho.mqtt.java-1.2.1,org.eclipse.paho.mqttv5.client.alpha,IMqttSubscriptionToken,0,0,3,2,18,3,0,1,-1.0,0,0
paho.mqtt.java-1.2.1,org.eclipse.paho.mqttv5.client.alpha,IMqttToken,0,0,4,4,23,4,2,0,-1.0,0,0
paho.mqtt.java-1.2.1,org.eclipse.paho.mqttv5.client.alpha,IReceivedMessage,0,0,3,1,9,3,0,1,-1.0,0,0
paho.mqtt.java-1.2.1,org.eclipse.paho.mqttv5.client.alpha,MqttAsyncClient,9,0,35,35,224,37,0,2,0.3142857142857143,0,10
paho.mqtt.java-1.2.1,org.eclipse.paho.mqttv5.client.alpha,Callback,2,0,3,3,15,3,0,0,0.0,0,1
paho.mqtt.java-1.2.1,org.eclipse.paho.mqttv5.client.alpha,MqttClientException,26,26,0,0,104,0,0,0,-1.0,0,0
paho.mqtt.java-1.2.1,org.eclipse.paho.mqttv5.client.alpha,MqttClientPersistence,0,0,8,8,54,8,0,0,-1.0,0,1
paho.mqtt.java-1.2.1,org.eclipse.paho.mqttv5.client.alpha.internal,MqttConnectionResultImpl,1,0,2,2,10,2,0,1,0.0,0,1
paho.mqtt.java-1.2.1,org.eclipse.paho.mqttv5.client.alpha.internal,MqttDeliveryResultImpl,1,0,2,2,10,2,0,1,0.0,0,2
paho.mqtt.java-1.2.1,org.eclipse.paho.mqttv5.client.alpha.internal,MqttDeliveryToken,1,0,2,2,10,2,0,1,0.0,0,2
paho.mqtt.java-1.2.1,org.eclipse.paho.mqttv5.client.alpha.internal,MqttMessageImpl,3,0,4,4,19,4,1,0,0.0,0,0
paho.mqtt.java-1.2.1,org.eclipse.paho.mqttv5.client.alpha.internal,MqttResultImpl,2,0,3,3,15,3,4,0,0.0,0,1
paho.mqtt.java-1.2.1,org.eclipse.paho.mqttv5.client.alpha.internal,MqttSubscriptionResultImpl,2,0,3,3,15,3,0,1,0.0,0,1
paho.mqtt.java-1.2.1,org.eclipse.paho.mqttv5.client.alpha.internal,MqttSubscriptionToken,3,0,5,5,22,5,0,1,0.4,1,1
paho.mqtt.java-1.2.1,org.eclipse.paho.mqttv5.client.alpha.internal,MqttToken,4,0,8,8,33,8,2,0,0.0,0,1
paho.mqtt.java-1.2.1,org.eclipse.paho.mqttv5.client.alpha.internal,MqttUnsubscriptionResultImpl,1,0,2,2,10,2,0,1,0.0,0,1
paho.mqtt.java-1.2.1,org.eclipse.paho.mqttv5.client.alpha.internal,ReceivedMessageImpl,3,0,4,4,20,4,0,1,0.0,0,0
paho.mqtt.java-1.2.1,org.eclipse.paho.mqttv5.client.alpha.result,IMqttConnectionResult,0,0,1,1,6,1,0,1,-1.0,0,0
paho.mqtt.java-1.2.1,org.eclipse.paho.mqttv5.client.alpha.result,IMqttDeliveryResult,0,0,1,1,8,1,0,1,-1.0,0,0
paho.mqtt.java-1.2.1,org.eclipse.paho.mqttv5.client.alpha.result,IMqttResult,0,0,2,2,12,2,4,0,-1.0,0,0
paho.mqtt.java-1.2.1,org.eclipse.paho.mqttv5.client.alpha.result,IMqttSubscriptionResult,0,0,2,2,4,2,0,1,-1.0,0,0
paho.mqtt.java-1.2.1,org.eclipse.paho.mqttv5.client.alpha.result,IMqttUnsubscriptionResult,0,0,1,1,3,1,0,1,-1.0,0,0
paho.mqtt.java-1.2.1,org.eclipse.paho.mqttv5.client.internal,ClientComms,37,2,56,44,668,114,0,0,0.03571428571428571,12,34
paho.mqtt.java-1.2.1,org.eclipse.paho.mqttv5.client.internal,ConnectBG,4,0,3,1,52,6,0,0,0.6666666666666666,1,7
paho.mqtt.java-1.2.1,org.eclipse.paho.mqttv5.client.internal,DisconnectBG,4,0,3,1,41,6,0,0,0.0,1,2
paho.mqtt.java-1.2.1,org.eclipse.paho.mqttv5.client.internal,ReconnectDisconnectedBufferCallback,1,0,2,1,17,3,0,1,0.0,0,3
paho.mqtt.java-1.2.1,org.eclipse.paho.mqttv5.client.internal,ClientState,37,0,47,15,997,157,0,1,0.0,4,24
paho.mqtt.java-1.2.1,org.eclipse.paho.mqttv5.client.internal,CommsCallback,22,0,29,23,462,76,0,0,0.0,2,17
paho.mqtt.java-1.2.1,org.eclipse.paho.mqttv5.client.internal,CommsReceiver,12,0,6,6,177,19,0,0,0.0,1,9
paho.mqtt.java-1.2.1,org.eclipse.paho.mqttv5.client.internal,CommsSender,12,0,6,5,164,19,0,0,0.0,1,10
paho.mqtt.java-1.2.1,org.eclipse.paho.mqttv5.client.internal,CommsTokenStore,5,0,15,11,162,24,0,0,0.13333333333333333,4,7
paho.mqtt.java-1.2.1,org.eclipse.paho.mqttv5.client.internal,ConnectActionListener,11,0,5,5,159,17,0,0,0.0,1,11
paho.mqtt.java-1.2.1,org.eclipse.paho.mqttv5.client.internal,DestinationProvider,0,0,1,1,6,1,0,0,-1.0,0,0
paho.mqtt.java-1.2.1,org.eclipse.paho.mqttv5.client.internal,DisconnectedMessageBuffer,6,0,8,8,94,12,0,0,0.0,1,8
paho.mqtt.java-1.2.1,org.eclipse.paho.mqttv5.client.internal,ExceptionHelper,0,0,4,3,34,6,0,0,-1.0,14,1
paho.mqtt.java-1.2.1,org.eclipse.paho.mqttv5.client.internal,FileLock,3,0,2,2,62,7,0,0,0.0,1,1
paho.mqtt.java-1.2.1,org.eclipse.paho.mqttv5.client.internal,IDisconnectedBufferCallback,0,0,1,1,3,1,1,0,-1.0,1,1
paho.mqtt.java-1.2.1,org.eclipse.paho.mqttv5.client.internal,MessageCatalog,1,0,2,1,28,5,1,0,0.0,1,2
paho.mqtt.java-1.2.1,org.eclipse.paho.mqttv5.client.internal,MqttConnectionState,13,0,26,26,102,27,0,0,0.5,4,0
paho.mqtt.java-1.2.1,org.eclipse.paho.mqttv5.client.internal,MqttPersistentData,7,0,8,8,52,9,0,0,0.0,0,0
paho.mqtt.java-1.2.1,org.eclipse.paho.mqttv5.client.internal,MqttSessionState,2,0,4,4,19,4,0,0,0.5,3,0
paho.mqtt.java-1.2.1,org.eclipse.paho.mqttv5.client.internal,MqttState,0,0,15,0,52,15,1,0,-1.0,2,4
paho.mqtt.java-1.2.1,org.eclipse.paho.mqttv5.client.internal,NetworkModule,0,0,5,5,7,5,1,0,-1.0,4,0
paho.mqtt.java-1.2.1,org.eclipse.paho.mqttv5.client.internal,NetworkModuleService,6,0,5,2,98,12,0,0,0.4,4,4
paho.mqtt.java-1.2.1,org.eclipse.paho.mqttv5.client.internal,ResourceBundleCatalog,1,0,2,1,14,2,0,1,0.0,0,0
paho.mqtt.java-1.2.1,org.eclipse.paho.mqttv5.client.internal,SSLNetworkModule,8,0,10,10,99,17,0,2,0.0,1,2
paho.mqtt.java-1.2.1,org.eclipse.paho.mqttv5.client.internal,SSLNetworkModuleFactory,0,0,3,3,46,11,0,0,-1.0,0,5
paho.mqtt.java-1.2.1,org.eclipse.paho.mqttv5.client.internal,TCPNetworkModule,7,0,7,7,70,8,1,1,0.0,1,3
paho.mqtt.java-1.2.1,org.eclipse.paho.mqttv5.client.internal,TCPNetworkModuleFactory,0,0,3,3,32,8,0,0,-1.0,0,4
paho.mqtt.java-1.2.1,org.eclipse.paho.mqttv5.client.internal,Token,18,0,40,30,326,65,0,0,0.05,1,9
paho.mqtt.java-1.2.1,org.eclipse.paho.mqttv5.client.internal,NetworkModuleServiceTest,0,0,8,8,70,8,0,0,-1.0,0,3
paho.mqtt.java-1.2.1,org.eclipse.paho.mqttv5.client.logging,JSR47Logger,6,0,32,28,188,46,0,1,0.0625,0,0
paho.mqtt.java-1.2.1,org.eclipse.paho.mqttv5.client.logging,Logger,7,7,28,28,217,28,1,0,-1.0,21,0
paho.mqtt.java-1.2.1,org.eclipse.paho.mqttv5.client.logging,LoggerFactory,4,1,4,3,99,7,0,0,0.5,20,2
paho.mqtt.java-1.2.1,org.eclipse.paho.mqttv5.client.logging,SimpleLogFormatter,1,0,3,3,76,9,0,0,0.6666666666666666,1,1
paho.mqtt.java-1.2.1,org.eclipse.paho.mqttv5.client.persist,MemoryPersistence,1,0,9,8,47,11,0,0,0.0,6,1
paho.mqtt.java-1.2.1,org.eclipse.paho.mqttv5.client.persist,MqttDefaultFilePersistence,7,0,15,10,215,42,0,0,0.13333333333333333,1,3
paho.mqtt.java-1.2.1,org.eclipse.paho.mqttv5.client.persist,PersistenceFileFilter,1,0,2,2,9,2,0,0,0.0,0,0
paho.mqtt.java-1.2.1,org.eclipse.paho.mqttv5.client.persist,PersistenceFileNameFilter,1,0,2,2,9,2,0,0,0.0,0,0
paho.mqtt.java-1.2.1,org.eclipse.paho.mqttv5.client.security,SSLSocketFactoryFactory,30,23,34,28,653,96,0,0,0.08823529411764706,3,3
paho.mqtt.java-1.2.1,org.eclipse.paho.mqttv5.client.security,SimpleBase64Encoder,2,0,4,2,90,18,0,0,0.5,2,1
paho.mqtt.java-1.2.1,org.eclipse.paho.mqttv5.client.spi,NetworkModuleFactory,0,0,3,0,27,3,0,0,-1.0,0,1
paho.mqtt.java-1.2.1,org.eclipse.paho.mqttv5.client.util,Debug,6,0,11,9,127,17,0,0,0.0,3,4
paho.mqtt.java-1.2.1,org.eclipse.paho.mqttv5.client.websocket,Base64,3,0,13,4,44,13,0,0,0.8461538461538461,2,2
paho.mqtt.java-1.2.1,org.eclipse.paho.mqttv5.client.websocket,Base64Encoder,1,0,11,2,32,11,0,0,0.9090909090909091,1,0
paho.mqtt.java-1.2.1,org.eclipse.paho.mqttv5.client.websocket,ExtendedByteArrayOutputStream,2,0,4,1,32,6,0,0,0.0,0,3
paho.mqtt.java-1.2.1,org.eclipse.paho.mqttv5.client.websocket,HandshakeFailedException,1,0,0,0,3,0,0,0,-1.0,0,0
paho.mqtt.java-1.2.1,org.eclipse.paho.mqttv5.client.websocket,WebSocketFrame,5,1,13,11,222,37,0,0,0.15384615384615385,5,1
paho.mqtt.java-1.2.1,org.eclipse.paho.mqttv5.client.websocket,WebSocketHandshake,16,0,7,2,162,20,0,0,0.0,2,1
paho.mqtt.java-1.2.1,org.eclipse.paho.mqttv5.client.websocket,WebSocketNetworkModule,10,0,9,7,61,10,0,0,0.2222222222222222,2,5
paho.mqtt.java-1.2.1,org.eclipse.paho.mqttv5.client.websocket,WebSocketNetworkModuleFactory,0,0,3,3,25,6,0,0,-1.0,0,4
paho.mqtt.java-1.2.1,org.eclipse.paho.mqttv5.client.websocket,WebSocketReceiver,9,0,7,6,99,14,0,0,0.0,2,3
paho.mqtt.java-1.2.1,org.eclipse.paho.mqttv5.client.websocket,WebSocketSecureNetworkModule,10,0,9,7,58,10,0,0,0.2222222222222222,2,5
paho.mqtt.java-1.2.1,org.eclipse.paho.mqttv5.client.websocket,WebSocketSecureNetworkModuleFactory,0,0,3,3,39,9,0,0,-1.0,0,5
paho.mqtt.java-1.2.1,org.eclipse.paho.mqttv5.client.wire,MqttInputStream,8,0,6,5,92,13,0,0,0.0,1,7
paho.mqtt.java-1.2.1,org.eclipse.paho.mqttv5.client.wire,MqttOutputStream,4,0,7,7,56,9,0,0,0.0,1,6
paho.mqtt.java-1.2.1,org.eclipse.paho.mqttv5.client.test,BasicSSLTest,8,0,6,6,318,25,0,0,0.0,0,6
paho.mqtt.java-1.2.1,org.eclipse.paho.mqttv5.client.test,BasicTest,5,0,6,5,122,9,0,0,0.0,0,11
paho.mqtt.java-1.2.1,org.eclipse.paho.mqttv5.client.test,ClientIdTest,2,0,6,6,73,10,0,0,0.0,0,6
paho.mqtt.java-1.2.1,org.eclipse.paho.mqttv5.client.test,PersistenceTests,3,0,1,1,29,1,0,0,0.0,0,9
paho.mqtt.java-1.2.1,org.eclipse.paho.mqttv5.client.test,PublishTests,6,0,4,4,88,6,0,0,0.0,0,8
paho.mqtt.java-1.2.1,org.eclipse.paho.mqttv5.client.test,SendReceiveAsyncTest,6,0,10,10,576,38,0,0,0.0,0,11
paho.mqtt.java-1.2.1,org.eclipse.paho.mqttv5.client.test,ServerAssignedClientIdentifierTest,3,0,1,1,22,1,0,0,0.0,0,5
paho.mqtt.java-1.2.1,org.eclipse.paho.mqttv5.client.test,SubscribeTests,6,0,3,3,65,4,0,0,0.0,1,14
paho.mqtt.java-1.2.1,org.eclipse.paho.mqttv5.client.test.automaticReconnect,AutomaticReconnectTest,7,0,5,5,130,10,0,0,0.0,0,7
paho.mqtt.java-1.2.1,org.eclipse.paho.mqttv5.client.test.automaticReconnect,OfflineBufferingTest,8,0,9,9,359,18,0,0,0.0,0,15
paho.mqtt.java-1.2.1,org.eclipse.paho.mqttv5.client.test.automaticReconnect,TopicAliasReconnectTest,9,0,3,3,89,6,0,0,0.0,0,10
paho.mqtt.java-1.2.1,org.eclipse.paho.mqttv5.client.test.client,MqttAsyncClientPaho,0,0,5,5,38,5,0,0,-1.0,0,1
paho.mqtt.java-1.2.1,org.eclipse.paho.mqttv5.client.test.client,MqttClientFactoryPaho,0,0,8,8,60,8,0,0,-1.0,3,1
paho.mqtt.java-1.2.1,org.eclipse.paho.mqttv5.client.test.client,MqttClientPaho,0,0,5,5,38,5,0,0,-1.0,0,1
paho.mqtt.java-1.2.1,org.eclipse.paho.mqttv5.client.test.connectionLoss,ConnectionLossTest,10,0,22,22,322,53,0,0,0.22727272727272727,0,13
paho.mqtt.java-1.2.1,org.eclipse.paho.mqttv5.client.test.logging,ConsoleHandler,0,0,3,3,24,3,0,0,-1.0,0,0
paho.mqtt.java-1.2.1,org.eclipse.paho.mqttv5.client.test.logging,DetailFormatter,3,0,10,10,137,16,1,0,0.0,0,2
paho.mqtt.java-1.2.1,org.eclipse.paho.mqttv5.client.test.logging,HumanFormatter,0,0,3,3,35,5,0,1,-1.0,0,0
paho.mqtt.java-1.2.1,org.eclipse.paho.mqttv5.client.test.logging,LoggerDumper,2,0,4,2,89,13,0,0,0.0,1,2
paho.mqtt.java-1.2.1,org.eclipse.paho.mqttv5.client.test.logging,LoggerNode,3,0,5,5,41,5,0,0,0.0,2,1
paho.mqtt.java-1.2.1,org.eclipse.paho.mqttv5.client.test.logging,LoggingUtilities,1,1,4,4,64,5,0,0,0.75,11,2
paho.mqtt.java-1.2.1,org.eclipse.paho.mqttv5.client.test.logging,ObjectFormatter,4,0,19,17,225,36,0,0,0.3684210526315789,3,2
paho.mqtt.java-1.2.1,org.eclipse.paho.mqttv5.client.test.logging,TraceFormatter,3,0,5,4,92,10,0,0,0.4,0,2
paho.mqtt.java-1.2.1,org.eclipse.paho.mqttv5.client.test.properties,TestProperties,14,8,18,16,298,38,0,0,0.0,13,2
paho.mqtt.java-1.2.1,org.eclipse.paho.mqttv5.client.test.utilities,ConnectionManipulationProxyServer,14,0,10,9,188,24,0,0,0.0,4,0
paho.mqtt.java-1.2.1,org.eclipse.paho.mqttv5.client.test.utilities,MqttV5Receiver,10,2,20,19,329,45,0,0,0.35,5,7
paho.mqtt.java-1.2.1,org.eclipse.paho.mqttv5.client.test.utilities,ReceivedMessage,2,2,1,0,15,1,0,0,0.0,2,1
paho.mqtt.java-1.2.1,org.eclipse.paho.mqttv5.client.test.utilities,StringUtilities,1,1,11,11,179,24,0,0,0.7272727272727273,5,1
paho.mqtt.java-1.2.1,org.eclipse.paho.mqttv5.client.test.utilities,TestByteArrayMemoryPersistence,4,0,16,16,70,18,0,0,0.125,1,1
paho.mqtt.java-1.2.1,org.eclipse.paho.mqttv5.client.test.utilities,TestClientUtilities,3,0,2,2,31,4,0,0,0.0,2,4
paho.mqtt.java-1.2.1,org.eclipse.paho.mqttv5.client.test.utilities,TestMemoryPersistence,3,0,15,15,58,17,0,0,0.13333333333333333,2,1
paho.mqtt.java-1.2.1,org.eclipse.paho.mqttv5.client.test.utilities,Utility,3,0,5,5,69,12,0,0,1.0,12,3
paho.mqtt.java-1.2.1,org.eclipse.paho.mqttv5.common,ExceptionHelper,0,0,4,3,28,4,0,0,-1.0,1,0
paho.mqtt.java-1.2.1,org.eclipse.paho.mqttv5.common,MqttException,12,7,8,8,109,13,2,0,0.0,20,1
paho.mqtt.java-1.2.1,org.eclipse.paho.mqttv5.common,MqttMessage,7,0,21,20,164,24,0,0,0.0,31,2
paho.mqtt.java-1.2.1,org.eclipse.paho.mqttv5.common,MqttPersistable,0,0,6,6,41,6,0,0,-1.0,9,0
paho.mqtt.java-1.2.1,org.eclipse.paho.mqttv5.common,MqttPersistenceException,2,1,4,4,38,4,0,1,1.0,0,0
paho.mqtt.java-1.2.1,org.eclipse.paho.mqttv5.common,MqttSecurityException,1,0,3,3,28,3,0,1,1.0,0,0
paho.mqtt.java-1.2.1,org.eclipse.paho.mqttv5.common,MqttSubscription,7,0,19,17,109,23,0,0,0.10526315789473684,10,1
paho.mqtt.java-1.2.1,org.eclipse.paho.mqttv5.common,Validators,0,0,2,1,21,4,0,0,-1.0,1,1
paho.mqtt.java-1.2.1,org.eclipse.paho.mqttv5.common,MqttDataTypesTest,0,0,24,23,129,26,0,0,-1.0,1,2
paho.mqtt.java-1.2.1,org.eclipse.paho.mqttv5.common.packet,MqttAck,0,0,2,1,11,2,7,2,-1.0,1,0
paho.mqtt.java-1.2.1,org.eclipse.paho.mqttv5.common.packet,MqttAuth,3,0,7,5,68,8,0,1,0.42857142857142855,4,3
paho.mqtt.java-1.2.1,org.eclipse.paho.mqttv5.common.packet,MqttConnAck,5,1,12,11,83,14,0,3,0.4166666666666667,2,3
paho.mqtt.java-1.2.1,org.eclipse.paho.mqttv5.common.packet,MqttConnect,15,1,23,21,221,39,0,1,0.17391304347826086,3,5
paho.mqtt.java-1.2.1,org.eclipse.paho.mqttv5.common.packet,MqttDataTypes,4,1,12,11,187,30,0,0,0.6666666666666666,11,2
paho.mqtt.java-1.2.1,org.eclipse.paho.mqttv5.common.packet,MqttDisconnect,5,1,7,5,63,11,0,1,0.2857142857142857,6,4
paho.mqtt.java-1.2.1,org.eclipse.paho.mqttv5.common.packet,MqttPacketException,5,4,1,1,17,1,0,0,0.0,1,0
paho.mqtt.java-1.2.1,org.eclipse.paho.mqttv5.common.packet,MqttPersistableWireMessage,0,0,7,7,45,8,5,1,-1.0,0,1
paho.mqtt.java-1.2.1,org.eclipse.paho.mqttv5.common.packet,MqttPingReq,1,1,5,3,21,5,0,1,1.0,1,1
paho.mqtt.java-1.2.1,org.eclipse.paho.mqttv5.common.packet,MqttPingResp,1,1,5,3,21,5,0,3,1.0,1,1
paho.mqtt.java-1.2.1,org.eclipse.paho.mqttv5.common.packet,MqttProperties,58,29,63,63,954,158,0,0,0.031746031746031744,45,3
paho.mqtt.java-1.2.1,org.eclipse.paho.mqttv5.common.packet,MqttPubAck,3,0,6,5,67,11,0,3,0.3333333333333333,1,4
paho.mqtt.java-1.2.1,org.eclipse.paho.mqttv5.common.packet,MqttPubComp,3,0,7,6,70,12,0,3,0.42857142857142855,3,4
paho.mqtt.java-1.2.1,org.eclipse.paho.mqttv5.common.packet,MqttPubRec,3,0,7,6,70,12,0,3,0.42857142857142855,1,4
paho.mqtt.java-1.2.1,org.eclipse.paho.mqttv5.common.packet,MqttPubRel,3,0,8,6,73,13,0,2,0.5,2,4
paho.mqtt.java-1.2.1,org.eclipse.paho.mqttv5.common.packet,MqttPublish,7,0,14,12,163,26,0,2,0.14285714285714285,7,5
paho.mqtt.java-1.2.1,org.eclipse.paho.mqttv5.common.packet,MqttReceivedMessage,0,0,3,3,11,3,0,0,-1.0,0,0
paho.mqtt.java-1.2.1,org.eclipse.paho.mqttv5.common.packet,MqttReturnCode,44,44,1,0,58,1,0,0,0.0,23,0
paho.mqtt.java-1.2.1,org.eclipse.paho.mqttv5.common.packet,MqttSubAck,3,0,8,7,76,12,0,3,0.5,1,4
paho.mqtt.java-1.2.1,org.eclipse.paho.mqttv5.common.packet,MqttSubscribe,3,0,12,8,133,17,0,2,0.25,2,5
paho.mqtt.java-1.2.1,org.eclipse.paho.mqttv5.common.packet,MqttUnsubAck,3,0,7,6,72,11,0,3,0.42857142857142855,1,4
paho.mqtt.java-1.2.1,org.eclipse.paho.mqttv5.common.packet,MqttUnsubscribe,3,0,9,7,74,12,0,2,0.2222222222222222,2,4
paho.mqtt.java-1.2.1,org.eclipse.paho.mqttv5.common.packet,MqttWireMessage,27,16,25,20,294,51,5,0,0.36,43,8
paho.mqtt.java-1.2.1,org.eclipse.paho.mqttv5.common.packet,UserProperty,2,0,6,6,29,7,0,0,0.0,2,1
paho.mqtt.java-1.2.1,org.eclipse.paho.mqttv5.common.packet,MqttAuthTest,10,0,3,3,48,3,0,0,0.0,0,4
paho.mqtt.java-1.2.1,org.eclipse.paho.mqttv5.common.packet,MqttConnAckTest,24,0,3,2,96,3,0,0,0.0,0,4
paho.mqtt.java-1.2.1,org.eclipse.paho.mqttv5.common.packet,MqttConnectTest,28,0,3,2,114,3,0,0,0.0,0,4
paho.mqtt.java-1.2.1,org.eclipse.paho.mqttv5.common.packet,MqttDisconnectTest,10,0,4,3,58,4,0,0,0.0,0,4
paho.mqtt.java-1.2.1,org.eclipse.paho.mqttv5.common.packet,MqttPingReqTest,0,0,2,2,16,2,0,0,-1.0,0,2
paho.mqtt.java-1.2.1,org.eclipse.paho.mqttv5.common.packet,MqttPingRespTest,0,0,2,2,16,2,0,0,-1.0,0,2
paho.mqtt.java-1.2.1,org.eclipse.paho.mqttv5.common.packet,MqttPropertiesTest,5,0,9,9,131,9,0,0,0.6666666666666666,0,1
paho.mqtt.java-1.2.1,org.eclipse.paho.mqttv5.common.packet,MqttPubAckTest,8,0,5,5,63,5,0,0,0.6,0,4
paho.mqtt.java-1.2.1,org.eclipse.paho.mqttv5.common.packet,MqttPubCompTest,8,0,5,5,63,5,0,0,0.6,0,4
paho.mqtt.java-1.2.1,org.eclipse.paho.mqttv5.common.packet,MqttPubRecTest,8,0,5,5,63,5,0,0,0.6,0,4
paho.mqtt.java-1.2.1,org.eclipse.paho.mqttv5.common.packet,MqttPubRelTest,8,0,5,5,63,5,0,0,0.6,0,4
paho.mqtt.java-1.2.1,org.eclipse.paho.mqttv5.common.packet,MqttPublishTest,19,0,3,2,74,3,0,0,0.0,0,4
paho.mqtt.java-1.2.1,org.eclipse.paho.mqttv5.common.packet,MqttSubAckTest,8,0,3,2,41,3,0,0,0.0,0,4
paho.mqtt.java-1.2.1,org.eclipse.paho.mqttv5.common.packet,MqttSubscribeTest,11,0,5,5,113,5,0,0,0.4,0,4
paho.mqtt.java-1.2.1,org.eclipse.paho.mqttv5.common.packet,MqttUnsubAckTest,8,0,3,2,41,3,0,0,0.0,0,4
paho.mqtt.java-1.2.1,org.eclipse.paho.mqttv5.common.packet,MqttUnsubscribeTest,7,0,3,3,38,3,0,0,0.0,0,3
paho.mqtt.java-1.2.1,org.eclipse.paho.mqttv5.common.packet.util,CountingInputStream,2,0,4,4,32,5,0,0,0.0,11,0
paho.mqtt.java-1.2.1,org.eclipse.paho.mqttv5.common.packet.util,MultiByteArrayInputStream,7,0,2,2,34,5,0,0,0.0,1,0
paho.mqtt.java-1.2.1,org.eclipse.paho.mqttv5.common.packet.util,VariableByteInteger,2,0,4,4,28,4,0,0,0.0,0,0
paho.mqtt.java-1.2.1,org.eclipse.paho.mqttv5.common.util,MqttTopicValidator,8,5,3,2,117,22,0,0,0.0,7,2
paho.mqtt.java-1.2.1,org.eclipse.paho.mqttv5.common.util,Strings,1,0,9,5,132,24,0,0,0.5555555555555556,2,1
paho.mqtt.java-1.2.1,org.eclipse.paho.mqttv5.common.utils,MqttTopicTest,0,0,9,9,41,12,0,0,-1.0,0,1
paho.mqtt.java-1.2.1,org.eclipse.paho.mqttv5.common.utils,StringValidationTest,0,0,2,2,10,2,0,0,-1.0,0,1
paho.mqtt.java-1.2.1,org.eclipse.paho.sample.mqttclient,App,1,0,1,1,93,10,0,0,0.0,0,2
paho.mqtt.java-1.2.1,org.eclipse.paho.sample.mqttclient.mqttv3,MqttV3Connection,4,0,5,5,67,17,0,0,0.0,1,1
paho.mqtt.java-1.2.1,org.eclipse.paho.sample.mqttclient.mqttv3,MqttV3Executor,10,0,12,7,204,27,0,0,0.16666666666666666,1,7
paho.mqtt.java-1.2.1,org.eclipse.paho.sample.mqttclient.mqttv3,MqttV3Publish,7,0,8,8,56,16,0,0,0.0,1,0
paho.mqtt.java-1.2.1,org.eclipse.paho.sample.mqttclient.mqttv3,MqttV3Subscribe,3,0,4,4,25,7,0,0,0.0,1,0
paho.mqtt.java-1.2.1,org.eclipse.paho.sample.mqttclient.mqttv5,MqttV5Connection,4,0,5,5,69,17,0,0,0.0,1,2
paho.mqtt.java-1.2.1,org.eclipse.paho.sample.mqttclient.mqttv5,MqttV5Executor,10,0,15,10,197,31,0,0,0.13333333333333333,1,11
paho.mqtt.java-1.2.1,org.eclipse.paho.sample.mqttclient.mqttv5,MqttV5Publish,7,0,8,8,56,16,0,0,0.0,1,0
paho.mqtt.java-1.2.1,org.eclipse.paho.sample.mqttclient.mqttv5,MqttV5Subscribe,3,0,4,4,25,7,0,0,0.0,1,0
paho.mqtt.java-1.2.1,org.eclipse.paho.sample.mqttv3app,Sample,7,0,9,7,254,40,0,0,0.3333333333333333,1,6
paho.mqtt.java-1.2.1,org.eclipse.paho.sample.mqttv3app,SampleAsyncCallBack,19,0,27,24,480,74,0,0,0.1111111111111111,1,12
paho.mqtt.java-1.2.1,org.eclipse.paho.sample.mqttv3app,MqttConnector,0,0,5,5,38,5,0,0,-1.0,1,2
paho.mqtt.java-1.2.1,org.eclipse.paho.sample.mqttv3app,Publisher,0,0,4,4,39,4,0,0,-1.0,1,3
paho.mqtt.java-1.2.1,org.eclipse.paho.sample.mqttv3app,Subscriber,0,0,4,4,36,4,0,0,-1.0,1,2
paho.mqtt.java-1.2.1,org.eclipse.paho.sample.mqttv3app,Disconnector,0,0,4,4,36,4,0,0,-1.0,1,2
paho.mqtt.java-1.2.1,org.eclipse.paho.sample.mqttv3app,SampleAsyncWait,7,0,9,7,271,40,0,0,0.2222222222222222,1,7
paho.mqtt.java-1.2.1,org.eclipse.paho.sample.utility,ConnOpts,17,0,13,13,234,15,0,0,0.0,2,1
paho.mqtt.java-1.2.1,org.eclipse.paho.sample.utility,LED,24,5,13,11,181,17,0,0,0.15384615384615385,1,1
paho.mqtt.java-1.2.1,org.eclipse.paho.sample.utility,Colours,5,5,2,0,21,2,0,0,0.0,1,0
paho.mqtt.java-1.2.1,org.eclipse.paho.sample.utility,MQTTFrame,28,0,25,22,603,72,0,0,0.12,5,6
paho.mqtt.java-1.2.1,org.eclipse.paho.sample.utility,MQTTHist,7,0,8,7,110,12,0,0,0.0,1,2
paho.mqtt.java-1.2.1,org.eclipse.paho.sample.utility,PubPanel,15,0,10,8,239,25,0,0,0.0,1,1
paho.mqtt.java-1.2.1,org.eclipse.paho.sample.utility,SubPanel,18,0,8,6,253,23,0,0,0.0,1,1
