Project Name,Package Name,Type Name,NOF,NOPF,NOM,NOPM,LOC,WMC,NC,DIT,LCOM,FANIN,FANOUT
paho.mqtt.java-0.9.0,org.eclipse.paho.android.service.sample,ActionListener,4,0,11,3,164,19,0,0,0.0,1,4
paho.mqtt.java-0.9.0,org.eclipse.paho.android.service.sample,ActivityConstants,32,0,0,0,133,0,0,0,-1.0,10,1
paho.mqtt.java-0.9.0,org.eclipse.paho.android.service.sample,Advanced,2,0,8,3,130,13,0,0,0.625,1,3
paho.mqtt.java-0.9.0,org.eclipse.paho.android.service.sample,Listener,0,0,4,1,80,7,0,0,-1.0,3,1
paho.mqtt.java-0.9.0,org.eclipse.paho.android.service.sample,ClientConnections,8,0,17,10,274,32,0,0,0.23529411764705882,2,9
paho.mqtt.java-0.9.0,org.eclipse.paho.android.service.sample,LongClickItemListener,3,0,8,7,77,10,0,0,0.5,0,2
paho.mqtt.java-0.9.0,org.eclipse.paho.android.service.sample,ChangeListener,0,0,2,2,19,3,0,0,-1.0,2,1
paho.mqtt.java-0.9.0,org.eclipse.paho.android.service.sample,Connection,12,0,24,23,325,36,0,0,0.125,10,4
paho.mqtt.java-0.9.0,org.eclipse.paho.android.service.sample,ConnectionDetails,8,0,13,11,207,27,0,0,0.46153846153846156,2,6
paho.mqtt.java-0.9.0,org.eclipse.paho.android.service.sample,SectionsPagerAdapter,1,0,4,4,47,7,0,0,0.5,1,0
paho.mqtt.java-0.9.0,org.eclipse.paho.android.service.sample,ChangeListener,0,0,2,2,17,2,0,0,-1.0,0,0
paho.mqtt.java-0.9.0,org.eclipse.paho.android.service.sample,Connections,3,0,7,6,92,9,0,0,0.42857142857142855,8,4
paho.mqtt.java-0.9.0,org.eclipse.paho.android.service.sample,HistoryFragment,2,0,2,2,35,3,0,0,0.0,0,2
paho.mqtt.java-0.9.0,org.eclipse.paho.android.service.sample,LastWill,1,0,3,2,53,9,0,0,0.6666666666666666,1,2
paho.mqtt.java-0.9.0,org.eclipse.paho.android.service.sample,Listener,5,0,10,3,209,24,0,0,0.2,0,5
paho.mqtt.java-0.9.0,org.eclipse.paho.android.service.sample,MqttCallbackHandler,2,0,4,4,64,5,0,0,0.5,0,5
paho.mqtt.java-0.9.0,org.eclipse.paho.android.service.sample,NewConnection,2,0,8,4,170,18,0,0,0.5,2,3
paho.mqtt.java-0.9.0,org.eclipse.paho.android.service.sample,Listener,1,0,3,2,84,8,0,0,0.0,0,3
paho.mqtt.java-0.9.0,org.eclipse.paho.android.service.sample,Notify,1,0,2,0,40,2,0,0,1.0,4,1
paho.mqtt.java-0.9.0,org.eclipse.paho.android.service.sample,Persistence,21,16,7,7,201,12,0,0,0.5714285714285714,1,3
paho.mqtt.java-0.9.0,org.eclipse.paho.android.service.sample,PersistenceException,1,0,1,1,16,1,0,0,0.0,0,0
paho.mqtt.java-0.9.0,org.eclipse.paho.android.service.sample,PublishFragment,0,0,1,1,11,1,0,0,-1.0,0,0
paho.mqtt.java-0.9.0,org.eclipse.paho.android.service.sample,SubscribeFragment,0,0,1,1,11,1,0,0,-1.0,0,0
paho.mqtt.java-0.9.0,org.eclipse.paho.android.service.test,AndroidServiceTest,4,0,11,11,530,38,0,0,0.0,0,8
paho.mqtt.java-0.9.0,org.eclipse.paho.android.service.test,AndroidServiceWithActionListenerTest,8,0,15,14,415,36,0,0,0.2,0,9
paho.mqtt.java-0.9.0,org.eclipse.paho.android.service.test,ActionListener,1,0,3,3,17,3,0,0,0.0,0,2
paho.mqtt.java-0.9.0,org.eclipse.paho.android.service.test,MqttV3Receiver,7,2,14,13,281,39,0,0,0.21428571428571427,2,6
paho.mqtt.java-0.9.0,org.eclipse.paho.android.service.test,ReceivedMessage,2,2,1,0,15,1,0,0,0.0,1,1
paho.mqtt.java-0.9.0,org.eclipse.paho.android.service.test,TestCaseNotifier,1,0,2,2,19,3,0,0,0.0,2,0
paho.mqtt.java-0.9.0,org.eclipse.paho.android.service.test,TestProperties,3,3,0,0,5,0,0,0,-1.0,2,0
paho.mqtt.java-0.9.0,org.eclipse.paho.android.service,AlarmPingSender,9,0,8,8,84,16,0,0,0.0,1,5
paho.mqtt.java-0.9.0,org.eclipse.paho.android.service,AlarmReceiver,2,0,3,3,33,9,0,0,0.0,0,2
paho.mqtt.java-0.9.0,org.eclipse.paho.android.service,DatabaseMessageStore,16,0,20,16,243,26,0,1,0.2,0,6
paho.mqtt.java-0.9.0,org.eclipse.paho.android.service,MQTTDatabaseHelper,4,0,3,3,52,3,0,0,0.0,1,2
paho.mqtt.java-0.9.0,org.eclipse.paho.android.service,DbStoredData,4,0,5,4,23,5,0,1,0.0,0,1
paho.mqtt.java-0.9.0,org.eclipse.paho.android.service,MqttMessageHack,0,0,2,1,11,2,0,0,-1.0,1,0
paho.mqtt.java-0.9.0,org.eclipse.paho.android.service,MessageStore,0,0,8,4,49,8,1,0,-1.0,1,1
paho.mqtt.java-0.9.0,org.eclipse.paho.android.service,StoredMessage,0,0,4,0,21,4,1,0,-1.0,1,0
paho.mqtt.java-0.9.0,org.eclipse.paho.android.service,MqttAndroidClient,20,0,58,43,779,95,0,0,0.13793103448275862,7,14
paho.mqtt.java-0.9.0,org.eclipse.paho.android.service,MyServiceConnection,0,0,2,2,13,2,0,0,-1.0,1,0
paho.mqtt.java-0.9.0,org.eclipse.paho.android.service,MqttConnection,20,0,33,17,566,59,0,0,0.09090909090909091,1,10
paho.mqtt.java-0.9.0,org.eclipse.paho.android.service,MqttConnectionListener,1,0,3,2,17,3,0,0,0.0,0,2
paho.mqtt.java-0.9.0,org.eclipse.paho.android.service,MqttDeliveryTokenAndroid,1,0,4,1,23,4,0,1,0.0,1,3
paho.mqtt.java-0.9.0,org.eclipse.paho.android.service,MqttService,9,0,35,29,401,56,0,1,0.05714285714285714,6,9
paho.mqtt.java-0.9.0,org.eclipse.paho.android.service,NetworkConnectionIntentReceiver,0,0,1,1,15,2,0,0,-1.0,1,0
paho.mqtt.java-0.9.0,org.eclipse.paho.android.service,BackgroundDataPreferenceReceiver,0,0,1,1,18,3,0,0,-1.0,1,0
paho.mqtt.java-0.9.0,org.eclipse.paho.android.service,MqttServiceBinder,2,0,4,2,25,4,0,0,0.5,1,1
paho.mqtt.java-0.9.0,org.eclipse.paho.android.service,MqttServiceConstants,40,0,0,0,45,0,0,0,-1.0,8,1
paho.mqtt.java-0.9.0,org.eclipse.paho.android.service,MqttTokenAndroid,9,0,18,11,165,25,1,0,0.1111111111111111,0,4
paho.mqtt.java-0.9.0,org.eclipse.paho.android.service,MqttTraceHandler,0,0,3,3,8,3,1,0,-1.0,3,0
paho.mqtt.java-0.9.0,org.eclipse.paho.android.service,ParcelableMqttMessage,2,1,7,5,61,7,0,0,0.7142857142857143,1,1
paho.mqtt.java-0.9.0,org.eclipse.paho.client.eclipse.view,Activator,2,1,5,5,35,5,0,0,0.6,1,1
paho.mqtt.java-0.9.0,org.eclipse.paho.client.eclipse.view,ClientConstants,2,0,0,0,7,0,0,0,-1.0,1,0
paho.mqtt.java-0.9.0,org.eclipse.paho.client.eclipse.view,Messages,82,81,1,0,89,1,0,0,0.0,1,0
paho.mqtt.java-0.9.0,org.eclipse.paho.client.eclipse.view,MqttClientView,57,0,42,28,663,62,0,0,0.2857142857142857,1,9
paho.mqtt.java-0.9.0,org.eclipse.paho.client.mqttv3.internal.logBuilder,LogMessageExtractor,5,0,6,5,116,20,0,0,0.0,1,1
paho.mqtt.java-0.9.0,org.eclipse.paho.client.mqttv3.test,BasicSSLTest,8,0,7,7,335,27,0,0,0.0,0,7
paho.mqtt.java-0.9.0,org.eclipse.paho.client.mqttv3.test,BasicTest,10,0,12,12,277,19,0,0,0.16666666666666666,0,9
paho.mqtt.java-0.9.0,org.eclipse.paho.client.mqttv3.test,MessageListener,1,0,5,5,44,7,0,0,0.6,0,2
paho.mqtt.java-0.9.0,org.eclipse.paho.client.mqttv3.test,LiveTakeOverTest,11,1,8,4,198,16,0,0,0.0,0,9
paho.mqtt.java-0.9.0,org.eclipse.paho.client.mqttv3.test,FirstClient,4,1,5,1,91,9,0,0,0.0,0,6
paho.mqtt.java-0.9.0,org.eclipse.paho.client.mqttv3.test,ModelTestCase,22,14,29,27,532,81,0,0,0.06896551724137931,0,9
paho.mqtt.java-0.9.0,org.eclipse.paho.client.mqttv3.test,SendReceiveAsyncTest,5,0,9,9,490,33,0,0,0.0,0,10
paho.mqtt.java-0.9.0,org.eclipse.paho.client.mqttv3.test,SendReceiveTest,5,0,8,8,400,32,0,0,0.0,0,8
paho.mqtt.java-0.9.0,org.eclipse.paho.client.mqttv3.test.client,MqttAsyncClientPaho,0,0,5,5,38,5,0,0,-1.0,0,1
paho.mqtt.java-0.9.0,org.eclipse.paho.client.mqttv3.test.client,MqttClientFactoryPaho,0,0,8,8,60,8,0,0,-1.0,6,1
paho.mqtt.java-0.9.0,org.eclipse.paho.client.mqttv3.test.client,MqttClientPaho,0,0,5,5,38,5,0,0,-1.0,0,1
paho.mqtt.java-0.9.0,org.eclipse.paho.client.mqttv3.test.logging,ConsoleHandler,0,0,3,3,24,3,0,0,-1.0,0,0
paho.mqtt.java-0.9.0,org.eclipse.paho.client.mqttv3.test.logging,DetailFormatter,3,0,10,10,137,16,1,0,0.0,0,2
paho.mqtt.java-0.9.0,org.eclipse.paho.client.mqttv3.test.logging,HumanFormatter,0,0,3,3,35,5,0,1,-1.0,0,0
paho.mqtt.java-0.9.0,org.eclipse.paho.client.mqttv3.test.logging,LoggerDumper,2,0,4,2,89,13,0,0,0.0,1,2
paho.mqtt.java-0.9.0,org.eclipse.paho.client.mqttv3.test.logging,LoggerNode,3,0,5,5,41,5,0,0,0.0,2,1
paho.mqtt.java-0.9.0,org.eclipse.paho.client.mqttv3.test.logging,LoggingUtilities,1,1,4,4,64,5,0,0,0.75,8,2
paho.mqtt.java-0.9.0,org.eclipse.paho.client.mqttv3.test.logging,ObjectFormatter,4,0,19,17,225,36,0,0,0.3684210526315789,3,2
paho.mqtt.java-0.9.0,org.eclipse.paho.client.mqttv3.test.logging,TraceFormatter,3,0,5,4,92,10,0,0,0.4,0,2
paho.mqtt.java-0.9.0,org.eclipse.paho.client.mqttv3.test.properties,TestProperties,13,7,17,15,285,37,0,0,0.0,7,2
paho.mqtt.java-0.9.0,org.eclipse.paho.client.mqttv3.test.utilities,MqttV3Receiver,10,2,16,15,322,41,0,0,0.1875,5,7
paho.mqtt.java-0.9.0,org.eclipse.paho.client.mqttv3.test.utilities,ReceivedMessage,2,2,1,0,15,1,0,0,0.0,2,1
paho.mqtt.java-0.9.0,org.eclipse.paho.client.mqttv3.test.utilities,StringUtilities,3,1,11,11,181,24,0,0,0.7272727272727273,5,1
paho.mqtt.java-0.9.0,org.eclipse.paho.client.mqttv3.test.utilities,Utility,3,0,5,5,69,12,0,0,1.0,9,3
paho.mqtt.java-0.9.0,org.eclipse.paho.client.mqttv3.internal,ClientComms,32,2,37,27,482,73,0,0,0.05405405405405406,13,25
paho.mqtt.java-0.9.0,org.eclipse.paho.client.mqttv3.internal,ConnectBG,4,0,3,1,46,5,0,0,0.0,1,7
paho.mqtt.java-0.9.0,org.eclipse.paho.client.mqttv3.internal,DisconnectBG,4,0,3,1,30,3,0,0,0.6666666666666666,1,2
paho.mqtt.java-0.9.0,org.eclipse.paho.client.mqttv3.internal,ClientDefaults,1,1,0,0,3,0,0,0,-1.0,0,0
paho.mqtt.java-0.9.0,org.eclipse.paho.client.mqttv3.internal,ClientState,35,0,36,9,813,121,0,0,0.0,4,18
paho.mqtt.java-0.9.0,org.eclipse.paho.client.mqttv3.internal,CommsCallback,14,1,15,11,261,42,0,0,0.0,2,10
paho.mqtt.java-0.9.0,org.eclipse.paho.client.mqttv3.internal,CommsReceiver,10,0,6,6,113,13,0,0,0.0,1,9
paho.mqtt.java-0.9.0,org.eclipse.paho.client.mqttv3.internal,CommsSender,9,0,5,4,109,14,0,0,0.0,1,9
paho.mqtt.java-0.9.0,org.eclipse.paho.client.mqttv3.internal,CommsTokenStore,5,0,15,11,167,25,0,0,0.13333333333333333,4,7
paho.mqtt.java-0.9.0,org.eclipse.paho.client.mqttv3.internal,ConnectActionListener,7,0,4,4,94,9,0,0,0.0,1,8
paho.mqtt.java-0.9.0,org.eclipse.paho.client.mqttv3.internal,DestinationProvider,0,0,1,1,6,1,0,0,-1.0,0,0
paho.mqtt.java-0.9.0,org.eclipse.paho.client.mqttv3.internal,ExceptionHelper,0,0,4,3,32,6,0,0,-1.0,10,1
paho.mqtt.java-0.9.0,org.eclipse.paho.client.mqttv3.internal,FileLock,3,0,2,2,62,7,0,0,0.0,1,1
paho.mqtt.java-0.9.0,org.eclipse.paho.client.mqttv3.internal,LocalNetworkModule,3,0,5,5,56,8,0,1,0.0,0,2
paho.mqtt.java-0.9.0,org.eclipse.paho.client.mqttv3.internal,MessageCatalog,1,0,2,1,28,5,2,0,0.0,2,2
paho.mqtt.java-0.9.0,org.eclipse.paho.client.mqttv3.internal,MqttPersistentData,7,0,8,8,52,9,0,0,0.0,0,0
paho.mqtt.java-0.9.0,org.eclipse.paho.client.mqttv3.internal,NetworkModule,0,0,4,4,6,4,4,0,-1.0,4,0
paho.mqtt.java-0.9.0,org.eclipse.paho.client.mqttv3.internal,ResourceBundleCatalog,1,0,2,1,14,2,0,1,0.0,0,0
paho.mqtt.java-0.9.0,org.eclipse.paho.client.mqttv3.internal,SSLNetworkModule,4,0,5,5,56,10,0,2,0.0,0,2
paho.mqtt.java-0.9.0,org.eclipse.paho.client.mqttv3.internal,TCPNetworkModule,7,0,6,6,58,7,1,1,0.0,0,3
paho.mqtt.java-0.9.0,org.eclipse.paho.client.mqttv3.internal,Token,17,0,34,26,255,51,0,0,0.058823529411764705,1,8
paho.mqtt.java-0.9.0,org.eclipse.paho.client.mqttv3.internal,MicroCatalog,2,0,2,1,11,2,0,1,0.0,0,1
paho.mqtt.java-0.9.0,org.eclipse.paho.client.mqttv3.internal,MqttMicroNetworkFactory,5,1,4,3,91,11,0,0,0.0,1,5
paho.mqtt.java-0.9.0,org.eclipse.paho.client.mqttv3.internal,SSLMicroNetworkModule,6,0,5,5,53,5,0,1,0.0,0,3
paho.mqtt.java-0.9.0,org.eclipse.paho.client.mqttv3.internal,TCPMicroNetworkModule,6,0,5,5,51,5,0,1,0.0,0,3
paho.mqtt.java-0.9.0,org.eclipse.paho.client.mqttv3,IMqttActionListener,0,0,2,2,15,2,0,0,-1.0,21,1
paho.mqtt.java-0.9.0,org.eclipse.paho.client.mqttv3,IMqttAsyncClient,0,0,29,29,259,29,1,0,-1.0,8,4
paho.mqtt.java-0.9.0,org.eclipse.paho.client.mqttv3,IMqttClient,0,0,22,22,156,22,1,0,-1.0,11,3
paho.mqtt.java-0.9.0,org.eclipse.paho.client.mqttv3,IMqttDeliveryToken,0,0,1,1,11,1,1,1,-1.0,25,0
paho.mqtt.java-0.9.0,org.eclipse.paho.client.mqttv3,IMqttToken,0,0,11,11,59,11,2,0,-1.0,26,1
paho.mqtt.java-0.9.0,org.eclipse.paho.client.mqttv3,MqttAsyncClient,12,0,41,35,394,71,0,1,0.24390243902439024,9,22
paho.mqtt.java-0.9.0,org.eclipse.paho.client.mqttv3,MqttCallback,0,0,3,3,22,3,0,0,-1.0,8,2
paho.mqtt.java-0.9.0,org.eclipse.paho.client.mqttv3,MqttClient,2,0,28,28,135,30,0,1,0.25,8,5
paho.mqtt.java-0.9.0,org.eclipse.paho.client.mqttv3,MqttClientPersistence,0,0,8,8,49,8,0,0,-1.0,11,1
paho.mqtt.java-0.9.0,org.eclipse.paho.client.mqttv3,MqttConnectOptions,16,3,26,23,267,37,0,0,0.19230769230769232,34,4
paho.mqtt.java-0.9.0,org.eclipse.paho.client.mqttv3,MqttDeliveryToken,0,0,4,3,23,4,0,2,-1.0,8,1
paho.mqtt.java-0.9.0,org.eclipse.paho.client.mqttv3,MqttException,26,23,7,7,160,8,2,0,0.0,24,1
paho.mqtt.java-0.9.0,org.eclipse.paho.client.mqttv3,MqttMessage,5,0,15,12,124,18,0,0,0.13333333333333333,50,1
paho.mqtt.java-0.9.0,org.eclipse.paho.client.mqttv3,MqttPersistable,0,0,6,6,35,6,0,0,-1.0,7,0
paho.mqtt.java-0.9.0,org.eclipse.paho.client.mqttv3,MqttPersistenceException,2,1,4,4,38,4,0,1,1.0,2,0
paho.mqtt.java-0.9.0,org.eclipse.paho.client.mqttv3,MqttPingSender,0,0,4,4,23,4,1,0,-1.0,3,1
paho.mqtt.java-0.9.0,org.eclipse.paho.client.mqttv3,MqttSecurityException,1,0,3,3,28,3,0,1,1.0,0,0
paho.mqtt.java-0.9.0,org.eclipse.paho.client.mqttv3,MqttToken,1,1,13,13,48,13,1,1,0.15384615384615385,10,2
paho.mqtt.java-0.9.0,org.eclipse.paho.client.mqttv3,MqttTopic,10,6,7,6,118,13,0,0,0.2857142857142857,10,4
paho.mqtt.java-0.9.0,org.eclipse.paho.client.mqttv3,TimerPingSender,5,0,5,5,40,7,0,1,0.0,0,3
paho.mqtt.java-0.9.0,org.eclipse.paho.client.mqttv3,PingTask,1,0,1,1,7,1,0,0,0.0,0,0
paho.mqtt.java-0.9.0,org.eclipse.paho.client.mqttv3,MqttConnectOptions,15,3,24,21,235,33,0,0,0.625,0,5
paho.mqtt.java-0.9.0,org.eclipse.paho.client.mqttv3.internal.security,SSLSocketFactoryFactory,30,23,34,28,652,96,0,0,0.08823529411764706,2,3
paho.mqtt.java-0.9.0,org.eclipse.paho.client.mqttv3.internal.security,SimpleBase64Encoder,2,0,4,2,90,18,0,0,0.5,2,1
paho.mqtt.java-0.9.0,org.eclipse.paho.client.mqttv3.internal.wire,CountingInputStream,2,0,4,4,33,5,0,0,0.0,2,0
paho.mqtt.java-0.9.0,org.eclipse.paho.client.mqttv3.internal.wire,MqttAck,0,0,3,2,17,3,7,1,-1.0,1,0
paho.mqtt.java-0.9.0,org.eclipse.paho.client.mqttv3.internal.wire,MqttConnack,2,1,6,5,33,6,0,2,0.6666666666666666,1,1
paho.mqtt.java-0.9.0,org.eclipse.paho.client.mqttv3.internal.wire,MqttConnect,8,1,9,7,116,17,0,1,0.4444444444444444,2,2
paho.mqtt.java-0.9.0,org.eclipse.paho.client.mqttv3.internal.wire,MqttDisconnect,1,1,6,4,27,6,0,1,1.0,3,1
paho.mqtt.java-0.9.0,org.eclipse.paho.client.mqttv3.internal.wire,MqttInputStream,3,0,5,5,42,6,0,0,0.0,1,5
paho.mqtt.java-0.9.0,org.eclipse.paho.client.mqttv3.internal.wire,MqttOutputStream,3,0,7,7,37,7,0,0,0.0,1,3
paho.mqtt.java-0.9.0,org.eclipse.paho.client.mqttv3.internal.wire,MqttPersistableWireMessage,0,0,7,7,33,7,2,1,-1.0,0,0
paho.mqtt.java-0.9.0,org.eclipse.paho.client.mqttv3.internal.wire,MqttPingReq,1,1,6,4,27,6,0,1,1.0,0,1
paho.mqtt.java-0.9.0,org.eclipse.paho.client.mqttv3.internal.wire,MqttPingResp,1,1,4,3,21,4,0,2,1.0,0,1
paho.mqtt.java-0.9.0,org.eclipse.paho.client.mqttv3.internal.wire,MqttPubAck,0,0,3,2,19,3,0,2,-1.0,0,2
paho.mqtt.java-0.9.0,org.eclipse.paho.client.mqttv3.internal.wire,MqttPubComp,0,0,4,3,23,4,0,2,-1.0,2,2
paho.mqtt.java-0.9.0,org.eclipse.paho.client.mqttv3.internal.wire,MqttPubRec,0,0,3,2,19,3,0,2,-1.0,1,2
paho.mqtt.java-0.9.0,org.eclipse.paho.client.mqttv3.internal.wire,MqttPubRel,0,0,5,3,35,5,0,2,-1.0,1,2
paho.mqtt.java-0.9.0,org.eclipse.paho.client.mqttv3.internal.wire,MqttPublish,3,0,12,9,131,23,0,2,0.16666666666666666,9,4
paho.mqtt.java-0.9.0,org.eclipse.paho.client.mqttv3.internal.wire,MqttReceivedMessage,1,0,3,3,12,3,0,0,0.6666666666666666,0,0
paho.mqtt.java-0.9.0,org.eclipse.paho.client.mqttv3.internal.wire,MqttSuback,1,0,3,2,32,5,0,2,0.6666666666666666,0,1
paho.mqtt.java-0.9.0,org.eclipse.paho.client.mqttv3.internal.wire,MqttSubscribe,3,0,7,5,104,15,0,1,0.5714285714285714,1,2
paho.mqtt.java-0.9.0,org.eclipse.paho.client.mqttv3.internal.wire,MqttUnsubAck,0,0,2,1,15,2,0,2,-1.0,0,1
paho.mqtt.java-0.9.0,org.eclipse.paho.client.mqttv3.internal.wire,MqttUnsubscribe,2,0,7,5,80,11,0,1,0.5714285714285714,1,1
paho.mqtt.java-0.9.0,org.eclipse.paho.client.mqttv3.internal.wire,MqttWireMessage,20,14,21,13,264,41,7,0,0.42857142857142855,23,6
paho.mqtt.java-0.9.0,org.eclipse.paho.client.mqttv3.internal.wire,MultiByteArrayInputStream,7,0,2,2,34,5,0,0,0.0,1,0
paho.mqtt.java-0.9.0,org.eclipse.paho.client.mqttv3.internal.wire,MultiByteInteger,2,0,4,4,26,4,0,0,0.0,0,0
paho.mqtt.java-0.9.0,org.eclipse.paho.client.mqttv3.logging,JSR47Logger,6,0,32,28,188,46,0,1,0.0625,0,0
paho.mqtt.java-0.9.0,org.eclipse.paho.client.mqttv3.logging,Logger,7,7,28,28,215,28,4,0,-1.0,20,0
paho.mqtt.java-0.9.0,org.eclipse.paho.client.mqttv3.logging,LoggerFactory,4,1,4,3,100,7,0,0,0.5,21,2
paho.mqtt.java-0.9.0,org.eclipse.paho.client.mqttv3.logging,SimpleLogFormatter,1,0,3,3,76,9,0,0,0.6666666666666666,2,1
paho.mqtt.java-0.9.0,org.eclipse.paho.client.mqttv3.logging,Logging,7,0,35,29,301,66,0,1,0.08571428571428572,0,2
paho.mqtt.java-0.9.0,org.eclipse.paho.client.mqttv3.logging,SimpleLogFormatter,1,0,4,3,84,10,0,0,1.0,0,1
paho.mqtt.java-0.9.0,org.eclipse.paho.client.mqttv3.logging,MIDPLogFormatter,1,0,6,4,93,14,0,0,0.5,1,1
paho.mqtt.java-0.9.0,org.eclipse.paho.client.mqttv3.logging,MIDPLogging,6,0,34,30,185,48,0,1,0.14705882352941177,0,2
paho.mqtt.java-0.9.0,org.eclipse.paho.client.mqttv3.logging,EmptyLogger,0,0,29,29,63,29,0,1,-1.0,0,1
paho.mqtt.java-0.9.0,org.eclipse.paho.client.mqttv3.logging,Logger,7,7,29,29,216,29,0,0,-1.0,0,1
paho.mqtt.java-0.9.0,org.eclipse.paho.client.mqttv3.logging,LoggerFactory,4,1,3,2,86,6,0,0,0.6666666666666666,0,3
paho.mqtt.java-0.9.0,org.eclipse.paho.client.mqttv3.persist,MemoryPersistence,1,0,8,8,30,8,0,0,0.0,0,1
paho.mqtt.java-0.9.0,org.eclipse.paho.client.mqttv3.persist,MqttDefaultFilePersistence,7,0,16,12,223,43,0,0,0.125,3,3
paho.mqtt.java-0.9.0,org.eclipse.paho.client.mqttv3.persist,MqttDefaultMicroFilePersistence,8,0,14,10,260,38,0,0,0.14285714285714285,0,2
paho.mqtt.java-0.9.0,org.eclipse.paho.client.mqttv3.persist,MqttDefaultMicroPersistence,3,0,8,8,128,13,0,0,0.0,0,1
paho.mqtt.java-0.9.0,org.eclipse.paho.client.mqttv3.util,Debug,6,0,11,9,124,17,0,0,0.0,3,4
paho.mqtt.java-0.9.0,org.eclipse.paho.client.mqttv3.util,Strings,1,0,9,5,133,24,0,0,0.5555555555555556,2,1
paho.mqtt.java-0.9.0,org.eclipse.paho.client.mqttv3.util,ConsoleHandler,0,0,3,3,18,3,0,0,-1.0,0,0
paho.mqtt.java-0.9.0,org.eclipse.paho.client.mqttv3.util,FileHandler,8,0,5,5,77,12,0,0,0.4,2,1
paho.mqtt.java-0.9.0,org.eclipse.paho.client.mqttv3.util,MemoryHandler,8,0,7,7,87,13,0,0,0.0,0,1
paho.mqtt.java-0.9.0,org.eclipse.paho.client.mqttv3.util,PropertyResourceBundle,5,0,6,5,110,23,0,0,0.5,6,2
paho.mqtt.java-0.9.0,org.eclipse.paho.client.mqttv3.util,Locale,3,0,2,2,20,4,0,0,1.0,2,1
paho.mqtt.java-0.9.0,org.eclipse.paho.jmeclient.mqttv3.test,BasicSyncTestCaseMIDP,9,0,12,12,254,51,0,0,0.5833333333333334,1,7
paho.mqtt.java-0.9.0,org.eclipse.paho.jmeclient.mqttv3.test,MessageListener,1,0,5,5,44,7,0,0,0.6,0,3
paho.mqtt.java-0.9.0,org.eclipse.paho.jmeclient.mqttv3.test,GPIOTest,24,0,6,6,198,15,0,0,0.3333333333333333,0,1
paho.mqtt.java-0.9.0,org.eclipse.paho.jmeclient.mqttv3.test,Iterator,0,0,3,0,22,3,1,0,-1.0,0,0
paho.mqtt.java-0.9.0,org.eclipse.paho.jmeclient.mqttv3.test,SimpleList,8,0,17,12,182,29,0,0,0.0,2,1
paho.mqtt.java-0.9.0,org.eclipse.paho.jmeclient.mqttv3.test,Element,3,0,1,0,9,1,0,0,0.0,3,1
paho.mqtt.java-0.9.0,org.eclipse.paho.jmeclient.mqttv3.test,SimpleIterator,2,0,4,3,37,7,0,1,0.0,0,1
paho.mqtt.java-0.9.0,org.eclipse.paho.jmeclient.mqttv3.sampleGPIO,GPIOSample,31,0,12,9,251,26,0,0,0.3333333333333333,0,4
paho.mqtt.java-0.9.0,org.eclipse.paho.jmeclient.mqttv3.sampleGPIO.AsyncCallback,GPIOSampleAsyncCallback,35,0,9,6,244,23,0,0,0.2222222222222222,0,2
paho.mqtt.java-0.9.0,org.eclipse.paho.jmeclient.mqttv3.sampleGPIO.AsyncCallback,SampleAsyncCallback,19,0,26,23,330,45,0,0,0.15384615384615385,1,10
paho.mqtt.java-0.9.0,org.eclipse.paho.jmeclient.mqttv3.sampleGPIO.AsyncCallback,MqttConnector,0,0,5,5,38,5,0,0,-1.0,1,2
paho.mqtt.java-0.9.0,org.eclipse.paho.jmeclient.mqttv3.sampleGPIO.AsyncCallback,Publisher,0,0,4,4,38,4,0,0,-1.0,1,3
paho.mqtt.java-0.9.0,org.eclipse.paho.jmeclient.mqttv3.sampleGPIO.AsyncCallback,Subscriber,0,0,4,4,36,4,0,0,-1.0,1,2
paho.mqtt.java-0.9.0,org.eclipse.paho.jmeclient.mqttv3.sampleGPIO.AsyncCallback,Disconnector,0,0,4,4,36,4,0,0,-1.0,2,2
paho.mqtt.java-0.9.0,org.eclipse.paho.jmeclient.mqttv3.sampleGPIO.AsyncWait,GPIOSampleAsyncWait,37,0,9,6,236,22,0,0,0.2222222222222222,0,2
paho.mqtt.java-0.9.0,org.eclipse.paho.jmeclient.mqttv3.sampleGPIO.AsyncWait,SampleAsyncWait,7,0,9,7,133,12,0,0,0.3333333333333333,1,5
paho.mqtt.java-0.9.0,org.eclipse.paho.jmeclient.mqttv3.sampleMIDP,IA92,21,0,12,9,278,33,0,0,0.4166666666666667,0,5
paho.mqtt.java-0.9.0,org.eclipse.paho.jmeclient.mqttv3.sampleMIDP,WmqttGauge,4,0,5,5,47,7,0,0,0.6,1,0
paho.mqtt.java-0.9.0,org.eclipse.paho.jmeclient.mqttv3.sampleMIDP,WmqttMgr,14,0,13,13,185,16,0,0,0.15384615384615385,1,4
paho.mqtt.java-0.9.0,org.eclipse.paho.sample.mqttv3app,Sample,7,0,9,7,254,40,0,0,0.3333333333333333,1,6
paho.mqtt.java-0.9.0,org.eclipse.paho.sample.mqttv3app,SampleAsyncCallBack,19,0,27,24,480,74,0,0,0.1111111111111111,1,12
paho.mqtt.java-0.9.0,org.eclipse.paho.sample.mqttv3app,MqttConnector,0,0,5,5,38,5,0,0,-1.0,1,2
paho.mqtt.java-0.9.0,org.eclipse.paho.sample.mqttv3app,Publisher,0,0,4,4,39,4,0,0,-1.0,1,3
paho.mqtt.java-0.9.0,org.eclipse.paho.sample.mqttv3app,Subscriber,0,0,4,4,36,4,0,0,-1.0,1,2
paho.mqtt.java-0.9.0,org.eclipse.paho.sample.mqttv3app,Disconnector,0,0,4,4,36,4,0,0,-1.0,1,2
paho.mqtt.java-0.9.0,org.eclipse.paho.sample.mqttv3app,SampleAsyncWait,7,0,9,7,271,40,0,0,0.2222222222222222,1,7
paho.mqtt.java-0.9.0,org.eclipse.paho.sample.utility,ConnOpts,17,0,13,13,236,15,0,0,0.0,2,1
paho.mqtt.java-0.9.0,org.eclipse.paho.sample.utility,LED,24,5,13,11,177,17,0,0,0.15384615384615385,1,1
paho.mqtt.java-0.9.0,org.eclipse.paho.sample.utility,Colours,5,5,2,0,21,2,0,0,0.0,1,0
paho.mqtt.java-0.9.0,org.eclipse.paho.sample.utility,MQTTFrame,28,0,25,22,601,72,0,0,0.12,5,6
paho.mqtt.java-0.9.0,org.eclipse.paho.sample.utility,MQTTHist,7,0,8,7,111,12,0,0,0.0,1,2
paho.mqtt.java-0.9.0,org.eclipse.paho.sample.utility,PubPanel,15,0,10,8,239,25,0,0,0.0,1,1
paho.mqtt.java-0.9.0,org.eclipse.paho.sample.utility,SubPanel,18,0,8,6,253,23,0,0,0.0,1,1
paho.mqtt.java-0.9.0,org.eclipse.paho.mqtt.ui,Activator,3,1,5,5,39,5,0,0,0.6,2,2
paho.mqtt.java-0.9.0,org.eclipse.paho.mqtt.ui,Application,0,0,3,3,29,7,0,0,-1.0,0,0
paho.mqtt.java-0.9.0,org.eclipse.paho.mqtt.ui,ApplicationActionBarAdvisor,3,0,4,1,37,4,0,0,0.5,0,1
paho.mqtt.java-0.9.0,org.eclipse.paho.mqtt.ui,ApplicationWorkbenchAdvisor,0,0,2,2,11,2,0,0,-1.0,0,1
paho.mqtt.java-0.9.0,org.eclipse.paho.mqtt.ui,ApplicationWorkbenchWindowAdvisor,0,0,4,4,21,4,0,0,-1.0,0,0
paho.mqtt.java-0.9.0,org.eclipse.paho.mqtt.ui,Constants,22,22,0,0,30,0,0,0,-1.0,9,0
paho.mqtt.java-0.9.0,org.eclipse.paho.mqtt.ui,ImageKeys,12,12,0,0,14,0,0,0,-1.0,7,0
paho.mqtt.java-0.9.0,org.eclipse.paho.mqtt.ui,Paho,1,0,10,8,109,11,0,0,0.6,4,5
paho.mqtt.java-0.9.0,org.eclipse.paho.mqtt.ui,PahoException,1,0,4,4,19,4,0,0,1.0,0,0
paho.mqtt.java-0.9.0,org.eclipse.paho.mqtt.ui,Perspective,1,1,1,1,19,1,0,0,0.0,1,1
paho.mqtt.java-0.9.0,org.eclipse.paho.mqtt.ui.actions,NewConnectionAction,1,1,2,2,19,2,0,0,1.0,0,6
paho.mqtt.java-0.9.0,org.eclipse.paho.mqtt.ui.core,DataBindings,14,9,33,29,360,55,0,0,0.48484848484848486,2,5
paho.mqtt.java-0.9.0,org.eclipse.paho.mqtt.ui.core,DecoratedBinding,2,0,5,5,31,5,0,0,0.0,1,1
paho.mqtt.java-0.9.0,org.eclipse.paho.mqtt.ui.core,Converters,4,4,4,4,39,8,0,0,1.0,3,0
paho.mqtt.java-0.9.0,org.eclipse.paho.mqtt.ui.core,Validators,7,5,12,8,164,27,0,0,0.6666666666666666,2,3
paho.mqtt.java-0.9.0,org.eclipse.paho.mqtt.ui.core,DecoratedValidator,2,0,5,1,67,11,0,0,0.0,0,0
paho.mqtt.java-0.9.0,org.eclipse.paho.mqtt.ui.core,DataBinding,1,0,11,11,114,14,0,0,0.0,2,2
paho.mqtt.java-0.9.0,org.eclipse.paho.mqtt.ui.core,IConnectionManager,0,0,2,0,18,2,0,0,-1.0,0,1
paho.mqtt.java-0.9.0,org.eclipse.paho.mqtt.ui.core.event,Event,2,0,6,6,35,6,0,0,0.0,10,1
paho.mqtt.java-0.9.0,org.eclipse.paho.mqtt.ui.core.event,Events,0,0,3,2,25,3,0,0,-1.0,6,1
paho.mqtt.java-0.9.0,org.eclipse.paho.mqtt.ui.core.event,IEventHandler,0,0,1,0,11,1,0,0,-1.0,3,1
paho.mqtt.java-0.9.0,org.eclipse.paho.mqtt.ui.core.event,IEventService,0,0,2,0,18,2,0,0,-1.0,6,3
paho.mqtt.java-0.9.0,org.eclipse.paho.mqtt.ui.core.event,IRegistration,0,0,1,0,10,1,0,0,-1.0,4,0
paho.mqtt.java-0.9.0,org.eclipse.paho.mqtt.ui.core.event,Registrations,1,0,2,2,23,3,0,0,1.0,2,1
paho.mqtt.java-0.9.0,org.eclipse.paho.mqtt.ui.core.event,Selector,7,0,27,23,118,27,0,0,0.1111111111111111,14,2
paho.mqtt.java-0.9.0,org.eclipse.paho.mqtt.ui.core.event.internal,EventService,5,0,6,5,53,6,0,0,0.0,0,3
paho.mqtt.java-0.9.0,org.eclipse.paho.mqtt.ui.core.event.internal,EventHandlerAdaptor,1,0,2,2,15,2,0,0,0.0,0,2
paho.mqtt.java-0.9.0,org.eclipse.paho.mqtt.ui.core.event.internal,Registration,1,0,2,1,15,2,0,0,0.0,0,0
paho.mqtt.java-0.9.0,org.eclipse.paho.mqtt.ui.core.internal,ConnectionManager,4,0,15,14,236,35,0,0,0.13333333333333333,1,16
paho.mqtt.java-0.9.0,org.eclipse.paho.mqtt.ui.core.internal,ConnectionCallback,1,0,4,4,22,4,0,0,0.5,0,6
paho.mqtt.java-0.9.0,org.eclipse.paho.mqtt.ui.core.model,Bindable,2,0,6,5,45,6,9,0,0.0,0,0
paho.mqtt.java-0.9.0,org.eclipse.paho.mqtt.ui.core.model,Connection,40,20,38,38,204,52,0,1,0.39473684210526316,14,8
paho.mqtt.java-0.9.0,org.eclipse.paho.mqtt.ui.core.model,Options,14,0,26,26,112,31,0,1,0.5,2,5
paho.mqtt.java-0.9.0,org.eclipse.paho.mqtt.ui.core.model,History,13,6,13,13,99,14,0,1,0.0,4,1
paho.mqtt.java-0.9.0,org.eclipse.paho.mqtt.ui.core.model,LWT,5,0,9,9,44,11,0,1,0.0,4,0
paho.mqtt.java-0.9.0,org.eclipse.paho.mqtt.ui.core.model,Login,3,0,5,5,23,5,0,1,0.4,3,0
paho.mqtt.java-0.9.0,org.eclipse.paho.mqtt.ui.core.model,Pair,2,0,5,4,34,5,0,0,0.0,5,0
paho.mqtt.java-0.9.0,org.eclipse.paho.mqtt.ui.core.model,PublishMessage,8,3,9,9,46,11,0,1,0.0,5,0
paho.mqtt.java-0.9.0,org.eclipse.paho.mqtt.ui.core.model,SSLOptions,9,4,10,10,62,14,0,1,0.0,2,0
paho.mqtt.java-0.9.0,org.eclipse.paho.mqtt.ui.core.model,ServerURI,2,0,5,5,21,5,0,1,0.4,1,0
paho.mqtt.java-0.9.0,org.eclipse.paho.mqtt.ui.core.model,Topic,11,6,9,8,78,16,0,1,0.2222222222222222,4,3
paho.mqtt.java-0.9.0,org.eclipse.paho.mqtt.ui.nls,Messages,121,120,2,1,147,2,0,0,1.0,12,1
paho.mqtt.java-0.9.0,org.eclipse.paho.mqtt.ui.support.fieldassist,ControlDecorationSupport,11,2,17,11,178,34,0,0,0.0,4,3
paho.mqtt.java-0.9.0,org.eclipse.paho.mqtt.ui.support.fieldassist,TargetDecoration,2,2,2,1,12,2,0,0,0.0,1,0
paho.mqtt.java-0.9.0,org.eclipse.paho.mqtt.ui.support.fieldassist,ControlDecorationUpdater,0,0,3,0,53,9,0,0,-1.0,1,0
paho.mqtt.java-0.9.0,org.eclipse.paho.mqtt.ui.support.provider,IValueFormatter,0,0,1,0,10,1,0,0,-1.0,3,0
paho.mqtt.java-0.9.0,org.eclipse.paho.mqtt.ui.support.provider,PropertyCellLabelProvider,2,0,2,2,29,4,0,0,0.0,0,3
paho.mqtt.java-0.9.0,org.eclipse.paho.mqtt.ui.support.table,TableViewerBuilder,3,0,17,13,135,21,0,0,0.23529411764705882,5,1
paho.mqtt.java-0.9.0,org.eclipse.paho.mqtt.ui.support.table,TableViewerColumnBuilder,12,0,13,12,123,18,0,0,0.15384615384615385,0,2
paho.mqtt.java-0.9.0,org.eclipse.paho.mqtt.ui.support.tree,TreeViewerBuilder,3,0,20,17,141,23,0,0,0.2,2,1
paho.mqtt.java-0.9.0,org.eclipse.paho.mqtt.ui.support.tree,TreeViewerColumnBuilder,9,0,11,9,100,15,0,0,0.18181818181818182,0,2
paho.mqtt.java-0.9.0,org.eclipse.paho.mqtt.ui.util,Beans,0,0,3,3,73,9,0,0,-1.0,3,0
paho.mqtt.java-0.9.0,org.eclipse.paho.mqtt.ui.util,Colors,1,0,5,5,62,8,0,0,0.4,4,1
paho.mqtt.java-0.9.0,org.eclipse.paho.mqtt.ui.util,Files,3,0,13,11,181,20,0,0,0.46153846153846156,4,2
paho.mqtt.java-0.9.0,org.eclipse.paho.mqtt.ui.util,Content,2,0,3,3,21,3,0,0,0.0,1,0
paho.mqtt.java-0.9.0,org.eclipse.paho.mqtt.ui.util,Images,4,0,8,7,107,15,0,0,0.0,10,2
paho.mqtt.java-0.9.0,org.eclipse.paho.mqtt.ui.util,Strings,3,0,15,11,212,34,0,0,0.5333333333333333,8,1
paho.mqtt.java-0.9.0,org.eclipse.paho.mqtt.ui.util,Widgets,0,0,4,4,57,13,0,0,-1.0,5,0
paho.mqtt.java-0.9.0,org.eclipse.paho.mqtt.ui.views,ConnectionEditorInput,2,0,10,10,59,18,0,0,0.4,1,3
paho.mqtt.java-0.9.0,org.eclipse.paho.mqtt.ui.views,ConnectionEditorPart,4,1,9,9,68,11,0,0,0.7777777777777778,1,9
paho.mqtt.java-0.9.0,org.eclipse.paho.mqtt.ui.views,HistoryTab,1,0,18,12,177,47,0,0,0.3888888888888889,0,14
paho.mqtt.java-0.9.0,org.eclipse.paho.mqtt.ui.views,IViewUpdater,0,0,2,0,16,2,1,0,-1.0,0,0
paho.mqtt.java-0.9.0,org.eclipse.paho.mqtt.ui.views,LastMessageTab,2,0,15,11,125,18,0,0,0.4666666666666667,0,14
paho.mqtt.java-0.9.0,org.eclipse.paho.mqtt.ui.views,MQTTTab,8,0,43,39,595,77,0,0,0.32558139534883723,0,22
paho.mqtt.java-0.9.0,org.eclipse.paho.mqtt.ui.views,MessageViewerDialog,4,0,6,1,163,11,0,0,0.5,0,5
paho.mqtt.java-0.9.0,org.eclipse.paho.mqtt.ui.views,NavigationView,9,1,24,19,180,40,0,0,0.4583333333333333,1,12
paho.mqtt.java-0.9.0,org.eclipse.paho.mqtt.ui.views,NavTreeEditor,1,0,5,1,27,6,0,0,0.8,0,4
paho.mqtt.java-0.9.0,org.eclipse.paho.mqtt.ui.views,TreeTextCellEditor,1,0,2,2,19,4,0,0,0.0,0,0
paho.mqtt.java-0.9.0,org.eclipse.paho.mqtt.ui.views,OptionsTab,15,0,46,40,749,91,0,0,0.2391304347826087,0,17
paho.mqtt.java-0.9.0,org.eclipse.paho.mqtt.ui.views,ViewUpdater,0,0,2,2,11,2,0,1,-1.0,2,0
paho.mqtt.java-0.9.0,org.eclipse.paho.mqtt.ui.views.editor,ServerUriCellEditor,1,0,6,2,32,6,0,0,0.8333333333333334,0,0
paho.mqtt.java-0.9.0,org.eclipse.paho.mqtt.ui.views.editor,TopicQosCellEditor,1,0,5,1,32,6,0,0,0.8,0,0
paho.mqtt.java-0.9.0,org.eclipse.paho.mqtt.ui.views.editor,TopicStringCellEditor,1,0,6,2,36,7,0,0,0.8333333333333334,0,0
paho.mqtt.java-0.9.0,org.eclipse.paho.mqtt.ui.views.provider,NavTreeContentProvider,0,0,6,6,26,7,0,0,-1.0,0,0
paho.mqtt.java-0.9.0,org.eclipse.paho.mqtt.ui.views.provider,NavTreeLabelProvider,0,0,2,2,12,2,0,0,-1.0,0,1
