Project Name,Package Name,Type Name,Method Name,Code Smell
paho.mqtt.java-0.2,org.eclipse.paho.client.mqttv3.internal.logBuilder,LogMessageExtractor,main,Complex Conditional
paho.mqtt.java-0.2,org.eclipse.paho.client.mqttv3.internal.logBuilder,LogMessageExtractor,main,Magic Number
paho.mqtt.java-0.2,org.eclipse.paho.client.mqttv3.internal.logBuilder,LogMessageExtractor,main,Magic Number
paho.mqtt.java-0.2,org.eclipse.paho.client.mqttv3.internal.logBuilder,LogMessageExtractor,main,Magic Number
paho.mqtt.java-0.2,org.eclipse.paho.client.mqttv3.internal.logBuilder,LogMessageExtractor,usageAndExit,Long Statement
paho.mqtt.java-0.2,org.eclipse.paho.client.mqttv3.internal.logBuilder,LogMessageExtractor,parseFile,Magic Number
paho.mqtt.java-0.2,org.eclipse.paho.client.mqttv3.internal.logBuilder,LogMessageExtractor,parseFile,Magic Number
paho.mqtt.java-0.2,org.eclipse.paho.client.mqttv3,IMqttAsyncClient,publish,Long Parameter List
paho.mqtt.java-0.2,org.eclipse.paho.client.mqttv3,MqttAsyncClient,MqttAsyncClient,Complex Conditional
paho.mqtt.java-0.2,org.eclipse.paho.client.mqttv3,MqttAsyncClient,MqttAsyncClient,Magic Number
paho.mqtt.java-0.2,org.eclipse.paho.client.mqttv3,MqttAsyncClient,createNetworkModule,Complex Method
paho.mqtt.java-0.2,org.eclipse.paho.client.mqttv3,MqttAsyncClient,createNetworkModule,Magic Number
paho.mqtt.java-0.2,org.eclipse.paho.client.mqttv3,MqttAsyncClient,createNetworkModule,Magic Number
paho.mqtt.java-0.2,org.eclipse.paho.client.mqttv3,MqttAsyncClient,createNetworkModule,Magic Number
paho.mqtt.java-0.2,org.eclipse.paho.client.mqttv3,MqttAsyncClient,createNetworkModule,Magic Number
paho.mqtt.java-0.2,org.eclipse.paho.client.mqttv3,MqttAsyncClient,createNetworkModule,Magic Number
paho.mqtt.java-0.2,org.eclipse.paho.client.mqttv3,MqttAsyncClient,createNetworkModule,Missing default
paho.mqtt.java-0.2,org.eclipse.paho.client.mqttv3,MqttAsyncClient,connect,Long Statement
paho.mqtt.java-0.2,org.eclipse.paho.client.mqttv3,MqttAsyncClient,disconnect,Magic Number
paho.mqtt.java-0.2,org.eclipse.paho.client.mqttv3,MqttAsyncClient,publish,Long Parameter List
paho.mqtt.java-0.2,org.eclipse.paho.client.mqttv3,MqttClient,disconnect,Magic Number
paho.mqtt.java-0.2,org.eclipse.paho.client.mqttv3,MqttMessage,validateQos,Magic Number
paho.mqtt.java-0.2,org.eclipse.paho.client.mqttv3.internal,ClientComms,sendNoWait,Complex Conditional
paho.mqtt.java-0.2,org.eclipse.paho.client.mqttv3.internal,ClientComms,sendNoWait,Long Statement
paho.mqtt.java-0.2,org.eclipse.paho.client.mqttv3.internal,ClientComms,connect,Long Statement
paho.mqtt.java-0.2,org.eclipse.paho.client.mqttv3.internal,ClientComms,shutdownConnection,Complex Method
paho.mqtt.java-0.2,org.eclipse.paho.client.mqttv3.internal,ClientComms,shutdownConnection,Empty catch clause
paho.mqtt.java-0.2,org.eclipse.paho.client.mqttv3.internal,ClientComms,shutdownConnection,Empty catch clause
paho.mqtt.java-0.2,org.eclipse.paho.client.mqttv3.internal,ClientComms,shutdownConnection,Empty catch clause
paho.mqtt.java-0.2,org.eclipse.paho.client.mqttv3.internal,ClientComms,shutdownConnection,Empty catch clause
paho.mqtt.java-0.2,org.eclipse.paho.client.mqttv3.internal,ClientComms,handleOldTokens,Empty catch clause
paho.mqtt.java-0.2,org.eclipse.paho.client.mqttv3.internal,ClientComms,run,Empty catch clause
paho.mqtt.java-0.2,org.eclipse.paho.client.mqttv3.internal,DisconnectBG,run,Empty catch clause
paho.mqtt.java-0.2,org.eclipse.paho.client.mqttv3.internal,ClientState,setKeepAliveSecs,Magic Number
paho.mqtt.java-0.2,org.eclipse.paho.client.mqttv3.internal,ClientState,restoreState,Complex Method
paho.mqtt.java-0.2,org.eclipse.paho.client.mqttv3.internal,ClientState,restoreState,Magic Number
paho.mqtt.java-0.2,org.eclipse.paho.client.mqttv3.internal,ClientState,send,Complex Method
paho.mqtt.java-0.2,org.eclipse.paho.client.mqttv3.internal,ClientState,send,Empty catch clause
paho.mqtt.java-0.2,org.eclipse.paho.client.mqttv3.internal,ClientState,send,Long Statement
paho.mqtt.java-0.2,org.eclipse.paho.client.mqttv3.internal,ClientState,send,Magic Number
paho.mqtt.java-0.2,org.eclipse.paho.client.mqttv3.internal,ClientState,undo,Long Statement
paho.mqtt.java-0.2,org.eclipse.paho.client.mqttv3.internal,ClientState,checkForActivity,Long Statement
paho.mqtt.java-0.2,org.eclipse.paho.client.mqttv3.internal,ClientState,checkForActivity,Long Statement
paho.mqtt.java-0.2,org.eclipse.paho.client.mqttv3.internal,ClientState,get,Complex Conditional
paho.mqtt.java-0.2,org.eclipse.paho.client.mqttv3.internal,ClientState,get,Complex Method
paho.mqtt.java-0.2,org.eclipse.paho.client.mqttv3.internal,ClientState,get,Empty catch clause
paho.mqtt.java-0.2,org.eclipse.paho.client.mqttv3.internal,ClientState,getTimeUntilPing,Complex Conditional
paho.mqtt.java-0.2,org.eclipse.paho.client.mqttv3.internal,ClientState,getTimeUntilPing,Magic Number
paho.mqtt.java-0.2,org.eclipse.paho.client.mqttv3.internal,ClientState,checkQuiesceLock,Complex Conditional
paho.mqtt.java-0.2,org.eclipse.paho.client.mqttv3.internal,ClientState,checkQuiesceLock,Long Statement
paho.mqtt.java-0.2,org.eclipse.paho.client.mqttv3.internal,ClientState,notifyReceivedMsg,Complex Method
paho.mqtt.java-0.2,org.eclipse.paho.client.mqttv3.internal,ClientState,notifyReceivedMsg,Magic Number
paho.mqtt.java-0.2,org.eclipse.paho.client.mqttv3.internal,ClientState,notifyResult,Complex Conditional
paho.mqtt.java-0.2,org.eclipse.paho.client.mqttv3.internal,ClientState,resolveOldTokens,Complex Conditional
paho.mqtt.java-0.2,org.eclipse.paho.client.mqttv3.internal,ClientState,disconnected,Empty catch clause
paho.mqtt.java-0.2,org.eclipse.paho.client.mqttv3.internal,ClientState,getNextMessageId,Magic Number
paho.mqtt.java-0.2,org.eclipse.paho.client.mqttv3.internal,ClientState,quiesce,Complex Conditional
paho.mqtt.java-0.2,org.eclipse.paho.client.mqttv3.internal,ClientState,quiesce,Empty catch clause
paho.mqtt.java-0.2,org.eclipse.paho.client.mqttv3.internal,ClientState,quiesce,Long Statement
paho.mqtt.java-0.2,org.eclipse.paho.client.mqttv3.internal,CommsCallback,stop,Empty catch clause
paho.mqtt.java-0.2,org.eclipse.paho.client.mqttv3.internal,CommsCallback,run,Empty catch clause
paho.mqtt.java-0.2,org.eclipse.paho.client.mqttv3.internal,CommsCallback,handleActionComplete,Complex Conditional
paho.mqtt.java-0.2,org.eclipse.paho.client.mqttv3.internal,CommsCallback,messageArrived,Empty catch clause
paho.mqtt.java-0.2,org.eclipse.paho.client.mqttv3.internal,CommsCallback,isQuiesced,Complex Conditional
paho.mqtt.java-0.2,org.eclipse.paho.client.mqttv3.internal,CommsCallback,handleMessage,Magic Number
paho.mqtt.java-0.2,org.eclipse.paho.client.mqttv3.internal,CommsReceiver,stop,Empty catch clause
paho.mqtt.java-0.2,org.eclipse.paho.client.mqttv3.internal,CommsSender,stop,Empty catch clause
paho.mqtt.java-0.2,org.eclipse.paho.client.mqttv3.internal,CommsTokenStore,getOutstandingDelTokens,Complex Conditional
paho.mqtt.java-0.2,org.eclipse.paho.client.mqttv3.internal,ExceptionHelper,createMqttException,Long Statement
paho.mqtt.java-0.2,org.eclipse.paho.client.mqttv3.internal,ExceptionHelper,isClassAvailable,Empty catch clause
paho.mqtt.java-0.2,org.eclipse.paho.client.mqttv3.internal,FileLock,release,Empty catch clause
paho.mqtt.java-0.2,org.eclipse.paho.client.mqttv3.internal,FileLock,release,Empty catch clause
paho.mqtt.java-0.2,org.eclipse.paho.client.mqttv3.internal,LocalNetworkModule,start,Empty catch clause
paho.mqtt.java-0.2,org.eclipse.paho.client.mqttv3.internal,LocalNetworkModule,getInputStream,Empty catch clause
paho.mqtt.java-0.2,org.eclipse.paho.client.mqttv3.internal,LocalNetworkModule,getOutputStream,Empty catch clause
paho.mqtt.java-0.2,org.eclipse.paho.client.mqttv3.internal,LocalNetworkModule,stop,Empty catch clause
paho.mqtt.java-0.2,org.eclipse.paho.client.mqttv3.internal,MqttPersistentData,MqttPersistentData,Long Parameter List
paho.mqtt.java-0.2,org.eclipse.paho.client.mqttv3.internal,SSLNetworkModule,start,Magic Number
paho.mqtt.java-0.2,org.eclipse.paho.client.mqttv3.internal,TCPNetworkModule,start,Magic Number
paho.mqtt.java-0.2,org.eclipse.paho.client.mqttv3.internal,TCPNetworkModule,start,Magic Number
paho.mqtt.java-0.2,org.eclipse.paho.client.mqttv3.internal,Token,waitForResponse,Long Statement
paho.mqtt.java-0.2,org.eclipse.paho.client.mqttv3.internal,Token,waitUntilSent,Empty catch clause
paho.mqtt.java-0.2,org.eclipse.paho.client.mqttv3.internal.security,SSLSocketFactoryFactory,toChar,Magic Number
paho.mqtt.java-0.2,org.eclipse.paho.client.mqttv3.internal.security,SSLSocketFactoryFactory,toChar,Magic Number
paho.mqtt.java-0.2,org.eclipse.paho.client.mqttv3.internal.security,SSLSocketFactoryFactory,toChar,Magic Number
paho.mqtt.java-0.2,org.eclipse.paho.client.mqttv3.internal.security,SSLSocketFactoryFactory,toChar,Magic Number
paho.mqtt.java-0.2,org.eclipse.paho.client.mqttv3.internal.security,SSLSocketFactoryFactory,toByte,Magic Number
paho.mqtt.java-0.2,org.eclipse.paho.client.mqttv3.internal.security,SSLSocketFactoryFactory,toByte,Magic Number
paho.mqtt.java-0.2,org.eclipse.paho.client.mqttv3.internal.security,SSLSocketFactoryFactory,toByte,Magic Number
paho.mqtt.java-0.2,org.eclipse.paho.client.mqttv3.internal.security,SSLSocketFactoryFactory,toByte,Magic Number
paho.mqtt.java-0.2,org.eclipse.paho.client.mqttv3.internal.security,SSLSocketFactoryFactory,obfuscate,Magic Number
paho.mqtt.java-0.2,org.eclipse.paho.client.mqttv3.internal.security,SSLSocketFactoryFactory,deObfuscate,Magic Number
paho.mqtt.java-0.2,org.eclipse.paho.client.mqttv3.internal.security,SSLSocketFactoryFactory,getSSLContext,Complex Conditional
paho.mqtt.java-0.2,org.eclipse.paho.client.mqttv3.internal.security,SSLSocketFactoryFactory,getSSLContext,Complex Conditional
paho.mqtt.java-0.2,org.eclipse.paho.client.mqttv3.internal.security,SSLSocketFactoryFactory,getSSLContext,Complex Method
paho.mqtt.java-0.2,org.eclipse.paho.client.mqttv3.internal.security,SSLSocketFactoryFactory,getSSLContext,Long Method
paho.mqtt.java-0.2,org.eclipse.paho.client.mqttv3.internal.security,SSLSocketFactoryFactory,getSSLContext,Long Statement
paho.mqtt.java-0.2,org.eclipse.paho.client.mqttv3.internal.security,SSLSocketFactoryFactory,getSSLContext,Long Statement
paho.mqtt.java-0.2,org.eclipse.paho.client.mqttv3.internal.security,SSLSocketFactoryFactory,getSSLContext,Long Statement
paho.mqtt.java-0.2,org.eclipse.paho.client.mqttv3.internal.security,SSLSocketFactoryFactory,getSSLContext,Long Statement
paho.mqtt.java-0.2,org.eclipse.paho.client.mqttv3.internal.security,SSLSocketFactoryFactory,getSSLContext,Long Statement
paho.mqtt.java-0.2,org.eclipse.paho.client.mqttv3.internal.security,SSLSocketFactoryFactory,getSSLContext,Long Statement
paho.mqtt.java-0.2,org.eclipse.paho.client.mqttv3.internal.security,SSLSocketFactoryFactory,getSSLContext,Long Statement
paho.mqtt.java-0.2,org.eclipse.paho.client.mqttv3.internal.security,SSLSocketFactoryFactory,getSSLContext,Long Statement
paho.mqtt.java-0.2,org.eclipse.paho.client.mqttv3.internal.security,SSLSocketFactoryFactory,getSSLContext,Long Statement
paho.mqtt.java-0.2,org.eclipse.paho.client.mqttv3.internal.security,SSLSocketFactoryFactory,getSSLContext,Long Statement
paho.mqtt.java-0.2,org.eclipse.paho.client.mqttv3.internal.security,SSLSocketFactoryFactory,getSSLContext,Long Statement
paho.mqtt.java-0.2,org.eclipse.paho.client.mqttv3.internal.security,SSLSocketFactoryFactory,getSSLContext,Long Statement
paho.mqtt.java-0.2,org.eclipse.paho.client.mqttv3.internal.security,SSLSocketFactoryFactory,createSocketFactory,Long Statement
paho.mqtt.java-0.2,org.eclipse.paho.client.mqttv3.internal.security,SimpleBase64Encoder,encode,Magic Number
paho.mqtt.java-0.2,org.eclipse.paho.client.mqttv3.internal.security,SimpleBase64Encoder,encode,Magic Number
paho.mqtt.java-0.2,org.eclipse.paho.client.mqttv3.internal.security,SimpleBase64Encoder,encode,Magic Number
paho.mqtt.java-0.2,org.eclipse.paho.client.mqttv3.internal.security,SimpleBase64Encoder,encode,Magic Number
paho.mqtt.java-0.2,org.eclipse.paho.client.mqttv3.internal.security,SimpleBase64Encoder,encode,Magic Number
paho.mqtt.java-0.2,org.eclipse.paho.client.mqttv3.internal.security,SimpleBase64Encoder,encode,Magic Number
paho.mqtt.java-0.2,org.eclipse.paho.client.mqttv3.internal.security,SimpleBase64Encoder,encode,Magic Number
paho.mqtt.java-0.2,org.eclipse.paho.client.mqttv3.internal.security,SimpleBase64Encoder,encode,Magic Number
paho.mqtt.java-0.2,org.eclipse.paho.client.mqttv3.internal.security,SimpleBase64Encoder,encode,Magic Number
paho.mqtt.java-0.2,org.eclipse.paho.client.mqttv3.internal.security,SimpleBase64Encoder,encode,Magic Number
paho.mqtt.java-0.2,org.eclipse.paho.client.mqttv3.internal.security,SimpleBase64Encoder,encode,Magic Number
paho.mqtt.java-0.2,org.eclipse.paho.client.mqttv3.internal.security,SimpleBase64Encoder,encode,Magic Number
paho.mqtt.java-0.2,org.eclipse.paho.client.mqttv3.internal.security,SimpleBase64Encoder,encode,Magic Number
paho.mqtt.java-0.2,org.eclipse.paho.client.mqttv3.internal.security,SimpleBase64Encoder,encode,Magic Number
paho.mqtt.java-0.2,org.eclipse.paho.client.mqttv3.internal.security,SimpleBase64Encoder,encode,Magic Number
paho.mqtt.java-0.2,org.eclipse.paho.client.mqttv3.internal.security,SimpleBase64Encoder,encode,Magic Number
paho.mqtt.java-0.2,org.eclipse.paho.client.mqttv3.internal.security,SimpleBase64Encoder,encode,Magic Number
paho.mqtt.java-0.2,org.eclipse.paho.client.mqttv3.internal.security,SimpleBase64Encoder,encode,Magic Number
paho.mqtt.java-0.2,org.eclipse.paho.client.mqttv3.internal.security,SimpleBase64Encoder,encode,Magic Number
paho.mqtt.java-0.2,org.eclipse.paho.client.mqttv3.internal.security,SimpleBase64Encoder,encode,Magic Number
paho.mqtt.java-0.2,org.eclipse.paho.client.mqttv3.internal.security,SimpleBase64Encoder,decode,Magic Number
paho.mqtt.java-0.2,org.eclipse.paho.client.mqttv3.internal.security,SimpleBase64Encoder,decode,Magic Number
paho.mqtt.java-0.2,org.eclipse.paho.client.mqttv3.internal.security,SimpleBase64Encoder,decode,Magic Number
paho.mqtt.java-0.2,org.eclipse.paho.client.mqttv3.internal.security,SimpleBase64Encoder,decode,Magic Number
paho.mqtt.java-0.2,org.eclipse.paho.client.mqttv3.internal.security,SimpleBase64Encoder,decode,Magic Number
paho.mqtt.java-0.2,org.eclipse.paho.client.mqttv3.internal.security,SimpleBase64Encoder,decode,Magic Number
paho.mqtt.java-0.2,org.eclipse.paho.client.mqttv3.internal.security,SimpleBase64Encoder,decode,Magic Number
paho.mqtt.java-0.2,org.eclipse.paho.client.mqttv3.internal.security,SimpleBase64Encoder,decode,Magic Number
paho.mqtt.java-0.2,org.eclipse.paho.client.mqttv3.internal.security,SimpleBase64Encoder,decode,Magic Number
paho.mqtt.java-0.2,org.eclipse.paho.client.mqttv3.internal.security,SimpleBase64Encoder,decode,Magic Number
paho.mqtt.java-0.2,org.eclipse.paho.client.mqttv3.internal.security,SimpleBase64Encoder,decode,Magic Number
paho.mqtt.java-0.2,org.eclipse.paho.client.mqttv3.internal.security,SimpleBase64Encoder,decode,Magic Number
paho.mqtt.java-0.2,org.eclipse.paho.client.mqttv3.internal.security,SimpleBase64Encoder,decode,Magic Number
paho.mqtt.java-0.2,org.eclipse.paho.client.mqttv3.internal.security,SimpleBase64Encoder,decode,Magic Number
paho.mqtt.java-0.2,org.eclipse.paho.client.mqttv3.internal.security,SimpleBase64Encoder,decode,Magic Number
paho.mqtt.java-0.2,org.eclipse.paho.client.mqttv3.internal.security,SimpleBase64Encoder,decode,Magic Number
paho.mqtt.java-0.2,org.eclipse.paho.client.mqttv3.internal.security,SimpleBase64Encoder,decode,Magic Number
paho.mqtt.java-0.2,org.eclipse.paho.client.mqttv3.internal.security,SimpleBase64Encoder,to64,Magic Number
paho.mqtt.java-0.2,org.eclipse.paho.client.mqttv3.internal.security,SimpleBase64Encoder,to64,Magic Number
paho.mqtt.java-0.2,org.eclipse.paho.client.mqttv3.internal.security,SimpleBase64Encoder,from64,Magic Number
paho.mqtt.java-0.2,org.eclipse.paho.client.mqttv3.internal.security,SimpleBase64Encoder,from64,Magic Number
paho.mqtt.java-0.2,org.eclipse.paho.client.mqttv3.internal.security,SimpleBase64Encoder,from64,Magic Number
paho.mqtt.java-0.2,org.eclipse.paho.client.mqttv3.internal.security,SimpleBase64Encoder,from64,Magic Number
paho.mqtt.java-0.2,org.eclipse.paho.client.mqttv3.internal.wire,MqttConnect,MqttConnect,Long Parameter List
paho.mqtt.java-0.2,org.eclipse.paho.client.mqttv3.internal.wire,MqttConnect,getVariableHeader,Magic Number
paho.mqtt.java-0.2,org.eclipse.paho.client.mqttv3.internal.wire,MqttConnect,getVariableHeader,Magic Number
paho.mqtt.java-0.2,org.eclipse.paho.client.mqttv3.internal.wire,MqttConnect,getVariableHeader,Magic Number
paho.mqtt.java-0.2,org.eclipse.paho.client.mqttv3.internal.wire,MqttConnect,getVariableHeader,Magic Number
paho.mqtt.java-0.2,org.eclipse.paho.client.mqttv3.internal.wire,MqttConnect,getVariableHeader,Magic Number
paho.mqtt.java-0.2,org.eclipse.paho.client.mqttv3.internal.wire,MqttConnect,getVariableHeader,Magic Number
paho.mqtt.java-0.2,org.eclipse.paho.client.mqttv3.internal.wire,MqttConnect,getVariableHeader,Magic Number
paho.mqtt.java-0.2,org.eclipse.paho.client.mqttv3.internal.wire,MqttInputStream,readMqttWireMessage,Magic Number
paho.mqtt.java-0.2,org.eclipse.paho.client.mqttv3.internal.wire,MqttInputStream,readMqttWireMessage,Magic Number
paho.mqtt.java-0.2,org.eclipse.paho.client.mqttv3.internal.wire,MqttPubRel,getMessageInfo,Magic Number
paho.mqtt.java-0.2,org.eclipse.paho.client.mqttv3.internal.wire,MqttPubRel,getMessageInfo,Magic Number
paho.mqtt.java-0.2,org.eclipse.paho.client.mqttv3.internal.wire,MqttPublish,MqttPublish,Magic Number
paho.mqtt.java-0.2,org.eclipse.paho.client.mqttv3.internal.wire,MqttPublish,MqttPublish,Magic Number
paho.mqtt.java-0.2,org.eclipse.paho.client.mqttv3.internal.wire,MqttPublish,MqttPublish,Magic Number
paho.mqtt.java-0.2,org.eclipse.paho.client.mqttv3.internal.wire,MqttPublish,getMessageInfo,Magic Number
paho.mqtt.java-0.2,org.eclipse.paho.client.mqttv3.internal.wire,MqttPublish,getPayloadLength,Empty catch clause
paho.mqtt.java-0.2,org.eclipse.paho.client.mqttv3.internal.wire,MqttSuback,MqttSuback,Magic Number
paho.mqtt.java-0.2,org.eclipse.paho.client.mqttv3.internal.wire,MqttSubscribe,getMessageInfo,Magic Number
paho.mqtt.java-0.2,org.eclipse.paho.client.mqttv3.internal.wire,MqttSubscribe,getMessageInfo,Magic Number
paho.mqtt.java-0.2,org.eclipse.paho.client.mqttv3.internal.wire,MqttUnsubscribe,getMessageInfo,Magic Number
paho.mqtt.java-0.2,org.eclipse.paho.client.mqttv3.internal.wire,MqttUnsubscribe,getMessageInfo,Magic Number
paho.mqtt.java-0.2,org.eclipse.paho.client.mqttv3.internal.wire,MqttWireMessage,getHeader,Magic Number
paho.mqtt.java-0.2,org.eclipse.paho.client.mqttv3.internal.wire,MqttWireMessage,getHeader,Magic Number
paho.mqtt.java-0.2,org.eclipse.paho.client.mqttv3.internal.wire,MqttWireMessage,getHeader,Magic Number
paho.mqtt.java-0.2,org.eclipse.paho.client.mqttv3.internal.wire,MqttWireMessage,createWireMessage,Long Statement
paho.mqtt.java-0.2,org.eclipse.paho.client.mqttv3.internal.wire,MqttWireMessage,createWireMessage,Complex Method
paho.mqtt.java-0.2,org.eclipse.paho.client.mqttv3.internal.wire,MqttWireMessage,createWireMessage,Magic Number
paho.mqtt.java-0.2,org.eclipse.paho.client.mqttv3.internal.wire,MqttWireMessage,createWireMessage,Magic Number
paho.mqtt.java-0.2,org.eclipse.paho.client.mqttv3.internal.wire,MqttWireMessage,encodeMBI,Magic Number
paho.mqtt.java-0.2,org.eclipse.paho.client.mqttv3.internal.wire,MqttWireMessage,encodeMBI,Magic Number
paho.mqtt.java-0.2,org.eclipse.paho.client.mqttv3.internal.wire,MqttWireMessage,encodeMBI,Magic Number
paho.mqtt.java-0.2,org.eclipse.paho.client.mqttv3.internal.wire,MqttWireMessage,encodeMBI,Magic Number
paho.mqtt.java-0.2,org.eclipse.paho.client.mqttv3.internal.wire,MqttWireMessage,readMBI,Magic Number
paho.mqtt.java-0.2,org.eclipse.paho.client.mqttv3.internal.wire,MqttWireMessage,readMBI,Magic Number
paho.mqtt.java-0.2,org.eclipse.paho.client.mqttv3.internal.wire,MqttWireMessage,readMBI,Magic Number
paho.mqtt.java-0.2,org.eclipse.paho.client.mqttv3.internal.wire,MqttWireMessage,encodeUTF8,Magic Number
paho.mqtt.java-0.2,org.eclipse.paho.client.mqttv3.internal.wire,MqttWireMessage,encodeUTF8,Magic Number
paho.mqtt.java-0.2,org.eclipse.paho.client.mqttv3.internal.wire,MqttWireMessage,encodeUTF8,Magic Number
paho.mqtt.java-0.2,org.eclipse.paho.client.mqttv3.internal.wire,MultiByteArrayInputStream,MultiByteArrayInputStream,Long Parameter List
paho.mqtt.java-0.2,org.eclipse.paho.client.mqttv3.internal.wire,MultiByteArrayInputStream,read,Magic Number
paho.mqtt.java-0.2,org.eclipse.paho.client.mqttv3.logging,JSR47Logger,severe,Long Parameter List
paho.mqtt.java-0.2,org.eclipse.paho.client.mqttv3.logging,JSR47Logger,warning,Long Parameter List
paho.mqtt.java-0.2,org.eclipse.paho.client.mqttv3.logging,JSR47Logger,info,Long Parameter List
paho.mqtt.java-0.2,org.eclipse.paho.client.mqttv3.logging,JSR47Logger,config,Long Parameter List
paho.mqtt.java-0.2,org.eclipse.paho.client.mqttv3.logging,JSR47Logger,log,Long Parameter List
paho.mqtt.java-0.2,org.eclipse.paho.client.mqttv3.logging,JSR47Logger,fine,Long Parameter List
paho.mqtt.java-0.2,org.eclipse.paho.client.mqttv3.logging,JSR47Logger,finer,Long Parameter List
paho.mqtt.java-0.2,org.eclipse.paho.client.mqttv3.logging,JSR47Logger,finest,Long Parameter List
paho.mqtt.java-0.2,org.eclipse.paho.client.mqttv3.logging,JSR47Logger,trace,Long Parameter List
paho.mqtt.java-0.2,org.eclipse.paho.client.mqttv3.logging,JSR47Logger,logToJsr47,Long Parameter List
paho.mqtt.java-0.2,org.eclipse.paho.client.mqttv3.logging,JSR47Logger,mapJULLevel,Complex Method
paho.mqtt.java-0.2,org.eclipse.paho.client.mqttv3.logging,Logger,severe,Long Parameter List
paho.mqtt.java-0.2,org.eclipse.paho.client.mqttv3.logging,Logger,warning,Long Parameter List
paho.mqtt.java-0.2,org.eclipse.paho.client.mqttv3.logging,Logger,info,Long Parameter List
paho.mqtt.java-0.2,org.eclipse.paho.client.mqttv3.logging,Logger,config,Long Parameter List
paho.mqtt.java-0.2,org.eclipse.paho.client.mqttv3.logging,Logger,fine,Long Parameter List
paho.mqtt.java-0.2,org.eclipse.paho.client.mqttv3.logging,Logger,finer,Long Parameter List
paho.mqtt.java-0.2,org.eclipse.paho.client.mqttv3.logging,Logger,finest,Long Parameter List
paho.mqtt.java-0.2,org.eclipse.paho.client.mqttv3.logging,Logger,log,Long Parameter List
paho.mqtt.java-0.2,org.eclipse.paho.client.mqttv3.logging,Logger,trace,Long Parameter List
paho.mqtt.java-0.2,org.eclipse.paho.client.mqttv3.logging,SimpleLogFormatter,format,Empty catch clause
paho.mqtt.java-0.2,org.eclipse.paho.client.mqttv3.logging,SimpleLogFormatter,format,Long Statement
paho.mqtt.java-0.2,org.eclipse.paho.client.mqttv3.logging,SimpleLogFormatter,format,Magic Number
paho.mqtt.java-0.2,org.eclipse.paho.client.mqttv3.logging,SimpleLogFormatter,format,Magic Number
paho.mqtt.java-0.2,org.eclipse.paho.client.mqttv3.logging,SimpleLogFormatter,format,Magic Number
paho.mqtt.java-0.2,org.eclipse.paho.client.mqttv3.persist,MqttDefaultFilePersistence,open,Complex Method
paho.mqtt.java-0.2,org.eclipse.paho.client.mqttv3.persist,MqttDefaultFilePersistence,restoreBackups,Long Statement
paho.mqtt.java-0.2,org.eclipse.paho.client.mqttv3.util,Debug,dumpVersion,Magic Number
paho.mqtt.java-0.2,org.eclipse.paho.client.mqttv3.util,Debug,dumpVersion,Magic Number
paho.mqtt.java-0.2,org.eclipse.paho.client.mqttv3.util,Debug,dumpProperties,Magic Number
paho.mqtt.java-0.2,org.eclipse.paho.sample.mqttv3app,Sample,main,Complex Method
paho.mqtt.java-0.2,org.eclipse.paho.sample.mqttv3app,Sample,main,Long Method
paho.mqtt.java-0.2,org.eclipse.paho.sample.mqttv3app,Sample,main,Magic Number
paho.mqtt.java-0.2,org.eclipse.paho.sample.mqttv3app,Sample,main,Magic Number
paho.mqtt.java-0.2,org.eclipse.paho.sample.mqttv3app,Sample,main,Magic Number
paho.mqtt.java-0.2,org.eclipse.paho.sample.mqttv3app,Sample,main,Magic Number
paho.mqtt.java-0.2,org.eclipse.paho.sample.mqttv3app,Sample,main,Missing default
paho.mqtt.java-0.2,org.eclipse.paho.sample.mqttv3app,Sample,Sample,Long Parameter List
paho.mqtt.java-0.2,org.eclipse.paho.sample.mqttv3app,Sample,subscribe,Empty catch clause
paho.mqtt.java-0.2,org.eclipse.paho.sample.mqttv3app,Sample,messageArrived,Long Statement
paho.mqtt.java-0.2,org.eclipse.paho.sample.mqttv3app,Sample,printHelp,Long Statement
paho.mqtt.java-0.2,org.eclipse.paho.sample.mqttv3app,SampleAsyncCallBack,main,Complex Method
paho.mqtt.java-0.2,org.eclipse.paho.sample.mqttv3app,SampleAsyncCallBack,main,Long Method
paho.mqtt.java-0.2,org.eclipse.paho.sample.mqttv3app,SampleAsyncCallBack,main,Magic Number
paho.mqtt.java-0.2,org.eclipse.paho.sample.mqttv3app,SampleAsyncCallBack,main,Magic Number
paho.mqtt.java-0.2,org.eclipse.paho.sample.mqttv3app,SampleAsyncCallBack,main,Magic Number
paho.mqtt.java-0.2,org.eclipse.paho.sample.mqttv3app,SampleAsyncCallBack,main,Magic Number
paho.mqtt.java-0.2,org.eclipse.paho.sample.mqttv3app,SampleAsyncCallBack,main,Missing default
paho.mqtt.java-0.2,org.eclipse.paho.sample.mqttv3app,SampleAsyncCallBack,SampleAsyncCallBack,Long Parameter List
paho.mqtt.java-0.2,org.eclipse.paho.sample.mqttv3app,SampleAsyncCallBack,publish,Complex Method
paho.mqtt.java-0.2,org.eclipse.paho.sample.mqttv3app,SampleAsyncCallBack,publish,Magic Number
paho.mqtt.java-0.2,org.eclipse.paho.sample.mqttv3app,SampleAsyncCallBack,subscribe,Complex Method
paho.mqtt.java-0.2,org.eclipse.paho.sample.mqttv3app,SampleAsyncCallBack,subscribe,Empty catch clause
paho.mqtt.java-0.2,org.eclipse.paho.sample.mqttv3app,SampleAsyncCallBack,subscribe,Magic Number
paho.mqtt.java-0.2,org.eclipse.paho.sample.mqttv3app,SampleAsyncCallBack,messageArrived,Long Statement
paho.mqtt.java-0.2,org.eclipse.paho.sample.mqttv3app,SampleAsyncCallBack,printHelp,Long Statement
paho.mqtt.java-0.2,org.eclipse.paho.sample.mqttv3app,SampleAsyncWait,main,Complex Method
paho.mqtt.java-0.2,org.eclipse.paho.sample.mqttv3app,SampleAsyncWait,main,Long Method
paho.mqtt.java-0.2,org.eclipse.paho.sample.mqttv3app,SampleAsyncWait,main,Magic Number
paho.mqtt.java-0.2,org.eclipse.paho.sample.mqttv3app,SampleAsyncWait,main,Magic Number
paho.mqtt.java-0.2,org.eclipse.paho.sample.mqttv3app,SampleAsyncWait,main,Magic Number
paho.mqtt.java-0.2,org.eclipse.paho.sample.mqttv3app,SampleAsyncWait,main,Magic Number
paho.mqtt.java-0.2,org.eclipse.paho.sample.mqttv3app,SampleAsyncWait,main,Missing default
paho.mqtt.java-0.2,org.eclipse.paho.sample.mqttv3app,SampleAsyncWait,SampleAsyncWait,Long Parameter List
paho.mqtt.java-0.2,org.eclipse.paho.sample.mqttv3app,SampleAsyncWait,subscribe,Empty catch clause
paho.mqtt.java-0.2,org.eclipse.paho.sample.mqttv3app,SampleAsyncWait,messageArrived,Long Statement
paho.mqtt.java-0.2,org.eclipse.paho.sample.mqttv3app,SampleAsyncWait,printHelp,Long Statement
