Project Name,Package Name,Type Name,NOF,NOPF,NOM,NOPM,LOC,WMC,NC,DIT,LCOM,FANIN,FANOUT
paho.mqtt.java-0.2.1,org.eclipse.paho.client.mqttv3.internal.logBuilder,LogMessageExtractor,5,0,6,5,116,20,0,0,0.0,1,1
paho.mqtt.java-0.2.1,org.eclipse.paho.client.mqttv3,IMqttActionListener,0,0,2,2,15,2,0,0,-1.0,11,1
paho.mqtt.java-0.2.1,org.eclipse.paho.client.mqttv3,IMqttAsyncClient,0,0,26,26,238,26,1,0,-1.0,2,4
paho.mqtt.java-0.2.1,org.eclipse.paho.client.mqttv3,IMqttClient,0,0,19,19,135,19,1,0,-1.0,0,3
paho.mqtt.java-0.2.1,org.eclipse.paho.client.mqttv3,IMqttDeliveryToken,0,0,1,1,11,1,1,1,-1.0,4,0
paho.mqtt.java-0.2.1,org.eclipse.paho.client.mqttv3,IMqttToken,0,0,11,11,59,11,2,0,-1.0,7,1
paho.mqtt.java-0.2.1,org.eclipse.paho.client.mqttv3,MqttAsyncClient,11,1,36,31,355,65,0,1,0.2777777777777778,5,20
paho.mqtt.java-0.2.1,org.eclipse.paho.client.mqttv3,MqttCallback,0,0,3,3,22,3,0,0,-1.0,6,2
paho.mqtt.java-0.2.1,org.eclipse.paho.client.mqttv3,MqttClient,4,1,25,25,128,27,0,1,0.28,1,7
paho.mqtt.java-0.2.1,org.eclipse.paho.client.mqttv3,MqttClientPersistence,0,0,8,8,49,8,0,0,-1.0,4,1
paho.mqtt.java-0.2.1,org.eclipse.paho.client.mqttv3,MqttConnectOptions,12,3,23,21,214,28,0,0,0.17391304347826086,8,4
paho.mqtt.java-0.2.1,org.eclipse.paho.client.mqttv3,MqttDeliveryToken,0,0,4,3,23,4,0,2,-1.0,6,1
paho.mqtt.java-0.2.1,org.eclipse.paho.client.mqttv3,MqttException,26,23,7,7,160,8,2,0,0.0,14,1
paho.mqtt.java-0.2.1,org.eclipse.paho.client.mqttv3,MqttMessage,5,0,15,12,124,18,0,0,0.13333333333333333,18,1
paho.mqtt.java-0.2.1,org.eclipse.paho.client.mqttv3,MqttPersistable,0,0,6,6,35,6,0,0,-1.0,5,0
paho.mqtt.java-0.2.1,org.eclipse.paho.client.mqttv3,MqttPersistenceException,2,1,4,4,38,4,0,1,1.0,1,0
paho.mqtt.java-0.2.1,org.eclipse.paho.client.mqttv3,MqttSecurityException,1,0,3,3,28,3,0,1,1.0,0,0
paho.mqtt.java-0.2.1,org.eclipse.paho.client.mqttv3,MqttToken,1,1,13,13,48,13,1,1,0.15384615384615385,9,2
paho.mqtt.java-0.2.1,org.eclipse.paho.client.mqttv3,MqttTopic,2,0,6,5,59,6,0,0,0.0,2,3
paho.mqtt.java-0.2.1,org.eclipse.paho.client.mqttv3.internal,ClientComms,30,2,30,22,406,63,0,0,0.06666666666666667,9,24
paho.mqtt.java-0.2.1,org.eclipse.paho.client.mqttv3.internal,ConnectBG,4,0,3,1,45,5,0,0,0.0,1,6
paho.mqtt.java-0.2.1,org.eclipse.paho.client.mqttv3.internal,DisconnectBG,4,0,3,1,30,3,0,0,0.6666666666666666,1,2
paho.mqtt.java-0.2.1,org.eclipse.paho.client.mqttv3.internal,ClientDefaults,1,1,0,0,3,0,0,0,-1.0,0,0
paho.mqtt.java-0.2.1,org.eclipse.paho.client.mqttv3.internal,ClientState,32,0,36,7,788,121,0,0,0.0,4,17
paho.mqtt.java-0.2.1,org.eclipse.paho.client.mqttv3.internal,CommsCallback,14,1,15,11,253,40,0,0,0.0,2,10
paho.mqtt.java-0.2.1,org.eclipse.paho.client.mqttv3.internal,CommsReceiver,9,0,5,5,99,12,0,0,0.0,1,9
paho.mqtt.java-0.2.1,org.eclipse.paho.client.mqttv3.internal,CommsSender,9,0,5,4,105,13,0,0,0.0,1,9
paho.mqtt.java-0.2.1,org.eclipse.paho.client.mqttv3.internal,CommsTokenStore,5,0,15,11,170,25,0,0,0.13333333333333333,4,7
paho.mqtt.java-0.2.1,org.eclipse.paho.client.mqttv3.internal,DestinationProvider,0,0,1,1,6,1,0,0,-1.0,0,0
paho.mqtt.java-0.2.1,org.eclipse.paho.client.mqttv3.internal,ExceptionHelper,0,0,3,3,30,5,0,0,-1.0,10,1
paho.mqtt.java-0.2.1,org.eclipse.paho.client.mqttv3.internal,FileLock,3,0,2,2,62,7,0,0,0.0,1,1
paho.mqtt.java-0.2.1,org.eclipse.paho.client.mqttv3.internal,LocalNetworkModule,3,0,5,5,56,8,0,1,0.0,0,2
paho.mqtt.java-0.2.1,org.eclipse.paho.client.mqttv3.internal,MessageCatalog,1,0,2,1,28,5,1,0,0.0,2,2
paho.mqtt.java-0.2.1,org.eclipse.paho.client.mqttv3.internal,MqttPersistentData,7,0,8,8,52,9,0,0,0.0,0,0
paho.mqtt.java-0.2.1,org.eclipse.paho.client.mqttv3.internal,NetworkModule,0,0,4,4,6,4,2,0,-1.0,2,0
paho.mqtt.java-0.2.1,org.eclipse.paho.client.mqttv3.internal,ResourceBundleCatalog,1,0,2,1,14,2,0,1,0.0,0,0
paho.mqtt.java-0.2.1,org.eclipse.paho.client.mqttv3.internal,SSLNetworkModule,4,0,5,5,55,10,0,2,0.0,0,2
paho.mqtt.java-0.2.1,org.eclipse.paho.client.mqttv3.internal,TCPNetworkModule,7,0,6,6,58,7,1,1,0.0,0,3
paho.mqtt.java-0.2.1,org.eclipse.paho.client.mqttv3.internal,Token,17,2,34,26,251,50,0,0,0.058823529411764705,1,8
paho.mqtt.java-0.2.1,org.eclipse.paho.client.mqttv3.internal.security,SSLSocketFactoryFactory,30,23,34,28,652,96,0,0,0.08823529411764706,2,3
paho.mqtt.java-0.2.1,org.eclipse.paho.client.mqttv3.internal.security,SimpleBase64Encoder,2,0,4,2,90,18,0,0,0.5,2,1
paho.mqtt.java-0.2.1,org.eclipse.paho.client.mqttv3.internal.wire,CountingInputStream,2,0,4,4,33,5,0,0,0.0,2,0
paho.mqtt.java-0.2.1,org.eclipse.paho.client.mqttv3.internal.wire,MqttAck,0,0,2,1,11,2,7,1,-1.0,1,0
paho.mqtt.java-0.2.1,org.eclipse.paho.client.mqttv3.internal.wire,MqttConnack,1,0,5,4,29,5,0,2,0.8,1,1
paho.mqtt.java-0.2.1,org.eclipse.paho.client.mqttv3.internal.wire,MqttConnect,8,1,7,5,93,15,0,1,0.5714285714285714,2,2
paho.mqtt.java-0.2.1,org.eclipse.paho.client.mqttv3.internal.wire,MqttDisconnect,1,1,5,3,24,5,0,1,1.0,3,1
paho.mqtt.java-0.2.1,org.eclipse.paho.client.mqttv3.internal.wire,MqttInputStream,1,0,5,5,38,6,0,0,0.0,1,3
paho.mqtt.java-0.2.1,org.eclipse.paho.client.mqttv3.internal.wire,MqttOutputStream,1,0,7,7,33,7,0,0,0.0,1,1
paho.mqtt.java-0.2.1,org.eclipse.paho.client.mqttv3.internal.wire,MqttPersistableWireMessage,0,0,7,7,33,7,2,1,-1.0,0,0
paho.mqtt.java-0.2.1,org.eclipse.paho.client.mqttv3.internal.wire,MqttPingReq,0,0,5,3,23,5,0,1,-1.0,0,1
paho.mqtt.java-0.2.1,org.eclipse.paho.client.mqttv3.internal.wire,MqttPingResp,0,0,4,3,20,4,0,2,-1.0,0,1
paho.mqtt.java-0.2.1,org.eclipse.paho.client.mqttv3.internal.wire,MqttPubAck,0,0,3,2,19,3,0,2,-1.0,0,2
paho.mqtt.java-0.2.1,org.eclipse.paho.client.mqttv3.internal.wire,MqttPubComp,0,0,4,3,23,4,0,2,-1.0,2,2
paho.mqtt.java-0.2.1,org.eclipse.paho.client.mqttv3.internal.wire,MqttPubRec,0,0,3,2,19,3,0,2,-1.0,1,2
paho.mqtt.java-0.2.1,org.eclipse.paho.client.mqttv3.internal.wire,MqttPubRel,0,0,4,2,32,4,0,2,-1.0,1,2
paho.mqtt.java-0.2.1,org.eclipse.paho.client.mqttv3.internal.wire,MqttPublish,3,0,11,8,98,19,0,2,0.18181818181818182,9,4
paho.mqtt.java-0.2.1,org.eclipse.paho.client.mqttv3.internal.wire,MqttReceivedMessage,1,0,3,3,12,3,0,0,0.6666666666666666,0,0
paho.mqtt.java-0.2.1,org.eclipse.paho.client.mqttv3.internal.wire,MqttSuback,1,0,2,1,24,3,0,2,1.0,0,1
paho.mqtt.java-0.2.1,org.eclipse.paho.client.mqttv3.internal.wire,MqttSubscribe,2,0,5,3,55,8,0,1,0.8,1,2
paho.mqtt.java-0.2.1,org.eclipse.paho.client.mqttv3.internal.wire,MqttUnsubAck,0,0,2,1,15,2,0,2,-1.0,0,1
paho.mqtt.java-0.2.1,org.eclipse.paho.client.mqttv3.internal.wire,MqttUnsubscribe,1,0,5,3,39,6,0,1,0.8,1,1
paho.mqtt.java-0.2.1,org.eclipse.paho.client.mqttv3.internal.wire,MqttWireMessage,19,14,20,12,251,35,7,0,0.45,23,6
paho.mqtt.java-0.2.1,org.eclipse.paho.client.mqttv3.internal.wire,MultiByteArrayInputStream,7,0,2,2,34,5,0,0,0.0,1,0
paho.mqtt.java-0.2.1,org.eclipse.paho.client.mqttv3.internal.wire,MultiByteInteger,2,0,4,4,26,4,0,0,0.0,0,0
paho.mqtt.java-0.2.1,org.eclipse.paho.client.mqttv3.logging,JSR47Logger,6,0,32,28,187,46,0,1,0.0625,0,0
paho.mqtt.java-0.2.1,org.eclipse.paho.client.mqttv3.logging,Logger,7,7,28,28,215,28,1,0,-1.0,14,0
paho.mqtt.java-0.2.1,org.eclipse.paho.client.mqttv3.logging,LoggerFactory,4,1,4,3,100,7,0,0,0.5,13,2
paho.mqtt.java-0.2.1,org.eclipse.paho.client.mqttv3.logging,SimpleLogFormatter,1,0,3,3,76,9,0,0,0.6666666666666666,1,1
paho.mqtt.java-0.2.1,org.eclipse.paho.client.mqttv3.persist,MemoryPersistence,1,0,8,8,30,8,0,0,0.0,0,1
paho.mqtt.java-0.2.1,org.eclipse.paho.client.mqttv3.persist,MqttDefaultFilePersistence,7,0,16,12,217,42,0,0,0.125,3,3
paho.mqtt.java-0.2.1,org.eclipse.paho.client.mqttv3.util,Debug,6,0,11,9,124,17,0,0,0.0,2,4
paho.mqtt.java-0.2.1,org.eclipse.paho.sample.mqttv3app,Sample,7,0,9,7,254,40,0,0,0.3333333333333333,1,6
paho.mqtt.java-0.2.1,org.eclipse.paho.sample.mqttv3app,SampleAsyncCallBack,19,0,27,24,480,74,0,0,0.1111111111111111,1,12
paho.mqtt.java-0.2.1,org.eclipse.paho.sample.mqttv3app,MqttConnector,0,0,5,5,38,5,0,0,-1.0,1,2
paho.mqtt.java-0.2.1,org.eclipse.paho.sample.mqttv3app,Publisher,0,0,4,4,39,4,0,0,-1.0,1,3
paho.mqtt.java-0.2.1,org.eclipse.paho.sample.mqttv3app,Subscriber,0,0,4,4,36,4,0,0,-1.0,1,2
paho.mqtt.java-0.2.1,org.eclipse.paho.sample.mqttv3app,Disconnector,0,0,4,4,36,4,0,0,-1.0,1,2
paho.mqtt.java-0.2.1,org.eclipse.paho.sample.mqttv3app,SampleAsyncWait,7,0,9,7,271,40,0,0,0.2222222222222222,1,7
