Project Name,Package Name,Type Name,Code Smell
paho.mqtt.java-1.2.2,org.eclipse.paho.client.mqttv3.test,BasicSSLTest,Unutilized Abstraction
paho.mqtt.java-1.2.2,org.eclipse.paho.client.mqttv3.test,BasicTest,Unutilized Abstraction
paho.mqtt.java-1.2.2,org.eclipse.paho.client.mqttv3.test,MessageListener,Unutilized Abstraction
paho.mqtt.java-1.2.2,org.eclipse.paho.client.mqttv3.test,MyMqttCallback,Unutilized Abstraction
paho.mqtt.java-1.2.2,org.eclipse.paho.client.mqttv3.test,Issue370Test,Unutilized Abstraction
paho.mqtt.java-1.2.2,org.eclipse.paho.client.mqttv3.test,LiveTakeOverTest,Unutilized Abstraction
paho.mqtt.java-1.2.2,org.eclipse.paho.client.mqttv3.test,LiveTakeOverTest,Deficient Encapsulation
paho.mqtt.java-1.2.2,org.eclipse.paho.client.mqttv3.test,FirstClient,Unutilized Abstraction
paho.mqtt.java-1.2.2,org.eclipse.paho.client.mqttv3.test,FirstClient,Deficient Encapsulation
paho.mqtt.java-1.2.2,org.eclipse.paho.client.mqttv3.test,ModelTestCase,Unutilized Abstraction
paho.mqtt.java-1.2.2,org.eclipse.paho.client.mqttv3.test,ModelTestCase,Deficient Encapsulation
paho.mqtt.java-1.2.2,org.eclipse.paho.client.mqttv3.test,ModelTestCase,Insufficient Modularization
paho.mqtt.java-1.2.2,org.eclipse.paho.client.mqttv3.test,MqttConnectOptionsTest,Unutilized Abstraction
paho.mqtt.java-1.2.2,org.eclipse.paho.client.mqttv3.test,MqttTopicTest,Unutilized Abstraction
paho.mqtt.java-1.2.2,org.eclipse.paho.client.mqttv3.test,NetworkModuleServiceTest,Unutilized Abstraction
paho.mqtt.java-1.2.2,org.eclipse.paho.client.mqttv3.test,PerSubscriptionMessageHandlerTest,Unutilized Abstraction
paho.mqtt.java-1.2.2,org.eclipse.paho.client.mqttv3.test,SendReceiveAsyncCallbackTest,Unutilized Abstraction
paho.mqtt.java-1.2.2,org.eclipse.paho.client.mqttv3.test,onDisconnect,Unutilized Abstraction
paho.mqtt.java-1.2.2,org.eclipse.paho.client.mqttv3.test,listener,Unutilized Abstraction
paho.mqtt.java-1.2.2,org.eclipse.paho.client.mqttv3.test,onPublish,Unutilized Abstraction
paho.mqtt.java-1.2.2,org.eclipse.paho.client.mqttv3.test,onSubscribe,Unutilized Abstraction
paho.mqtt.java-1.2.2,org.eclipse.paho.client.mqttv3.test,onConnect,Unutilized Abstraction
paho.mqtt.java-1.2.2,org.eclipse.paho.client.mqttv3.test,SendReceiveAsyncTest,Unutilized Abstraction
paho.mqtt.java-1.2.2,org.eclipse.paho.client.mqttv3.test,SendReceiveTest,Unutilized Abstraction
paho.mqtt.java-1.2.2,org.eclipse.paho.client.mqttv3.test,TLSHostnameVerificationTest,Unutilized Abstraction
paho.mqtt.java-1.2.2,org.eclipse.paho.client.mqttv3.test,WebSocketTest,Unutilized Abstraction
paho.mqtt.java-1.2.2,org.eclipse.paho.client.mqttv3.test,MessageListener,Unutilized Abstraction
paho.mqtt.java-1.2.2,org.eclipse.paho.client.mqttv3.test.automaticReconnect,AutomaticReconnectTest,Unutilized Abstraction
paho.mqtt.java-1.2.2,org.eclipse.paho.client.mqttv3.test.automaticReconnect,OfflineBufferingTest,Unutilized Abstraction
paho.mqtt.java-1.2.2,org.eclipse.paho.client.mqttv3.test.client,MqttAsyncClientPaho,Unutilized Abstraction
paho.mqtt.java-1.2.2,org.eclipse.paho.client.mqttv3.test.client,MqttClientPaho,Unutilized Abstraction
paho.mqtt.java-1.2.2,org.eclipse.paho.client.mqttv3.test.connectionLoss,ConnectionLossTest,Unutilized Abstraction
paho.mqtt.java-1.2.2,org.eclipse.paho.client.mqttv3.test.logging,ConsoleHandler,Unutilized Abstraction
paho.mqtt.java-1.2.2,org.eclipse.paho.client.mqttv3.test.logging,DetailFormatter,Unutilized Abstraction
paho.mqtt.java-1.2.2,org.eclipse.paho.client.mqttv3.test.logging,HumanFormatter,Unutilized Abstraction
paho.mqtt.java-1.2.2,org.eclipse.paho.client.mqttv3.test.logging,LoggingUtilities,Deficient Encapsulation
paho.mqtt.java-1.2.2,org.eclipse.paho.client.mqttv3.test.logging,TraceFormatter,Unutilized Abstraction
paho.mqtt.java-1.2.2,org.eclipse.paho.client.mqttv3.test.properties,TestProperties,Deficient Encapsulation
paho.mqtt.java-1.2.2,org.eclipse.paho.client.mqttv3.test.utilities,MqttV3Receiver,Deficient Encapsulation
paho.mqtt.java-1.2.2,org.eclipse.paho.client.mqttv3.test.utilities,ReceivedMessage,Deficient Encapsulation
paho.mqtt.java-1.2.2,org.eclipse.paho.client.mqttv3.test.utilities,StringUtilities,Deficient Encapsulation
paho.mqtt.java-1.2.2,org.eclipse.paho.client.mqttv3.internal,ClientComms,Deficient Encapsulation
paho.mqtt.java-1.2.2,org.eclipse.paho.client.mqttv3.internal,ClientComms,Cyclic-Dependent Modularization
paho.mqtt.java-1.2.2,org.eclipse.paho.client.mqttv3.internal,ClientComms,Insufficient Modularization
paho.mqtt.java-1.2.2,org.eclipse.paho.client.mqttv3.internal,ConnectBG,Cyclic-Dependent Modularization
paho.mqtt.java-1.2.2,org.eclipse.paho.client.mqttv3.internal,DisconnectBG,Cyclic-Dependent Modularization
paho.mqtt.java-1.2.2,org.eclipse.paho.client.mqttv3.internal,ReconnectDisconnectedBufferCallback,Unutilized Abstraction
paho.mqtt.java-1.2.2,org.eclipse.paho.client.mqttv3.internal,ClientState,Cyclic-Dependent Modularization
paho.mqtt.java-1.2.2,org.eclipse.paho.client.mqttv3.internal,ClientState,Insufficient Modularization
paho.mqtt.java-1.2.2,org.eclipse.paho.client.mqttv3.internal,CommsCallback,Cyclic-Dependent Modularization
paho.mqtt.java-1.2.2,org.eclipse.paho.client.mqttv3.internal,CommsReceiver,Cyclic-Dependent Modularization
paho.mqtt.java-1.2.2,org.eclipse.paho.client.mqttv3.internal,CommsSender,Cyclic-Dependent Modularization
paho.mqtt.java-1.2.2,org.eclipse.paho.client.mqttv3.internal,CommsTokenStore,Cyclic-Dependent Modularization
paho.mqtt.java-1.2.2,org.eclipse.paho.client.mqttv3.internal,ConnectActionListener,Cyclic-Dependent Modularization
paho.mqtt.java-1.2.2,org.eclipse.paho.client.mqttv3.internal,DestinationProvider,Unutilized Abstraction
paho.mqtt.java-1.2.2,org.eclipse.paho.client.mqttv3.internal,DisconnectedMessageBuffer,Cyclic-Dependent Modularization
paho.mqtt.java-1.2.2,org.eclipse.paho.client.mqttv3.internal,ExceptionHelper,Cyclic-Dependent Modularization
paho.mqtt.java-1.2.2,org.eclipse.paho.client.mqttv3.internal,IDisconnectedBufferCallback,Cyclic-Dependent Modularization
paho.mqtt.java-1.2.2,org.eclipse.paho.client.mqttv3.internal,MessageCatalog,Cyclic-Dependent Modularization
paho.mqtt.java-1.2.2,org.eclipse.paho.client.mqttv3.internal,MqttPersistentData,Unutilized Abstraction
paho.mqtt.java-1.2.2,org.eclipse.paho.client.mqttv3.internal,NetworkModuleService,Cyclic-Dependent Modularization
paho.mqtt.java-1.2.2,org.eclipse.paho.client.mqttv3.internal,ResourceBundleCatalog,Unutilized Abstraction
paho.mqtt.java-1.2.2,org.eclipse.paho.client.mqttv3.internal,ResourceBundleCatalog,Broken Hierarchy
paho.mqtt.java-1.2.2,org.eclipse.paho.client.mqttv3.internal,SSLNetworkModuleFactory,Unutilized Abstraction
paho.mqtt.java-1.2.2,org.eclipse.paho.client.mqttv3.internal,TCPNetworkModuleFactory,Unutilized Abstraction
paho.mqtt.java-1.2.2,org.eclipse.paho.client.mqttv3.internal,Token,Cyclic-Dependent Modularization
paho.mqtt.java-1.2.2,org.eclipse.paho.client.mqttv3.internal,Token,Insufficient Modularization
paho.mqtt.java-1.2.2,org.eclipse.paho.client.mqttv3,BufferedMessage,Cyclic-Dependent Modularization
paho.mqtt.java-1.2.2,org.eclipse.paho.client.mqttv3,DisconnectedBufferOptions,Deficient Encapsulation
paho.mqtt.java-1.2.2,org.eclipse.paho.client.mqttv3,IMqttActionListener,Cyclic-Dependent Modularization
paho.mqtt.java-1.2.2,org.eclipse.paho.client.mqttv3,IMqttAsyncClient,Cyclic-Dependent Modularization
paho.mqtt.java-1.2.2,org.eclipse.paho.client.mqttv3,IMqttAsyncClient,Insufficient Modularization
paho.mqtt.java-1.2.2,org.eclipse.paho.client.mqttv3,IMqttClient,Insufficient Modularization
paho.mqtt.java-1.2.2,org.eclipse.paho.client.mqttv3,IMqttToken,Cyclic-Dependent Modularization
paho.mqtt.java-1.2.2,org.eclipse.paho.client.mqttv3,MqttAsyncClient,Cyclic-Dependent Modularization
paho.mqtt.java-1.2.2,org.eclipse.paho.client.mqttv3,MqttAsyncClient,Insufficient Modularization
paho.mqtt.java-1.2.2,org.eclipse.paho.client.mqttv3,ReconnectTask,Unutilized Abstraction
paho.mqtt.java-1.2.2,org.eclipse.paho.client.mqttv3,MqttReconnectCallback,Unutilized Abstraction
paho.mqtt.java-1.2.2,org.eclipse.paho.client.mqttv3,MqttReconnectActionListener,Unutilized Abstraction
paho.mqtt.java-1.2.2,org.eclipse.paho.client.mqttv3,MqttClient,Insufficient Modularization
paho.mqtt.java-1.2.2,org.eclipse.paho.client.mqttv3,MqttConnectOptions,Deficient Encapsulation
paho.mqtt.java-1.2.2,org.eclipse.paho.client.mqttv3,MqttConnectOptions,Cyclic-Dependent Modularization
paho.mqtt.java-1.2.2,org.eclipse.paho.client.mqttv3,MqttConnectOptions,Insufficient Modularization
paho.mqtt.java-1.2.2,org.eclipse.paho.client.mqttv3,MqttDeliveryToken,Broken Hierarchy
paho.mqtt.java-1.2.2,org.eclipse.paho.client.mqttv3,MqttException,Deficient Encapsulation
paho.mqtt.java-1.2.2,org.eclipse.paho.client.mqttv3,MqttException,Cyclic-Dependent Modularization
paho.mqtt.java-1.2.2,org.eclipse.paho.client.mqttv3,MqttPersistenceException,Unutilized Abstraction
paho.mqtt.java-1.2.2,org.eclipse.paho.client.mqttv3,MqttPersistenceException,Deficient Encapsulation
paho.mqtt.java-1.2.2,org.eclipse.paho.client.mqttv3,MqttPersistenceException,Broken Hierarchy
paho.mqtt.java-1.2.2,org.eclipse.paho.client.mqttv3,MqttPingSender,Cyclic-Dependent Modularization
paho.mqtt.java-1.2.2,org.eclipse.paho.client.mqttv3,MqttSecurityException,Unutilized Abstraction
paho.mqtt.java-1.2.2,org.eclipse.paho.client.mqttv3,MqttSecurityException,Broken Hierarchy
paho.mqtt.java-1.2.2,org.eclipse.paho.client.mqttv3,MqttToken,Deficient Encapsulation
paho.mqtt.java-1.2.2,org.eclipse.paho.client.mqttv3,MqttToken,Cyclic-Dependent Modularization
paho.mqtt.java-1.2.2,org.eclipse.paho.client.mqttv3,MqttTopic,Deficient Encapsulation
paho.mqtt.java-1.2.2,org.eclipse.paho.client.mqttv3,MqttTopic,Cyclic-Dependent Modularization
paho.mqtt.java-1.2.2,org.eclipse.paho.client.mqttv3,ScheduledExecutorPingSender,Unutilized Abstraction
paho.mqtt.java-1.2.2,org.eclipse.paho.client.mqttv3,PingRunnable,Unutilized Abstraction
paho.mqtt.java-1.2.2,org.eclipse.paho.client.mqttv3,TimerPingSender,Unutilized Abstraction
paho.mqtt.java-1.2.2,org.eclipse.paho.client.mqttv3,PingTask,Unutilized Abstraction
paho.mqtt.java-1.2.2,org.eclipse.paho.client.mqttv3.internal.security,SSLSocketFactoryFactory,Deficient Encapsulation
paho.mqtt.java-1.2.2,org.eclipse.paho.client.mqttv3.internal.security,SSLSocketFactoryFactory,Insufficient Modularization
paho.mqtt.java-1.2.2,org.eclipse.paho.client.mqttv3.internal.websocket,ExtendedByteArrayOutputStream,Unutilized Abstraction
paho.mqtt.java-1.2.2,org.eclipse.paho.client.mqttv3.internal.websocket,HandshakeFailedException,Unnecessary Abstraction
paho.mqtt.java-1.2.2,org.eclipse.paho.client.mqttv3.internal.websocket,HandshakeFailedException,Unutilized Abstraction
paho.mqtt.java-1.2.2,org.eclipse.paho.client.mqttv3.internal.websocket,WebSocketFrame,Deficient Encapsulation
paho.mqtt.java-1.2.2,org.eclipse.paho.client.mqttv3.internal.websocket,WebSocketNetworkModuleFactory,Unutilized Abstraction
paho.mqtt.java-1.2.2,org.eclipse.paho.client.mqttv3.internal.websocket,WebSocketSecureNetworkModuleFactory,Unutilized Abstraction
paho.mqtt.java-1.2.2,org.eclipse.paho.client.mqttv3.internal.wire,MqttConnack,Deficient Encapsulation
paho.mqtt.java-1.2.2,org.eclipse.paho.client.mqttv3.internal.wire,MqttConnack,Cyclic-Dependent Modularization
paho.mqtt.java-1.2.2,org.eclipse.paho.client.mqttv3.internal.wire,MqttConnect,Deficient Encapsulation
paho.mqtt.java-1.2.2,org.eclipse.paho.client.mqttv3.internal.wire,MqttConnect,Cyclic-Dependent Modularization
paho.mqtt.java-1.2.2,org.eclipse.paho.client.mqttv3.internal.wire,MqttDisconnect,Deficient Encapsulation
paho.mqtt.java-1.2.2,org.eclipse.paho.client.mqttv3.internal.wire,MqttDisconnect,Cyclic-Dependent Modularization
paho.mqtt.java-1.2.2,org.eclipse.paho.client.mqttv3.internal.wire,MqttInputStream,Cyclic-Dependent Modularization
paho.mqtt.java-1.2.2,org.eclipse.paho.client.mqttv3.internal.wire,MqttOutputStream,Cyclic-Dependent Modularization
paho.mqtt.java-1.2.2,org.eclipse.paho.client.mqttv3.internal.wire,MqttPersistableWireMessage,Unutilized Abstraction
paho.mqtt.java-1.2.2,org.eclipse.paho.client.mqttv3.internal.wire,MqttPersistableWireMessage,Broken Hierarchy
paho.mqtt.java-1.2.2,org.eclipse.paho.client.mqttv3.internal.wire,MqttPingReq,Unutilized Abstraction
paho.mqtt.java-1.2.2,org.eclipse.paho.client.mqttv3.internal.wire,MqttPingReq,Deficient Encapsulation
paho.mqtt.java-1.2.2,org.eclipse.paho.client.mqttv3.internal.wire,MqttPingResp,Unutilized Abstraction
paho.mqtt.java-1.2.2,org.eclipse.paho.client.mqttv3.internal.wire,MqttPingResp,Deficient Encapsulation
paho.mqtt.java-1.2.2,org.eclipse.paho.client.mqttv3.internal.wire,MqttPingResp,Broken Hierarchy
paho.mqtt.java-1.2.2,org.eclipse.paho.client.mqttv3.internal.wire,MqttPubAck,Unutilized Abstraction
paho.mqtt.java-1.2.2,org.eclipse.paho.client.mqttv3.internal.wire,MqttPubAck,Broken Hierarchy
paho.mqtt.java-1.2.2,org.eclipse.paho.client.mqttv3.internal.wire,MqttPubComp,Broken Hierarchy
paho.mqtt.java-1.2.2,org.eclipse.paho.client.mqttv3.internal.wire,MqttPubComp,Cyclic-Dependent Modularization
paho.mqtt.java-1.2.2,org.eclipse.paho.client.mqttv3.internal.wire,MqttPubRec,Broken Hierarchy
paho.mqtt.java-1.2.2,org.eclipse.paho.client.mqttv3.internal.wire,MqttPubRec,Cyclic-Dependent Modularization
paho.mqtt.java-1.2.2,org.eclipse.paho.client.mqttv3.internal.wire,MqttPubRel,Unutilized Abstraction
paho.mqtt.java-1.2.2,org.eclipse.paho.client.mqttv3.internal.wire,MqttPubRel,Broken Hierarchy
paho.mqtt.java-1.2.2,org.eclipse.paho.client.mqttv3.internal.wire,MqttPubRel,Cyclic-Dependent Modularization
paho.mqtt.java-1.2.2,org.eclipse.paho.client.mqttv3.internal.wire,MqttPublish,Unutilized Abstraction
paho.mqtt.java-1.2.2,org.eclipse.paho.client.mqttv3.internal.wire,MqttPublish,Cyclic-Dependent Modularization
paho.mqtt.java-1.2.2,org.eclipse.paho.client.mqttv3.internal.wire,MqttReceivedMessage,Unutilized Abstraction
paho.mqtt.java-1.2.2,org.eclipse.paho.client.mqttv3.internal.wire,MqttSuback,Unutilized Abstraction
paho.mqtt.java-1.2.2,org.eclipse.paho.client.mqttv3.internal.wire,MqttUnsubAck,Unutilized Abstraction
paho.mqtt.java-1.2.2,org.eclipse.paho.client.mqttv3.internal.wire,MqttUnsubAck,Broken Hierarchy
paho.mqtt.java-1.2.2,org.eclipse.paho.client.mqttv3.internal.wire,MqttWireMessage,Deficient Encapsulation
paho.mqtt.java-1.2.2,org.eclipse.paho.client.mqttv3.internal.wire,MqttWireMessage,Cyclic-Dependent Modularization
paho.mqtt.java-1.2.2,org.eclipse.paho.client.mqttv3.internal.wire,MqttWireMessage,Insufficient Modularization
paho.mqtt.java-1.2.2,org.eclipse.paho.client.mqttv3.internal.wire,MultiByteInteger,Unutilized Abstraction
paho.mqtt.java-1.2.2,org.eclipse.paho.client.mqttv3.logging,JSR47Logger,Unutilized Abstraction
paho.mqtt.java-1.2.2,org.eclipse.paho.client.mqttv3.logging,JSR47Logger,Insufficient Modularization
paho.mqtt.java-1.2.2,org.eclipse.paho.client.mqttv3.logging,LoggerFactory,Deficient Encapsulation
paho.mqtt.java-1.2.2,org.eclipse.paho.client.mqttv3.persist,PersistanceFileFilter,Unutilized Abstraction
paho.mqtt.java-1.2.2,org.eclipse.paho.client.mqttv3.persist,PersistanceFileNameFilter,Unutilized Abstraction
paho.mqtt.java-1.2.2,org.eclipse.paho.client.mqttv3.spi,NetworkModuleFactory,Unutilized Abstraction
paho.mqtt.java-1.2.2,org.eclipse.paho.client.mqttv3.util,Debug,Cyclic-Dependent Modularization
paho.mqtt.java-1.2.2,org.org.eclipse.paho.mqttv5.client.test,App,Unutilized Abstraction
paho.mqtt.java-1.2.2,org.org.eclipse.paho.mqttv5.client.test,AppTest,Unutilized Abstraction
paho.mqtt.java-1.2.2,org.eclipse.paho.mqttv5.client,ConnectCallback,Unnecessary Abstraction
paho.mqtt.java-1.2.2,org.eclipse.paho.mqttv5.client,ConnectCallback,Unutilized Abstraction
paho.mqtt.java-1.2.2,org.eclipse.paho.mqttv5.client,ConnectionLostCallback,Unnecessary Abstraction
paho.mqtt.java-1.2.2,org.eclipse.paho.mqttv5.client,ConnectionLostCallback,Unutilized Abstraction
paho.mqtt.java-1.2.2,org.eclipse.paho.mqttv5.client,ConnectionRecoveredCallback,Unnecessary Abstraction
paho.mqtt.java-1.2.2,org.eclipse.paho.mqttv5.client,ConnectionRecoveredCallback,Unutilized Abstraction
paho.mqtt.java-1.2.2,org.eclipse.paho.mqttv5.client,DisconnectedBufferOptions,Deficient Encapsulation
paho.mqtt.java-1.2.2,org.eclipse.paho.mqttv5.client,FunctionalMqttClient,Unutilized Abstraction
paho.mqtt.java-1.2.2,org.eclipse.paho.mqttv5.client,IMqttAsyncClient,Insufficient Modularization
paho.mqtt.java-1.2.2,org.eclipse.paho.mqttv5.client,IMqttToken,Cyclic-Dependent Modularization
paho.mqtt.java-1.2.2,org.eclipse.paho.mqttv5.client,MqttActionListener,Cyclic-Dependent Modularization
paho.mqtt.java-1.2.2,org.eclipse.paho.mqttv5.client,MqttAsyncClient,Cyclic-Dependent Modularization
paho.mqtt.java-1.2.2,org.eclipse.paho.mqttv5.client,MqttAsyncClient,Insufficient Modularization
paho.mqtt.java-1.2.2,org.eclipse.paho.mqttv5.client,ReconnectTask,Unutilized Abstraction
paho.mqtt.java-1.2.2,org.eclipse.paho.mqttv5.client,MqttReconnectCallback,Unutilized Abstraction
paho.mqtt.java-1.2.2,org.eclipse.paho.mqttv5.client,MqttReconnectActionListener,Unutilized Abstraction
paho.mqtt.java-1.2.2,org.eclipse.paho.mqttv5.client,MqttClient,Insufficient Modularization
paho.mqtt.java-1.2.2,org.eclipse.paho.mqttv5.client,MqttClientException,Deficient Encapsulation
paho.mqtt.java-1.2.2,org.eclipse.paho.mqttv5.client,MqttClientException,Broken Modularization
paho.mqtt.java-1.2.2,org.eclipse.paho.mqttv5.client,MqttConnectionOptions,Cyclic-Dependent Modularization
paho.mqtt.java-1.2.2,org.eclipse.paho.mqttv5.client,MqttConnectionOptions,Insufficient Modularization
paho.mqtt.java-1.2.2,org.eclipse.paho.mqttv5.client,MqttConnectionOptionsBuilder,Unutilized Abstraction
paho.mqtt.java-1.2.2,org.eclipse.paho.mqttv5.client,MqttConnectionOptionsBuilder,Insufficient Modularization
paho.mqtt.java-1.2.2,org.eclipse.paho.mqttv5.client,MqttDeliveryToken,Broken Hierarchy
paho.mqtt.java-1.2.2,org.eclipse.paho.mqttv5.client,MqttPingSender,Cyclic-Dependent Modularization
paho.mqtt.java-1.2.2,org.eclipse.paho.mqttv5.client,MqttToken,Deficient Encapsulation
paho.mqtt.java-1.2.2,org.eclipse.paho.mqttv5.client,TimerPingSender,Unutilized Abstraction
paho.mqtt.java-1.2.2,org.eclipse.paho.mqttv5.client,PingTask,Unutilized Abstraction
paho.mqtt.java-1.2.2,org.eclipse.paho.mqttv5.client,PingRunnable,Unutilized Abstraction
paho.mqtt.java-1.2.2,org.eclipse.paho.mqttv5.client.alpha,IMqttAsyncClient,Unutilized Abstraction
paho.mqtt.java-1.2.2,org.eclipse.paho.mqttv5.client.alpha,IMqttClient,Unutilized Abstraction
paho.mqtt.java-1.2.2,org.eclipse.paho.mqttv5.client.alpha,IMqttDeliveryToken,Unutilized Abstraction
paho.mqtt.java-1.2.2,org.eclipse.paho.mqttv5.client.alpha,IMqttMessageBuilder,Unutilized Abstraction
paho.mqtt.java-1.2.2,org.eclipse.paho.mqttv5.client.alpha,IMqttSubscriptionToken,Unutilized Abstraction
paho.mqtt.java-1.2.2,org.eclipse.paho.mqttv5.client.alpha,IMqttToken,Unutilized Abstraction
paho.mqtt.java-1.2.2,org.eclipse.paho.mqttv5.client.alpha,IReceivedMessage,Unutilized Abstraction
paho.mqtt.java-1.2.2,org.eclipse.paho.mqttv5.client.alpha,MqttAsyncClient,Unutilized Abstraction
paho.mqtt.java-1.2.2,org.eclipse.paho.mqttv5.client.alpha,MqttAsyncClient,Insufficient Modularization
paho.mqtt.java-1.2.2,org.eclipse.paho.mqttv5.client.alpha,Callback,Unutilized Abstraction
paho.mqtt.java-1.2.2,org.eclipse.paho.mqttv5.client.alpha,MqttClientException,Unutilized Abstraction
paho.mqtt.java-1.2.2,org.eclipse.paho.mqttv5.client.alpha,MqttClientException,Deficient Encapsulation
paho.mqtt.java-1.2.2,org.eclipse.paho.mqttv5.client.alpha,MqttClientException,Broken Modularization
paho.mqtt.java-1.2.2,org.eclipse.paho.mqttv5.client.alpha,MqttClientPersistence,Unutilized Abstraction
paho.mqtt.java-1.2.2,org.eclipse.paho.mqttv5.client.alpha.internal,MqttConnectionResultImpl,Unutilized Abstraction
paho.mqtt.java-1.2.2,org.eclipse.paho.mqttv5.client.alpha.internal,MqttConnectionResultImpl,Broken Hierarchy
paho.mqtt.java-1.2.2,org.eclipse.paho.mqttv5.client.alpha.internal,MqttDeliveryResultImpl,Unutilized Abstraction
paho.mqtt.java-1.2.2,org.eclipse.paho.mqttv5.client.alpha.internal,MqttDeliveryResultImpl,Broken Hierarchy
paho.mqtt.java-1.2.2,org.eclipse.paho.mqttv5.client.alpha.internal,MqttDeliveryToken,Unutilized Abstraction
paho.mqtt.java-1.2.2,org.eclipse.paho.mqttv5.client.alpha.internal,MqttDeliveryToken,Broken Hierarchy
paho.mqtt.java-1.2.2,org.eclipse.paho.mqttv5.client.alpha.internal,MqttMessageImpl,Unutilized Abstraction
paho.mqtt.java-1.2.2,org.eclipse.paho.mqttv5.client.alpha.internal,MqttResultImpl,Unutilized Abstraction
paho.mqtt.java-1.2.2,org.eclipse.paho.mqttv5.client.alpha.internal,MqttSubscriptionResultImpl,Unutilized Abstraction
paho.mqtt.java-1.2.2,org.eclipse.paho.mqttv5.client.alpha.internal,MqttSubscriptionResultImpl,Broken Hierarchy
paho.mqtt.java-1.2.2,org.eclipse.paho.mqttv5.client.alpha.internal,MqttSubscriptionToken,Unutilized Abstraction
paho.mqtt.java-1.2.2,org.eclipse.paho.mqttv5.client.alpha.internal,MqttSubscriptionToken,Broken Hierarchy
paho.mqtt.java-1.2.2,org.eclipse.paho.mqttv5.client.alpha.internal,MqttToken,Unutilized Abstraction
paho.mqtt.java-1.2.2,org.eclipse.paho.mqttv5.client.alpha.internal,MqttUnsubscriptionResultImpl,Unutilized Abstraction
paho.mqtt.java-1.2.2,org.eclipse.paho.mqttv5.client.alpha.internal,MqttUnsubscriptionResultImpl,Broken Hierarchy
paho.mqtt.java-1.2.2,org.eclipse.paho.mqttv5.client.alpha.internal,ReceivedMessageImpl,Unutilized Abstraction
paho.mqtt.java-1.2.2,org.eclipse.paho.mqttv5.client.alpha.internal,ReceivedMessageImpl,Broken Hierarchy
paho.mqtt.java-1.2.2,org.eclipse.paho.mqttv5.client.alpha.result,IMqttConnectionResult,Unutilized Abstraction
paho.mqtt.java-1.2.2,org.eclipse.paho.mqttv5.client.alpha.result,IMqttDeliveryResult,Unutilized Abstraction
paho.mqtt.java-1.2.2,org.eclipse.paho.mqttv5.client.alpha.result,IMqttResult,Unutilized Abstraction
paho.mqtt.java-1.2.2,org.eclipse.paho.mqttv5.client.alpha.result,IMqttSubscriptionResult,Unutilized Abstraction
paho.mqtt.java-1.2.2,org.eclipse.paho.mqttv5.client.alpha.result,IMqttUnsubscriptionResult,Unutilized Abstraction
paho.mqtt.java-1.2.2,org.eclipse.paho.mqttv5.client.internal,ClientComms,Deficient Encapsulation
paho.mqtt.java-1.2.2,org.eclipse.paho.mqttv5.client.internal,ClientComms,Cyclic-Dependent Modularization
paho.mqtt.java-1.2.2,org.eclipse.paho.mqttv5.client.internal,ClientComms,Insufficient Modularization
paho.mqtt.java-1.2.2,org.eclipse.paho.mqttv5.client.internal,ConnectBG,Cyclic-Dependent Modularization
paho.mqtt.java-1.2.2,org.eclipse.paho.mqttv5.client.internal,ReconnectDisconnectedBufferCallback,Unutilized Abstraction
paho.mqtt.java-1.2.2,org.eclipse.paho.mqttv5.client.internal,ClientState,Cyclic-Dependent Modularization
paho.mqtt.java-1.2.2,org.eclipse.paho.mqttv5.client.internal,ClientState,Insufficient Modularization
paho.mqtt.java-1.2.2,org.eclipse.paho.mqttv5.client.internal,CommsCallback,Cyclic-Dependent Modularization
paho.mqtt.java-1.2.2,org.eclipse.paho.mqttv5.client.internal,CommsCallback,Insufficient Modularization
paho.mqtt.java-1.2.2,org.eclipse.paho.mqttv5.client.internal,CommsReceiver,Cyclic-Dependent Modularization
paho.mqtt.java-1.2.2,org.eclipse.paho.mqttv5.client.internal,CommsSender,Cyclic-Dependent Modularization
paho.mqtt.java-1.2.2,org.eclipse.paho.mqttv5.client.internal,ConnectActionListener,Cyclic-Dependent Modularization
paho.mqtt.java-1.2.2,org.eclipse.paho.mqttv5.client.internal,DestinationProvider,Unutilized Abstraction
paho.mqtt.java-1.2.2,org.eclipse.paho.mqttv5.client.internal,MqttConnectionState,Insufficient Modularization
paho.mqtt.java-1.2.2,org.eclipse.paho.mqttv5.client.internal,MqttPersistentData,Unutilized Abstraction
paho.mqtt.java-1.2.2,org.eclipse.paho.mqttv5.client.internal,NetworkModuleService,Cyclic-Dependent Modularization
paho.mqtt.java-1.2.2,org.eclipse.paho.mqttv5.client.internal,ResourceBundleCatalog,Unutilized Abstraction
paho.mqtt.java-1.2.2,org.eclipse.paho.mqttv5.client.internal,ResourceBundleCatalog,Broken Hierarchy
paho.mqtt.java-1.2.2,org.eclipse.paho.mqttv5.client.internal,SSLNetworkModuleFactory,Unutilized Abstraction
paho.mqtt.java-1.2.2,org.eclipse.paho.mqttv5.client.internal,TCPNetworkModuleFactory,Unutilized Abstraction
paho.mqtt.java-1.2.2,org.eclipse.paho.mqttv5.client.internal,Token,Insufficient Modularization
paho.mqtt.java-1.2.2,org.eclipse.paho.mqttv5.client.internal,NetworkModuleServiceTest,Unutilized Abstraction
paho.mqtt.java-1.2.2,org.eclipse.paho.mqttv5.client.logging,JSR47Logger,Unutilized Abstraction
paho.mqtt.java-1.2.2,org.eclipse.paho.mqttv5.client.logging,JSR47Logger,Insufficient Modularization
paho.mqtt.java-1.2.2,org.eclipse.paho.mqttv5.client.logging,LoggerFactory,Deficient Encapsulation
paho.mqtt.java-1.2.2,org.eclipse.paho.mqttv5.client.persist,PersistenceFileFilter,Unutilized Abstraction
paho.mqtt.java-1.2.2,org.eclipse.paho.mqttv5.client.persist,PersistenceFileNameFilter,Unutilized Abstraction
paho.mqtt.java-1.2.2,org.eclipse.paho.mqttv5.client.security,SSLSocketFactoryFactory,Deficient Encapsulation
paho.mqtt.java-1.2.2,org.eclipse.paho.mqttv5.client.security,SSLSocketFactoryFactory,Insufficient Modularization
paho.mqtt.java-1.2.2,org.eclipse.paho.mqttv5.client.spi,NetworkModuleFactory,Unutilized Abstraction
paho.mqtt.java-1.2.2,org.eclipse.paho.mqttv5.client.util,Debug,Cyclic-Dependent Modularization
paho.mqtt.java-1.2.2,org.eclipse.paho.mqttv5.client.websocket,ExtendedByteArrayOutputStream,Unutilized Abstraction
paho.mqtt.java-1.2.2,org.eclipse.paho.mqttv5.client.websocket,HandshakeFailedException,Unnecessary Abstraction
paho.mqtt.java-1.2.2,org.eclipse.paho.mqttv5.client.websocket,HandshakeFailedException,Unutilized Abstraction
paho.mqtt.java-1.2.2,org.eclipse.paho.mqttv5.client.websocket,WebSocketFrame,Deficient Encapsulation
paho.mqtt.java-1.2.2,org.eclipse.paho.mqttv5.client.websocket,WebSocketNetworkModuleFactory,Unutilized Abstraction
paho.mqtt.java-1.2.2,org.eclipse.paho.mqttv5.client.websocket,WebSocketSecureNetworkModuleFactory,Unutilized Abstraction
paho.mqtt.java-1.2.2,org.eclipse.paho.mqttv5.client.test,BasicSSLTest,Unutilized Abstraction
paho.mqtt.java-1.2.2,org.eclipse.paho.mqttv5.client.test,BasicTest,Unutilized Abstraction
paho.mqtt.java-1.2.2,org.eclipse.paho.mqttv5.client.test,ClientIdTest,Unutilized Abstraction
paho.mqtt.java-1.2.2,org.eclipse.paho.mqttv5.client.test,PersistenceTests,Unutilized Abstraction
paho.mqtt.java-1.2.2,org.eclipse.paho.mqttv5.client.test,PublishTests,Unutilized Abstraction
paho.mqtt.java-1.2.2,org.eclipse.paho.mqttv5.client.test,SendReceiveAsyncTest,Unutilized Abstraction
paho.mqtt.java-1.2.2,org.eclipse.paho.mqttv5.client.test,ServerAssignedClientIdentifierTest,Unutilized Abstraction
paho.mqtt.java-1.2.2,org.eclipse.paho.mqttv5.client.test.automaticReconnect,AutomaticReconnectTest,Unutilized Abstraction
paho.mqtt.java-1.2.2,org.eclipse.paho.mqttv5.client.test.automaticReconnect,OfflineBufferingTest,Unutilized Abstraction
paho.mqtt.java-1.2.2,org.eclipse.paho.mqttv5.client.test.automaticReconnect,TopicAliasReconnectTest,Unutilized Abstraction
paho.mqtt.java-1.2.2,org.eclipse.paho.mqttv5.client.test.client,MqttAsyncClientPaho,Unutilized Abstraction
paho.mqtt.java-1.2.2,org.eclipse.paho.mqttv5.client.test.client,MqttClientPaho,Unutilized Abstraction
paho.mqtt.java-1.2.2,org.eclipse.paho.mqttv5.client.test.connectionLoss,ConnectionLossTest,Unutilized Abstraction
paho.mqtt.java-1.2.2,org.eclipse.paho.mqttv5.client.test.connectionLoss,ConnectionLossTest,Insufficient Modularization
paho.mqtt.java-1.2.2,org.eclipse.paho.mqttv5.client.test.logging,ConsoleHandler,Unutilized Abstraction
paho.mqtt.java-1.2.2,org.eclipse.paho.mqttv5.client.test.logging,DetailFormatter,Unutilized Abstraction
paho.mqtt.java-1.2.2,org.eclipse.paho.mqttv5.client.test.logging,HumanFormatter,Unutilized Abstraction
paho.mqtt.java-1.2.2,org.eclipse.paho.mqttv5.client.test.logging,LoggingUtilities,Deficient Encapsulation
paho.mqtt.java-1.2.2,org.eclipse.paho.mqttv5.client.test.logging,TraceFormatter,Unutilized Abstraction
paho.mqtt.java-1.2.2,org.eclipse.paho.mqttv5.client.test.properties,TestProperties,Deficient Encapsulation
paho.mqtt.java-1.2.2,org.eclipse.paho.mqttv5.client.test.utilities,MqttV5Receiver,Deficient Encapsulation
paho.mqtt.java-1.2.2,org.eclipse.paho.mqttv5.client.test.utilities,ReceivedMessage,Deficient Encapsulation
paho.mqtt.java-1.2.2,org.eclipse.paho.mqttv5.client.test.utilities,StringUtilities,Deficient Encapsulation
paho.mqtt.java-1.2.2,org.eclipse.paho.mqttv5.common,MqttException,Deficient Encapsulation
paho.mqtt.java-1.2.2,org.eclipse.paho.mqttv5.common,MqttException,Cyclic-Dependent Modularization
paho.mqtt.java-1.2.2,org.eclipse.paho.mqttv5.common,MqttMessage,Insufficient Modularization
paho.mqtt.java-1.2.2,org.eclipse.paho.mqttv5.common,MqttPersistenceException,Unutilized Abstraction
paho.mqtt.java-1.2.2,org.eclipse.paho.mqttv5.common,MqttPersistenceException,Deficient Encapsulation
paho.mqtt.java-1.2.2,org.eclipse.paho.mqttv5.common,MqttPersistenceException,Broken Hierarchy
paho.mqtt.java-1.2.2,org.eclipse.paho.mqttv5.common,MqttSecurityException,Unutilized Abstraction
paho.mqtt.java-1.2.2,org.eclipse.paho.mqttv5.common,MqttSecurityException,Broken Hierarchy
paho.mqtt.java-1.2.2,org.eclipse.paho.mqttv5.common,MqttDataTypesTest,Insufficient Modularization
paho.mqtt.java-1.2.2,org.eclipse.paho.mqttv5.common.packet,MqttAck,Unutilized Abstraction
paho.mqtt.java-1.2.2,org.eclipse.paho.mqttv5.common.packet,MqttAck,Broken Hierarchy
paho.mqtt.java-1.2.2,org.eclipse.paho.mqttv5.common.packet,MqttConnAck,Deficient Encapsulation
paho.mqtt.java-1.2.2,org.eclipse.paho.mqttv5.common.packet,MqttConnAck,Broken Hierarchy
paho.mqtt.java-1.2.2,org.eclipse.paho.mqttv5.common.packet,MqttConnect,Deficient Encapsulation
paho.mqtt.java-1.2.2,org.eclipse.paho.mqttv5.common.packet,MqttConnect,Insufficient Modularization
paho.mqtt.java-1.2.2,org.eclipse.paho.mqttv5.common.packet,MqttDataTypes,Deficient Encapsulation
paho.mqtt.java-1.2.2,org.eclipse.paho.mqttv5.common.packet,MqttDataTypes,Cyclic-Dependent Modularization
paho.mqtt.java-1.2.2,org.eclipse.paho.mqttv5.common.packet,MqttDisconnect,Deficient Encapsulation
paho.mqtt.java-1.2.2,org.eclipse.paho.mqttv5.common.packet,MqttDisconnect,Cyclic-Dependent Modularization
paho.mqtt.java-1.2.2,org.eclipse.paho.mqttv5.common.packet,MqttPacketException,Deficient Encapsulation
paho.mqtt.java-1.2.2,org.eclipse.paho.mqttv5.common.packet,MqttPersistableWireMessage,Unutilized Abstraction
paho.mqtt.java-1.2.2,org.eclipse.paho.mqttv5.common.packet,MqttPersistableWireMessage,Broken Hierarchy
paho.mqtt.java-1.2.2,org.eclipse.paho.mqttv5.common.packet,MqttPingReq,Deficient Encapsulation
paho.mqtt.java-1.2.2,org.eclipse.paho.mqttv5.common.packet,MqttPingResp,Deficient Encapsulation
paho.mqtt.java-1.2.2,org.eclipse.paho.mqttv5.common.packet,MqttPingResp,Broken Hierarchy
paho.mqtt.java-1.2.2,org.eclipse.paho.mqttv5.common.packet,MqttProperties,Deficient Encapsulation
paho.mqtt.java-1.2.2,org.eclipse.paho.mqttv5.common.packet,MqttProperties,Cyclic-Dependent Modularization
paho.mqtt.java-1.2.2,org.eclipse.paho.mqttv5.common.packet,MqttProperties,Insufficient Modularization
paho.mqtt.java-1.2.2,org.eclipse.paho.mqttv5.common.packet,MqttPubAck,Broken Hierarchy
paho.mqtt.java-1.2.2,org.eclipse.paho.mqttv5.common.packet,MqttPubComp,Broken Hierarchy
paho.mqtt.java-1.2.2,org.eclipse.paho.mqttv5.common.packet,MqttPubRec,Broken Hierarchy
paho.mqtt.java-1.2.2,org.eclipse.paho.mqttv5.common.packet,MqttPubRel,Unutilized Abstraction
paho.mqtt.java-1.2.2,org.eclipse.paho.mqttv5.common.packet,MqttPubRel,Broken Hierarchy
paho.mqtt.java-1.2.2,org.eclipse.paho.mqttv5.common.packet,MqttPublish,Unutilized Abstraction
paho.mqtt.java-1.2.2,org.eclipse.paho.mqttv5.common.packet,MqttReceivedMessage,Unutilized Abstraction
paho.mqtt.java-1.2.2,org.eclipse.paho.mqttv5.common.packet,MqttReturnCode,Deficient Encapsulation
paho.mqtt.java-1.2.2,org.eclipse.paho.mqttv5.common.packet,MqttSubAck,Broken Hierarchy
paho.mqtt.java-1.2.2,org.eclipse.paho.mqttv5.common.packet,MqttSubscribe,Unutilized Abstraction
paho.mqtt.java-1.2.2,org.eclipse.paho.mqttv5.common.packet,MqttSubscribe,Broken Hierarchy
paho.mqtt.java-1.2.2,org.eclipse.paho.mqttv5.common.packet,MqttUnsubAck,Broken Hierarchy
paho.mqtt.java-1.2.2,org.eclipse.paho.mqttv5.common.packet,MqttUnsubscribe,Unutilized Abstraction
paho.mqtt.java-1.2.2,org.eclipse.paho.mqttv5.common.packet,MqttUnsubscribe,Broken Hierarchy
paho.mqtt.java-1.2.2,org.eclipse.paho.mqttv5.common.packet,MqttWireMessage,Deficient Encapsulation
paho.mqtt.java-1.2.2,org.eclipse.paho.mqttv5.common.packet,MqttWireMessage,Cyclic-Dependent Modularization
paho.mqtt.java-1.2.2,org.eclipse.paho.mqttv5.common.packet,MqttWireMessage,Insufficient Modularization
paho.mqtt.java-1.2.2,org.eclipse.paho.mqttv5.common.packet,MqttAuthTest,Unutilized Abstraction
paho.mqtt.java-1.2.2,org.eclipse.paho.mqttv5.common.packet,MqttConnAckTest,Unutilized Abstraction
paho.mqtt.java-1.2.2,org.eclipse.paho.mqttv5.common.packet,MqttConnectTest,Unutilized Abstraction
paho.mqtt.java-1.2.2,org.eclipse.paho.mqttv5.common.packet,MqttDisconnectTest,Unutilized Abstraction
paho.mqtt.java-1.2.2,org.eclipse.paho.mqttv5.common.packet,MqttPingReqTest,Unutilized Abstraction
paho.mqtt.java-1.2.2,org.eclipse.paho.mqttv5.common.packet,MqttPingRespTest,Unutilized Abstraction
paho.mqtt.java-1.2.2,org.eclipse.paho.mqttv5.common.packet,MqttPropertiesTest,Unutilized Abstraction
paho.mqtt.java-1.2.2,org.eclipse.paho.mqttv5.common.packet,MqttPubAckTest,Unutilized Abstraction
paho.mqtt.java-1.2.2,org.eclipse.paho.mqttv5.common.packet,MqttPubCompTest,Unutilized Abstraction
paho.mqtt.java-1.2.2,org.eclipse.paho.mqttv5.common.packet,MqttPubRecTest,Unutilized Abstraction
paho.mqtt.java-1.2.2,org.eclipse.paho.mqttv5.common.packet,MqttPubRelTest,Unutilized Abstraction
paho.mqtt.java-1.2.2,org.eclipse.paho.mqttv5.common.packet,MqttPublishTest,Unutilized Abstraction
paho.mqtt.java-1.2.2,org.eclipse.paho.mqttv5.common.packet,MqttSubAckTest,Unutilized Abstraction
paho.mqtt.java-1.2.2,org.eclipse.paho.mqttv5.common.packet,MqttSubscribeTest,Unutilized Abstraction
paho.mqtt.java-1.2.2,org.eclipse.paho.mqttv5.common.packet,MqttUnsubAckTest,Unutilized Abstraction
paho.mqtt.java-1.2.2,org.eclipse.paho.mqttv5.common.packet,MqttUnsubscribeTest,Unutilized Abstraction
paho.mqtt.java-1.2.2,org.eclipse.paho.mqttv5.common.packet.util,VariableByteInteger,Unutilized Abstraction
paho.mqtt.java-1.2.2,org.eclipse.paho.mqttv5.common.util,MqttTopicValidator,Deficient Encapsulation
paho.mqtt.java-1.2.2,org.eclipse.paho.mqttv5.common.utils,MqttTopicTest,Unutilized Abstraction
paho.mqtt.java-1.2.2,org.eclipse.paho.mqttv5.common.utils,StringValidationTest,Unutilized Abstraction
paho.mqtt.java-1.2.2,org.eclipse.paho.sample.mqttclient,App,Imperative Abstraction
paho.mqtt.java-1.2.2,org.eclipse.paho.sample.mqttclient,App,Unutilized Abstraction
paho.mqtt.java-1.2.2,org.eclipse.paho.sample.mqttv3app,SampleAsyncCallBack,Insufficient Modularization
paho.mqtt.java-1.2.2,org.eclipse.paho.sample.utility,ConnOpts,Cyclic-Dependent Modularization
paho.mqtt.java-1.2.2,org.eclipse.paho.sample.utility,LED,Deficient Encapsulation
paho.mqtt.java-1.2.2,org.eclipse.paho.sample.utility,Colours,Deficient Encapsulation
paho.mqtt.java-1.2.2,org.eclipse.paho.sample.utility,MQTTFrame,Cyclic-Dependent Modularization
paho.mqtt.java-1.2.2,org.eclipse.paho.sample.utility,MQTTFrame,Insufficient Modularization
paho.mqtt.java-1.2.2,org.eclipse.paho.sample.utility,MQTTHist,Cyclic-Dependent Modularization
paho.mqtt.java-1.2.2,org.eclipse.paho.sample.utility,PubPanel,Cyclic-Dependent Modularization
paho.mqtt.java-1.2.2,org.eclipse.paho.sample.utility,SubPanel,Cyclic-Dependent Modularization
